artifact_fidelity_jsd,artifact_mia_mean_only_auc,artifact_mia_mean_variance_auc,client_task_accuracy_mean,client_task_accuracy_worst,communication_bytes_per_client_artifact,config_sha256,deletion_auc,experiment,insertion_auc,method,n_eval_explanations,pairwise_edi,reference_edi,run_dir,sample_fidelity_jsd,scenario,seed,task_accuracy,topk_oracle_overlap
0.23965454650601753,0.57257080078125,0.54339599609375,0.9595234691839127,0.9008620689655172,3880.0,e474371640ed8fbb639d4dcfba7caff33add38de63b3f71959757a8bda5f1cf9,0.15665923206759846,sensitivity_ncsacpa_power_3p0,0.8856528068274505,cluster,192,0.2803325322068978,0.08326586454490997,/mnt/data/fl_alltiers_audit/outputs/sensitivity_ncsacpa_power_3p0/sensitivity_ncsacpa_power_3p0__seed9101__20261005-223816__fd4524a7,0.14354613821148668,clean,9101,0.9492,0.764404296875
0.17731416798514474,0.57257080078125,0.54339599609375,0.9595234691839127,0.9008620689655172,3880.0,e474371640ed8fbb639d4dcfba7caff33add38de63b3f71959757a8bda5f1cf9,0.22245094042860103,sensitivity_ncsacpa_power_3p0,0.8483556108607444,fedattr_mean,192,0.0,1.242008085290753e-17,/mnt/data/fl_alltiers_audit/outputs/sensitivity_ncsacpa_power_3p0/sensitivity_ncsacpa_power_3p0__seed9101__20261005-223816__fd4524a7,0.28669288457643316,clean,9101,0.9492,0.5159098307291667
0.282023306101716,0.57257080078125,0.54339599609375,0.9595234691839127,0.9008620689655172,0.0,e474371640ed8fbb639d4dcfba7caff33add38de63b3f71959757a8bda5f1cf9,0.15462432798203735,sensitivity_ncsacpa_power_3p0,0.8871253028477895,local,192,0.3717410209434218,0.23912189832121417,/mnt/data/fl_alltiers_audit/outputs/sensitivity_ncsacpa_power_3p0/sensitivity_ncsacpa_power_3p0__seed9101__20261005-223816__fd4524a7,0.12852375732574475,clean,9101,0.9492,0.8314615885416667
0.19621825228418685,0.57257080078125,0.54339599609375,0.9595234691839127,0.9008620689655172,3880.0,e474371640ed8fbb639d4dcfba7caff33add38de63b3f71959757a8bda5f1cf9,0.18032798074333795,sensitivity_ncsacpa_power_3p0,0.869451460270587,nc_sacpa,192,0.14868928027173076,0.007374618315841137,/mnt/data/fl_alltiers_audit/outputs/sensitivity_ncsacpa_power_3p0/sensitivity_ncsacpa_power_3p0__seed9101__20261005-223816__fd4524a7,0.23077595975955695,clean,9101,0.9492,0.59033203125
0.18353445801584253,0.57257080078125,0.54339599609375,0.9595234691839127,0.9008620689655172,3880.0,e474371640ed8fbb639d4dcfba7caff33add38de63b3f71959757a8bda5f1cf9,0.17396372648123964,sensitivity_ncsacpa_power_3p0,0.8751046613819805,sacpa_global_count,192,0.07126666790557264,0.03735448233966695,/mnt/data/fl_alltiers_audit/outputs/sensitivity_ncsacpa_power_3p0/sensitivity_ncsacpa_power_3p0__seed9101__20261005-223816__fd4524a7,0.20294825928946159,clean,9101,0.9492,0.6350504557291666
0.2819442215475232,0.57257080078125,0.54339599609375,0.9595234691839127,0.9008620689655172,9000.0,e474371640ed8fbb639d4dcfba7caff33add38de63b3f71959757a8bda5f1cf9,0.15949346102091416,sensitivity_ncsacpa_power_3p0,0.8840987719089906,ucpa,192,0.3715488432865659,2.1620522454190248e-05,/mnt/data/fl_alltiers_audit/outputs/sensitivity_ncsacpa_power_3p0/sensitivity_ncsacpa_power_3p0__seed9101__20261005-223816__fd4524a7,0.14963664555586625,clean,9101,0.9492,0.7385660807291667
0.27261594632673136,0.57257080078125,0.54339599609375,0.9595234691839127,0.9008620689655172,9000.0,e474371640ed8fbb639d4dcfba7caff33add38de63b3f71959757a8bda5f1cf9,0.15956074436344353,sensitivity_ncsacpa_power_3p0,0.8843312187022851,ucpa_coord_only,192,0.35119080764682714,0.013219391063651963,/mnt/data/fl_alltiers_audit/outputs/sensitivity_ncsacpa_power_3p0/sensitivity_ncsacpa_power_3p0__seed9101__20261005-223816__fd4524a7,0.1485926336062996,clean,9101,0.9492,0.7349853515625
0.28158275974912306,0.57257080078125,0.54339599609375,0.9595234691839127,0.9008620689655172,9000.0,e474371640ed8fbb639d4dcfba7caff33add38de63b3f71959757a8bda5f1cf9,0.15941735216735348,sensitivity_ncsacpa_power_3p0,0.8841856515227997,ucpa_whole_only,192,0.3710511664163586,9.10984072933688e-05,/mnt/data/fl_alltiers_audit/outputs/sensitivity_ncsacpa_power_3p0/sensitivity_ncsacpa_power_3p0__seed9101__20261005-223816__fd4524a7,0.1495748019625483,clean,9101,0.9492,0.7383219401041667
0.25151925056759783,0.57257080078125,0.54339599609375,0.9595234691839127,0.9008620689655172,3880.0,e474371640ed8fbb639d4dcfba7caff33add38de63b3f71959757a8bda5f1cf9,0.1583510742414243,sensitivity_ncsacpa_power_3p0,0.8851320243678855,xfedalign_median,192,0.2516741447313263,0.18022814062851333,/mnt/data/fl_alltiers_audit/outputs/sensitivity_ncsacpa_power_3p0/sensitivity_ncsacpa_power_3p0__seed9101__20261005-223816__fd4524a7,0.14592968838009002,clean,9101,0.9492,0.7637532552083333
0.2366440727861142,0.534149169921875,0.510589599609375,0.9354723506399607,0.8211143695014663,3880.0,e474371640ed8fbb639d4dcfba7caff33add38de63b3f71959757a8bda5f1cf9,0.15953014090370443,sensitivity_ncsacpa_power_3p0,0.883175553344093,cluster,192,0.2848783970092391,0.08493676881668116,/mnt/data/fl_alltiers_audit/outputs/sensitivity_ncsacpa_power_3p0/sensitivity_ncsacpa_power_3p0__seed9103__20261005-230422__334d217f,0.1456399174241505,clean,9103,0.9575,0.7659505208333333
0.17574623514455454,0.534149169921875,0.510589599609375,0.9354723506399607,0.8211143695014663,3880.0,e474371640ed8fbb639d4dcfba7caff33add38de63b3f71959757a8bda5f1cf9,0.2220950978658967,sensitivity_ncsacpa_power_3p0,0.8476354848700188,fedattr_mean,192,0.0,2.1042848140171885e-17,/mnt/data/fl_alltiers_audit/outputs/sensitivity_ncsacpa_power_3p0/sensitivity_ncsacpa_power_3p0__seed9103__20261005-230422__334d217f,0.29356149374953944,clean,9103,0.9575,0.49971516927083337
0.2815509867711701,0.534149169921875,0.510589599609375,0.9354723506399607,0.8211143695014663,0.0,e474371640ed8fbb639d4dcfba7caff33add38de63b3f71959757a8bda5f1cf9,0.15839002244635292,sensitivity_ncsacpa_power_3p0,0.8844408576100251,local,192,0.37890848402800387,0.24027233605329548,/mnt/data/fl_alltiers_audit/outputs/sensitivity_ncsacpa_power_3p0/sensitivity_ncsacpa_power_3p0__seed9103__20261005-230422__334d217f,0.12684719160540853,clean,9103,0.9575,0.8369547526041667
0.1944459680278891,0.534149169921875,0.510589599609375,0.9354723506399607,0.8211143695014663,3880.0,e474371640ed8fbb639d4dcfba7caff33add38de63b3f71959757a8bda5f1cf9,0.18506510145343782,sensitivity_ncsacpa_power_3p0,0.8723275848116221,nc_sacpa,192,0.14494108121463953,0.007497253231731037,/mnt/data/fl_alltiers_audit/outputs/sensitivity_ncsacpa_power_3p0/sensitivity_ncsacpa_power_3p0__seed9103__20261005-230422__334d217f,0.22993605974582754,clean,9103,0.9575,0.5917154947916667
0.18380836338658194,0.534149169921875,0.510589599609375,0.9354723506399607,0.8211143695014663,3880.0,e474371640ed8fbb639d4dcfba7caff33add38de63b3f71959757a8bda5f1cf9,0.17447857307994735,sensitivity_ncsacpa_power_3p0,0.8754298111727015,sacpa_global_count,192,0.07295845966819181,0.038301387752902906,/mnt/data/fl_alltiers_audit/outputs/sensitivity_ncsacpa_power_3p0/sensitivity_ncsacpa_power_3p0__seed9103__20261005-230422__334d217f,0.20565766827430998,clean,9103,0.9575,0.63134765625
0.2814806959544419,0.534149169921875,0.510589599609375,0.9354723506399607,0.8211143695014663,9000.0,e474371640ed8fbb639d4dcfba7caff33add38de63b3f71959757a8bda5f1cf9,0.1614908099647437,sensitivity_ncsacpa_power_3p0,0.8822690451556507,ucpa,192,0.37880316055569135,1.1367080298455036e-05,/mnt/data/fl_alltiers_audit/outputs/sensitivity_ncsacpa_power_3p0/sensitivity_ncsacpa_power_3p0__seed9103__20261005-230422__334d217f,0.14841581858846165,clean,9103,0.9575,0.7428792317708334
0.26980716481901856,0.534149169921875,0.510589599609375,0.9354723506399607,0.8211143695014663,9000.0,e474371640ed8fbb639d4dcfba7caff33add38de63b3f71959757a8bda5f1cf9,0.16176266100689343,sensitivity_ncsacpa_power_3p0,0.8828449136571483,ucpa_coord_only,192,0.355269997796724,0.017221989205989944,/mnt/data/fl_alltiers_audit/outputs/sensitivity_ncsacpa_power_3p0/sensitivity_ncsacpa_power_3p0__seed9103__20261005-230422__334d217f,0.14724650652996907,clean,9103,0.9575,0.7394205729166667
0.28113347559767465,0.534149169921875,0.510589599609375,0.9354723506399607,0.8211143695014663,9000.0,e474371640ed8fbb639d4dcfba7caff33add38de63b3f71959757a8bda5f1cf9,0.16149568221468752,sensitivity_ncsacpa_power_3p0,0.8822726580838207,ucpa_whole_only,192,0.3783032095720416,8.5390431566293e-05,/mnt/data/fl_alltiers_audit/outputs/sensitivity_ncsacpa_power_3p0/sensitivity_ncsacpa_power_3p0__seed9103__20261005-230422__334d217f,0.14835714905037384,clean,9103,0.9575,0.7426350911458334
0.24948967895774227,0.534149169921875,0.510589599609375,0.9354723506399607,0.8211143695014663,3880.0,e474371640ed8fbb639d4dcfba7caff33add38de63b3f71959757a8bda5f1cf9,0.16057467396870684,sensitivity_ncsacpa_power_3p0,0.8843738107834118,xfedalign_median,192,0.25472398147122927,0.17207856511511652,/mnt/data/fl_alltiers_audit/outputs/sensitivity_ncsacpa_power_3p0/sensitivity_ncsacpa_power_3p0__seed9103__20261005-230422__334d217f,0.14356331458261617,clean,9103,0.9575,0.7626953125
0.22886883138099795,0.57171630859375,0.568359375,0.9537549522016767,0.9204152249134948,3880.0,e474371640ed8fbb639d4dcfba7caff33add38de63b3f71959757a8bda5f1cf9,0.16470869370141372,sensitivity_ncsacpa_power_3p0,0.8876159272996257,cluster,192,0.2819885897797293,0.0972348611142863,/mnt/data/fl_alltiers_audit/outputs/sensitivity_ncsacpa_power_3p0/sensitivity_ncsacpa_power_3p0__seed9105__20261005-233042__6113d203,0.14087787628527332,clean,9105,0.9692,0.7805989583333333
0.17410580906758816,0.57171630859375,0.568359375,0.9537549522016767,0.9204152249134948,3880.0,e474371640ed8fbb639d4dcfba7caff33add38de63b3f71959757a8bda5f1cf9,0.23371651019986645,sensitivity_ncsacpa_power_3p0,0.8458811849268083,fedattr_mean,192,0.0,1.689832128806763e-17,/mnt/data/fl_alltiers_audit/outputs/sensitivity_ncsacpa_power_3p0/sensitivity_ncsacpa_power_3p0__seed9105__20261005-233042__6113d203,0.292978857206025,clean,9105,0.9692,0.5186767578125
0.27839839338861566,0.57171630859375,0.568359375,0.9537549522016767,0.9204152249134948,0.0,e474371640ed8fbb639d4dcfba7caff33add38de63b3f71959757a8bda5f1cf9,0.16184060547275295,sensitivity_ncsacpa_power_3p0,0.88868227193697,local,192,0.39969831391975247,0.24976964183658326,/mnt/data/fl_alltiers_audit/outputs/sensitivity_ncsacpa_power_3p0/sensitivity_ncsacpa_power_3p0__seed9105__20261005-233042__6113d203,0.12675596725889082,clean,9105,0.9692,0.8404947916666666
0.18759459067467144,0.57171630859375,0.568359375,0.9537549522016767,0.9204152249134948,3880.0,e474371640ed8fbb639d4dcfba7caff33add38de63b3f71959757a8bda5f1cf9,0.18814358915628496,sensitivity_ncsacpa_power_3p0,0.8749670637832649,nc_sacpa,192,0.15492592992903897,0.008030705219902802,/mnt/data/fl_alltiers_audit/outputs/sensitivity_ncsacpa_power_3p0/sensitivity_ncsacpa_power_3p0__seed9105__20261005-233042__6113d203,0.22642604884431883,clean,9105,0.9692,0.6075032552083334
0.18655708330598236,0.57171630859375,0.568359375,0.9537549522016767,0.9204152249134948,3880.0,e474371640ed8fbb639d4dcfba7caff33add38de63b3f71959757a8bda5f1cf9,0.18428161477234728,sensitivity_ncsacpa_power_3p0,0.878569768698596,sacpa_global_count,192,0.07900392867849436,0.04135521678800253,/mnt/data/fl_alltiers_audit/outputs/sensitivity_ncsacpa_power_3p0/sensitivity_ncsacpa_power_3p0__seed9105__20261005-233042__6113d203,0.20958867461103592,clean,9105,0.9692,0.6332194010416666
0.2783435251168248,0.57171630859375,0.568359375,0.9537549522016767,0.9204152249134948,9000.0,e474371640ed8fbb639d4dcfba7caff33add38de63b3f71959757a8bda5f1cf9,0.16689031686625339,sensitivity_ncsacpa_power_3p0,0.8860754697301995,ucpa,192,0.3996222512014024,8.843942349957544e-06,/mnt/data/fl_alltiers_audit/outputs/sensitivity_ncsacpa_power_3p0/sensitivity_ncsacpa_power_3p0__seed9105__20261005-233042__6113d203,0.14712241802765058,clean,9105,0.9692,0.7462158203125
0.26739084597762386,0.57171630859375,0.568359375,0.9537549522016767,0.9204152249134948,9000.0,e474371640ed8fbb639d4dcfba7caff33add38de63b3f71959757a8bda5f1cf9,0.1659413365481972,sensitivity_ncsacpa_power_3p0,0.8862007434656306,ucpa_coord_only,192,0.37649615599356806,0.01816169996606296,/mnt/data/fl_alltiers_audit/outputs/sensitivity_ncsacpa_power_3p0/sensitivity_ncsacpa_power_3p0__seed9105__20261005-233042__6113d203,0.14598282552435704,clean,9105,0.9692,0.7420654296875
0.27806951767431815,0.57171630859375,0.568359375,0.9537549522016767,0.9204152249134948,9000.0,e474371640ed8fbb639d4dcfba7caff33add38de63b3f71959757a8bda5f1cf9,0.16686575884771931,sensitivity_ncsacpa_power_3p0,0.8860430169937615,ucpa_whole_only,192,0.39930586791951267,5.808774692161713e-05,/mnt/data/fl_alltiers_audit/outputs/sensitivity_ncsacpa_power_3p0/sensitivity_ncsacpa_power_3p0__seed9105__20261005-233042__6113d203,0.14706818808605907,clean,9105,0.9692,0.7458902994791667
0.24693260046034066,0.57171630859375,0.568359375,0.9537549522016767,0.9204152249134948,3880.0,e474371640ed8fbb639d4dcfba7caff33add38de63b3f71959757a8bda5f1cf9,0.16686371935008232,sensitivity_ncsacpa_power_3p0,0.8864881989428832,xfedalign_median,192,0.26805636091538926,0.18035346764806032,/mnt/data/fl_alltiers_audit/outputs/sensitivity_ncsacpa_power_3p0/sensitivity_ncsacpa_power_3p0__seed9105__20261005-233042__6113d203,0.14361674555424697,clean,9105,0.9692,0.7720540364583334
0.22526543902812984,0.5418701171875,0.534393310546875,0.9546287084885665,0.9027777777777778,3880.0,e474371640ed8fbb639d4dcfba7caff33add38de63b3f71959757a8bda5f1cf9,0.16189955483317436,sensitivity_ncsacpa_power_3p0,0.8981354729334271,cluster,192,0.2835291716520836,0.08220818923395966,/mnt/data/fl_alltiers_audit/outputs/sensitivity_ncsacpa_power_3p0/sensitivity_ncsacpa_power_3p0__seed9102__20261005-225124__f294f0dd,0.13763863636916593,clean,9102,0.9725,0.7654622395833334
0.15266164072228275,0.5418701171875,0.534393310546875,0.9546287084885665,0.9027777777777778,3880.0,e474371640ed8fbb639d4dcfba7caff33add38de63b3f71959757a8bda5f1cf9,0.21125415004905035,sensitivity_ncsacpa_power_3p0,0.8687237994108727,fedattr_mean,192,0.0,1.976755699931275e-17,/mnt/data/fl_alltiers_audit/outputs/sensitivity_ncsacpa_power_3p0/sensitivity_ncsacpa_power_3p0__seed9102__20261005-225124__f294f0dd,0.2739394153697019,clean,9102,0.9725,0.5348714192708334
0.2705430676057753,0.5418701171875,0.534393310546875,0.9546287084885665,0.9027777777777778,0.0,e474371640ed8fbb639d4dcfba7caff33add38de63b3f71959757a8bda5f1cf9,0.16014369611348228,sensitivity_ncsacpa_power_3p0,0.8984286420036369,local,192,0.3846317580937864,0.23540308225957074,/mnt/data/fl_alltiers_audit/outputs/sensitivity_ncsacpa_power_3p0/sensitivity_ncsacpa_power_3p0__seed9102__20261005-225124__f294f0dd,0.12114774844123295,clean,9102,0.9725,0.8388671875
0.18269734229009257,0.5418701171875,0.534393310546875,0.9546287084885665,0.9027777777777778,3880.0,e474371640ed8fbb639d4dcfba7caff33add38de63b3f71959757a8bda5f1cf9,0.17903134550856523,sensitivity_ncsacpa_power_3p0,0.8857922849684352,nc_sacpa,192,0.1539949398827472,0.007519059041113484,/mnt/data/fl_alltiers_audit/outputs/sensitivity_ncsacpa_power_3p0/sensitivity_ncsacpa_power_3p0__seed9102__20261005-225124__f294f0dd,0.2255356276570261,clean,9102,0.9725,0.6006266276041666
0.1609298719799706,0.5418701171875,0.534393310546875,0.9546287084885665,0.9027777777777778,3880.0,e474371640ed8fbb639d4dcfba7caff33add38de63b3f71959757a8bda5f1cf9,0.17208303236283579,sensitivity_ncsacpa_power_3p0,0.8912408859173107,sacpa_global_count,192,0.07179764815503277,0.036676906736102945,/mnt/data/fl_alltiers_audit/outputs/sensitivity_ncsacpa_power_3p0/sensitivity_ncsacpa_power_3p0__seed9102__20261005-225124__f294f0dd,0.19293379317091403,clean,9102,0.9725,0.6566569010416666
0.27045293562573713,0.5418701171875,0.534393310546875,0.9546287084885665,0.9027777777777778,9000.0,e474371640ed8fbb639d4dcfba7caff33add38de63b3f71959757a8bda5f1cf9,0.1620221195597272,sensitivity_ncsacpa_power_3p0,0.895690748135227,ucpa,192,0.3845317104927312,1.2776250680329101e-05,/mnt/data/fl_alltiers_audit/outputs/sensitivity_ncsacpa_power_3p0/sensitivity_ncsacpa_power_3p0__seed9102__20261005-225124__f294f0dd,0.1423181465401139,clean,9102,0.9725,0.7451578776041667
0.25881404138614383,0.5418701171875,0.534393310546875,0.9546287084885665,0.9027777777777778,9000.0,e474371640ed8fbb639d4dcfba7caff33add38de63b3f71959757a8bda5f1cf9,0.16225667844370645,sensitivity_ncsacpa_power_3p0,0.8961582843994014,ucpa_coord_only,192,0.36213090693618893,0.01695191440023966,/mnt/data/fl_alltiers_audit/outputs/sensitivity_ncsacpa_power_3p0/sensitivity_ncsacpa_power_3p0__seed9102__20261005-225124__f294f0dd,0.14135936997708545,clean,9102,0.9725,0.740234375
0.2699912375137446,0.5418701171875,0.534393310546875,0.9546287084885665,0.9027777777777778,9000.0,e474371640ed8fbb639d4dcfba7caff33add38de63b3f71959757a8bda5f1cf9,0.16204888383948252,sensitivity_ncsacpa_power_3p0,0.8956292380025237,ucpa_whole_only,192,0.38402137508910295,9.860840671599071e-05,/mnt/data/fl_alltiers_audit/outputs/sensitivity_ncsacpa_power_3p0/sensitivity_ncsacpa_power_3p0__seed9102__20261005-225124__f294f0dd,0.14226962499760498,clean,9102,0.9725,0.7448323567708333
0.2369050677457316,0.5418701171875,0.534393310546875,0.9546287084885665,0.9027777777777778,3880.0,e474371640ed8fbb639d4dcfba7caff33add38de63b3f71959757a8bda5f1cf9,0.16246770774378091,sensitivity_ncsacpa_power_3p0,0.89811845524758,xfedalign_median,192,0.2551642158396884,0.16480440934213927,/mnt/data/fl_alltiers_audit/outputs/sensitivity_ncsacpa_power_3p0/sensitivity_ncsacpa_power_3p0__seed9102__20261005-225124__f294f0dd,0.1364737637541962,clean,9102,0.9725,0.7694905598958334
0.2350126823304013,0.574127197265625,0.558319091796875,0.9460458784114083,0.8960244648318043,3880.0,e474371640ed8fbb639d4dcfba7caff33add38de63b3f71959757a8bda5f1cf9,0.15260673695823546,sensitivity_ncsacpa_power_3p0,0.876502858443564,cluster,192,0.27703709435526247,0.07955626740998997,/mnt/data/fl_alltiers_audit/outputs/sensitivity_ncsacpa_power_3p0/sensitivity_ncsacpa_power_3p0__seed9104__20261005-231718__0e73e685,0.14411328183145103,clean,9104,0.9573,0.7636311848958333
0.17758408712243248,0.574127197265625,0.558319091796875,0.9460458784114083,0.8960244648318043,3880.0,e474371640ed8fbb639d4dcfba7caff33add38de63b3f71959757a8bda5f1cf9,0.20158053565176792,sensitivity_ncsacpa_power_3p0,0.8525308326232031,fedattr_mean,192,0.0,1.590030229720148e-17,/mnt/data/fl_alltiers_audit/outputs/sensitivity_ncsacpa_power_3p0/sensitivity_ncsacpa_power_3p0__seed9104__20261005-231718__0e73e685,0.28262304738125793,clean,9104,0.9573,0.5211181640625
0.2790760050950427,0.574127197265625,0.558319091796875,0.9460458784114083,0.8960244648318043,0.0,e474371640ed8fbb639d4dcfba7caff33add38de63b3f71959757a8bda5f1cf9,0.15127550393954153,sensitivity_ncsacpa_power_3p0,0.8774845155632647,local,192,0.36799040672692157,0.23011139841205389,/mnt/data/fl_alltiers_audit/outputs/sensitivity_ncsacpa_power_3p0/sensitivity_ncsacpa_power_3p0__seed9104__20261005-231718__0e73e685,0.12890974718791365,clean,9104,0.9573,0.8235270182291666
0.19833641246397554,0.574127197265625,0.558319091796875,0.9460458784114083,0.8960244648318043,3880.0,e474371640ed8fbb639d4dcfba7caff33add38de63b3f71959757a8bda5f1cf9,0.17473511510688697,sensitivity_ncsacpa_power_3p0,0.8639037182933558,nc_sacpa,192,0.14277337521933434,0.007214164224333547,/mnt/data/fl_alltiers_audit/outputs/sensitivity_ncsacpa_power_3p0/sensitivity_ncsacpa_power_3p0__seed9104__20261005-231718__0e73e685,0.23132740452348743,clean,9104,0.9573,0.5906982421875
0.18167320221430716,0.574127197265625,0.558319091796875,0.9460458784114083,0.8960244648318043,3880.0,e474371640ed8fbb639d4dcfba7caff33add38de63b3f71959757a8bda5f1cf9,0.16337543662108753,sensitivity_ncsacpa_power_3p0,0.8731616552709359,sacpa_global_count,192,0.06704191441625776,0.03522792623611297,/mnt/data/fl_alltiers_audit/outputs/sensitivity_ncsacpa_power_3p0/sensitivity_ncsacpa_power_3p0__seed9104__20261005-231718__0e73e685,0.19646480956921364,clean,9104,0.9573,0.6429850260416667
0.27899901614280775,0.574127197265625,0.558319091796875,0.9460458784114083,0.8960244648318043,9000.0,e474371640ed8fbb639d4dcfba7caff33add38de63b3f71959757a8bda5f1cf9,0.15469419230066705,sensitivity_ncsacpa_power_3p0,0.8743905683552535,ucpa,192,0.3678789559782536,1.2356326240922157e-05,/mnt/data/fl_alltiers_audit/outputs/sensitivity_ncsacpa_power_3p0/sensitivity_ncsacpa_power_3p0__seed9104__20261005-231718__0e73e685,0.15005418730597012,clean,9104,0.9573,0.7388509114583334
0.269070444469969,0.574127197265625,0.558319091796875,0.9460458784114083,0.8960244648318043,9000.0,e474371640ed8fbb639d4dcfba7caff33add38de63b3f71959757a8bda5f1cf9,0.15444430357420064,sensitivity_ncsacpa_power_3p0,0.8745531493659655,ucpa_coord_only,192,0.34784000715536484,0.013995602483963908,/mnt/data/fl_alltiers_audit/outputs/sensitivity_ncsacpa_power_3p0/sensitivity_ncsacpa_power_3p0__seed9104__20261005-231718__0e73e685,0.14905774599561442,clean,9104,0.9573,0.736083984375
0.2786282247748587,0.574127197265625,0.558319091796875,0.9460458784114083,0.8960244648318043,9000.0,e474371640ed8fbb639d4dcfba7caff33add38de63b3f71959757a8bda5f1cf9,0.15471849001696683,sensitivity_ncsacpa_power_3p0,0.874418771774314,ucpa_whole_only,192,0.3673589893511109,8.374607795640988e-05,/mnt/data/fl_alltiers_audit/outputs/sensitivity_ncsacpa_power_3p0/sensitivity_ncsacpa_power_3p0__seed9104__20261005-231718__0e73e685,0.1500042626746892,clean,9104,0.9573,0.7389322916666667
0.24724645045471938,0.574127197265625,0.558319091796875,0.9460458784114083,0.8960244648318043,3880.0,e474371640ed8fbb639d4dcfba7caff33add38de63b3f71959757a8bda5f1cf9,0.15299062222111387,sensitivity_ncsacpa_power_3p0,0.8776839034506945,xfedalign_median,192,0.24455169680754632,0.16089079835784564,/mnt/data/fl_alltiers_audit/outputs/sensitivity_ncsacpa_power_3p0/sensitivity_ncsacpa_power_3p0__seed9104__20261005-231718__0e73e685,0.14422458727682275,clean,9104,0.9573,0.759765625
0.4340787614910888,0.54730224609375,0.53570556640625,0.9460458784114083,0.8960244648318043,1000.0,365f409472a7c74160d9a4cf5f6facca01dff2ace4b4871d8b4d68e16da5cf81,0.15469991496793228,sweep_mnist_topk_32,0.8741236863657833,cluster,192,0.4307956533249099,0.11449105552652951,/mnt/data/fl_alltiers_audit/outputs/sweep_mnist_topk_32/sweep_mnist_topk_32__seed9104__20261005-103613__f792a3d0,0.15414642822091945,clean,9104,0.9573,0.3938802083333333
0.3230004998447376,0.54730224609375,0.53570556640625,0.9460458784114083,0.8960244648318043,1000.0,365f409472a7c74160d9a4cf5f6facca01dff2ace4b4871d8b4d68e16da5cf81,0.29883905099025776,sweep_mnist_topk_32,0.7802872757946413,fedattr_mean,192,0.0,1.7670854510208974e-17,/mnt/data/fl_alltiers_audit/outputs/sweep_mnist_topk_32/sweep_mnist_topk_32__seed9104__20261005-103613__f792a3d0,0.3799307550252635,clean,9104,0.9573,0.22965494791666669
0.48495015016398324,0.54730224609375,0.53570556640625,0.9460458784114083,0.8960244648318043,0.0,365f409472a7c74160d9a4cf5f6facca01dff2ace4b4871d8b4d68e16da5cf81,0.15127550393954153,sweep_mnist_topk_32,0.8774845155632647,local,192,0.5330969172778133,0.35127586317568904,/mnt/data/fl_alltiers_audit/outputs/sweep_mnist_topk_32/sweep_mnist_topk_32__seed9104__20261005-103613__f792a3d0,0.12890974718791365,clean,9104,0.9573,0.4210611979166667
0.41709447003303085,0.54730224609375,0.53570556640625,0.9460458784114083,0.8960244648318043,1000.0,365f409472a7c74160d9a4cf5f6facca01dff2ace4b4871d8b4d68e16da5cf81,0.15937565416388677,sweep_mnist_topk_32,0.8739566862598925,nc_sacpa,192,0.3180357188024127,0.009242076919466422,/mnt/data/fl_alltiers_audit/outputs/sweep_mnist_topk_32/sweep_mnist_topk_32__seed9104__20261005-103613__f792a3d0,0.3168963693335818,clean,9104,0.9573,0.2674153645833333
0.3785043912930929,0.54730224609375,0.53570556640625,0.9460458784114083,0.8960244648318043,1000.0,365f409472a7c74160d9a4cf5f6facca01dff2ace4b4871d8b4d68e16da5cf81,0.16341649106519374,sweep_mnist_topk_32,0.8683286223230728,sacpa_global_count,192,0.16920726252130025,0.04312967608545114,/mnt/data/fl_alltiers_audit/outputs/sweep_mnist_topk_32/sweep_mnist_topk_32__seed9104__20261005-103613__f792a3d0,0.23410249392758609,clean,9104,0.9573,0.26920572916666663
0.4849484291189242,0.54730224609375,0.53570556640625,0.9460458784114083,0.8960244648318043,2280.0,365f409472a7c74160d9a4cf5f6facca01dff2ace4b4871d8b4d68e16da5cf81,0.15422222339693692,sweep_mnist_topk_32,0.8748258943560359,ucpa,192,0.5330953838058201,2.227280481000144e-07,/mnt/data/fl_alltiers_audit/outputs/sweep_mnist_topk_32/sweep_mnist_topk_32__seed9104__20261005-103613__f792a3d0,0.1589735731024172,clean,9104,0.9573,0.3746744791666667
0.48221797246269815,0.54730224609375,0.53570556640625,0.9460458784114083,0.8960244648318043,2280.0,365f409472a7c74160d9a4cf5f6facca01dff2ace4b4871d8b4d68e16da5cf81,0.15425128901794474,sweep_mnist_topk_32,0.8748796578625238,ucpa_coord_only,192,0.5283209955838208,0.003977385128479194,/mnt/data/fl_alltiers_audit/outputs/sweep_mnist_topk_32/sweep_mnist_topk_32__seed9104__20261005-103613__f792a3d0,0.15868730724690774,clean,9104,0.9573,0.37467447916666663
0.48486303457211344,0.54730224609375,0.53570556640625,0.9460458784114083,0.8960244648318043,2280.0,365f409472a7c74160d9a4cf5f6facca01dff2ace4b4871d8b4d68e16da5cf81,0.15424347942025632,sweep_mnist_topk_32,0.8748257787633823,ucpa_whole_only,192,0.5329970747267937,1.595598854713672e-05,/mnt/data/fl_alltiers_audit/outputs/sweep_mnist_topk_32/sweep_mnist_topk_32__seed9104__20261005-103613__f792a3d0,0.1589613310767628,clean,9104,0.9573,0.3746744791666667
0.46789103802774584,0.54730224609375,0.53570556640625,0.9460458784114083,0.8960244648318043,1000.0,365f409472a7c74160d9a4cf5f6facca01dff2ace4b4871d8b4d68e16da5cf81,0.1528313822119041,sweep_mnist_topk_32,0.877178191155205,xfedalign_median,192,0.3894573895286421,0.2920384385872773,/mnt/data/fl_alltiers_audit/outputs/sweep_mnist_topk_32/sweep_mnist_topk_32__seed9104__20261005-103613__f792a3d0,0.16324170194637905,clean,9104,0.9573,0.3971354166666667
0.42831532119969706,0.542572021484375,0.5347900390625,0.9595234691839127,0.9008620689655172,1000.0,365f409472a7c74160d9a4cf5f6facca01dff2ace4b4871d8b4d68e16da5cf81,0.15790406361466014,sweep_mnist_topk_32,0.8857724900088366,cluster,192,0.42092961427785314,0.1404937652070141,/mnt/data/fl_alltiers_audit/outputs/sweep_mnist_topk_32/sweep_mnist_topk_32__seed9101__20261005-095144__a6e5c094,0.15173346277018962,clean,9101,0.9492,0.40690104166666663
0.3217914360626023,0.542572021484375,0.5347900390625,0.9595234691839127,0.9008620689655172,1000.0,365f409472a7c74160d9a4cf5f6facca01dff2ace4b4871d8b4d68e16da5cf81,0.2727749778930748,sweep_mnist_topk_32,0.7863298054458331,fedattr_mean,192,0.0,1.84546525498519e-17,/mnt/data/fl_alltiers_audit/outputs/sweep_mnist_topk_32/sweep_mnist_topk_32__seed9101__20261005-095144__a6e5c094,0.3795964544588274,clean,9101,0.9492,0.23095703125
0.49039659844948275,0.542572021484375,0.5347900390625,0.9595234691839127,0.9008620689655172,0.0,365f409472a7c74160d9a4cf5f6facca01dff2ace4b4871d8b4d68e16da5cf81,0.15462432798203735,sweep_mnist_topk_32,0.8871253028477895,local,192,0.5521414568067092,0.36799724378369353,/mnt/data/fl_alltiers_audit/outputs/sweep_mnist_topk_32/sweep_mnist_topk_32__seed9101__20261005-095144__a6e5c094,0.12852375732574475,clean,9101,0.9492,0.43147786458333337
0.4175524051562799,0.542572021484375,0.5347900390625,0.9595234691839127,0.9008620689655172,1000.0,365f409472a7c74160d9a4cf5f6facca01dff2ace4b4871d8b4d68e16da5cf81,0.16299713012185746,sweep_mnist_topk_32,0.8813567568107828,nc_sacpa,192,0.3291991131137255,0.010095864404970142,/mnt/data/fl_alltiers_audit/outputs/sweep_mnist_topk_32/sweep_mnist_topk_32__seed9101__20261005-095144__a6e5c094,0.3087568614257196,clean,9101,0.9492,0.28841145833333337
0.3834318181240592,0.542572021484375,0.5347900390625,0.9595234691839127,0.9008620689655172,1000.0,365f409472a7c74160d9a4cf5f6facca01dff2ace4b4871d8b4d68e16da5cf81,0.17014156700230765,sweep_mnist_topk_32,0.8766784368967384,sacpa_global_count,192,0.1822606462969146,0.04655767147075779,/mnt/data/fl_alltiers_audit/outputs/sweep_mnist_topk_32/sweep_mnist_topk_32__seed9101__20261005-095144__a6e5c094,0.2389326137501684,clean,9101,0.9492,0.2838541666666667
0.49039470034583255,0.542572021484375,0.5347900390625,0.9595234691839127,0.9008620689655172,2280.0,365f409472a7c74160d9a4cf5f6facca01dff2ace4b4871d8b4d68e16da5cf81,0.1572995244951926,sweep_mnist_topk_32,0.8854679712041615,ucpa,192,0.552136899636784,5.997915728122491e-07,/mnt/data/fl_alltiers_audit/outputs/sweep_mnist_topk_32/sweep_mnist_topk_32__seed9101__20261005-095144__a6e5c094,0.1580712318769693,clean,9101,0.9492,0.38102213541666663
0.48785835782544007,0.542572021484375,0.5347900390625,0.9595234691839127,0.9008620689655172,2280.0,365f409472a7c74160d9a4cf5f6facca01dff2ace4b4871d8b4d68e16da5cf81,0.15734420150350464,sweep_mnist_topk_32,0.8853294985548927,ucpa_coord_only,192,0.5472443518006126,0.004125948777069158,/mnt/data/fl_alltiers_audit/outputs/sweep_mnist_topk_32/sweep_mnist_topk_32__seed9101__20261005-095144__a6e5c094,0.15787139114233972,clean,9101,0.9492,0.38232421875
0.49034481109304107,0.542572021484375,0.5347900390625,0.9595234691839127,0.9008620689655172,2280.0,365f409472a7c74160d9a4cf5f6facca01dff2ace4b4871d8b4d68e16da5cf81,0.15729540567551037,sweep_mnist_topk_32,0.8854679641571541,ucpa_whole_only,192,0.5520642038889403,1.1667772945665301e-05,/mnt/data/fl_alltiers_audit/outputs/sweep_mnist_topk_32/sweep_mnist_topk_32__seed9101__20261005-095144__a6e5c094,0.15807049762426473,clean,9101,0.9492,0.38102213541666663
0.47280398793582434,0.542572021484375,0.5347900390625,0.9595234691839127,0.9008620689655172,1000.0,365f409472a7c74160d9a4cf5f6facca01dff2ace4b4871d8b4d68e16da5cf81,0.15495074501974765,sweep_mnist_topk_32,0.8874737831960905,xfedalign_median,192,0.40805510812202017,0.31410189054927373,/mnt/data/fl_alltiers_audit/outputs/sweep_mnist_topk_32/sweep_mnist_topk_32__seed9101__20261005-095144__a6e5c094,0.1643988032737696,clean,9101,0.9492,0.41520182291666663
0.42298057263285294,0.5330810546875,0.534759521484375,0.9546287084885665,0.9027777777777778,1000.0,365f409472a7c74160d9a4cf5f6facca01dff2ace4b4871d8b4d68e16da5cf81,0.16287550510821044,sweep_mnist_topk_32,0.8969512564411465,cluster,192,0.4348325652269737,0.12475041641229007,/mnt/data/fl_alltiers_audit/outputs/sweep_mnist_topk_32/sweep_mnist_topk_32__seed9102__20261005-100636__912a2b5f,0.14319980508692098,clean,9102,0.9725,0.40852864583333337
0.3059345409843362,0.5330810546875,0.534759521484375,0.9546287084885665,0.9027777777777778,1000.0,365f409472a7c74160d9a4cf5f6facca01dff2ace4b4871d8b4d68e16da5cf81,0.2920475067670774,sweep_mnist_topk_32,0.7858876782653085,fedattr_mean,192,0.0,1.802904876321809e-17,/mnt/data/fl_alltiers_audit/outputs/sweep_mnist_topk_32/sweep_mnist_topk_32__seed9102__20261005-100636__912a2b5f,0.3647916040533926,clean,9102,0.9725,0.24479166666666663
0.4809878893906884,0.5330810546875,0.534759521484375,0.9546287084885665,0.9027777777777778,0.0,365f409472a7c74160d9a4cf5f6facca01dff2ace4b4871d8b4d68e16da5cf81,0.16014369611348228,sweep_mnist_topk_32,0.8984286420036369,local,192,0.5535980043151425,0.36323610802175244,/mnt/data/fl_alltiers_audit/outputs/sweep_mnist_topk_32/sweep_mnist_topk_32__seed9102__20261005-100636__912a2b5f,0.12114774844123295,clean,9102,0.9725,0.4353841145833333
0.41305698350070413,0.5330810546875,0.534759521484375,0.9546287084885665,0.9027777777777778,1000.0,365f409472a7c74160d9a4cf5f6facca01dff2ace4b4871d8b4d68e16da5cf81,0.16485755596216528,sweep_mnist_topk_32,0.8945250321872057,nc_sacpa,192,0.3439578588753248,0.01156750834245662,/mnt/data/fl_alltiers_audit/outputs/sweep_mnist_topk_32/sweep_mnist_topk_32__seed9102__20261005-100636__912a2b5f,0.30462476688882056,clean,9102,0.9725,0.29768880208333337
0.36593922858360994,0.5330810546875,0.534759521484375,0.9546287084885665,0.9027777777777778,1000.0,365f409472a7c74160d9a4cf5f6facca01dff2ace4b4871d8b4d68e16da5cf81,0.17024914581934356,sweep_mnist_topk_32,0.8876347131895577,sacpa_global_count,192,0.16905445781978956,0.04966273411925264,/mnt/data/fl_alltiers_audit/outputs/sweep_mnist_topk_32/sweep_mnist_topk_32__seed9102__20261005-100636__912a2b5f,0.223299417843934,clean,9102,0.9725,0.29085286458333337
0.48098622679302583,0.5330810546875,0.534759521484375,0.9546287084885665,0.9027777777777778,2280.0,365f409472a7c74160d9a4cf5f6facca01dff2ace4b4871d8b4d68e16da5cf81,0.16179345370798426,sweep_mnist_topk_32,0.8966011307415708,ucpa,192,0.5535966607314631,1.8883194963692765e-07,/mnt/data/fl_alltiers_audit/outputs/sweep_mnist_topk_32/sweep_mnist_topk_32__seed9102__20261005-100636__912a2b5f,0.14978909528113807,clean,9102,0.9725,0.3857421875
0.47818366343888763,0.5330810546875,0.534759521484375,0.9546287084885665,0.9027777777777778,2280.0,365f409472a7c74160d9a4cf5f6facca01dff2ace4b4871d8b4d68e16da5cf81,0.16176259861128225,sweep_mnist_topk_32,0.8965686410452691,ucpa_coord_only,192,0.5482866576491919,0.005618701444222208,/mnt/data/fl_alltiers_audit/outputs/sweep_mnist_topk_32/sweep_mnist_topk_32__seed9102__20261005-100636__912a2b5f,0.1496373379367772,clean,9102,0.9725,0.3857421875
0.48084795248524836,0.5330810546875,0.534759521484375,0.9546287084885665,0.9027777777777778,2280.0,365f409472a7c74160d9a4cf5f6facca01dff2ace4b4871d8b4d68e16da5cf81,0.16179336654589255,sweep_mnist_topk_32,0.8966011306794825,ucpa_whole_only,192,0.5534941870140331,2.5097991773645895e-05,/mnt/data/fl_alltiers_audit/outputs/sweep_mnist_topk_32/sweep_mnist_topk_32__seed9102__20261005-100636__912a2b5f,0.1497763607654339,clean,9102,0.9725,0.3857421875
0.46327328969463266,0.5330810546875,0.534759521484375,0.9546287084885665,0.9027777777777778,1000.0,365f409472a7c74160d9a4cf5f6facca01dff2ace4b4871d8b4d68e16da5cf81,0.16091010098201272,sweep_mnist_topk_32,0.8983623694379579,xfedalign_median,192,0.4071920542230483,0.30531865199313496,/mnt/data/fl_alltiers_audit/outputs/sweep_mnist_topk_32/sweep_mnist_topk_32__seed9102__20261005-100636__912a2b5f,0.1561650287006518,clean,9102,0.9725,0.41585286458333337
0.4244500452388707,0.5416259765625,0.52825927734375,0.9537549522016767,0.9204152249134948,1000.0,365f409472a7c74160d9a4cf5f6facca01dff2ace4b4871d8b4d68e16da5cf81,0.16523418429445277,sweep_mnist_topk_32,0.8865941591622648,cluster,192,0.42597137349976993,0.1487824401584181,/mnt/data/fl_alltiers_audit/outputs/sweep_mnist_topk_32/sweep_mnist_topk_32__seed9105__20261005-105128__22dbad89,0.1453047579788198,clean,9105,0.9692,0.404296875
0.31969960239398193,0.5416259765625,0.52825927734375,0.9537549522016767,0.9204152249134948,1000.0,365f409472a7c74160d9a4cf5f6facca01dff2ace4b4871d8b4d68e16da5cf81,0.2893937898786277,sweep_mnist_topk_32,0.771653029018005,fedattr_mean,192,0.0,9.978109183263409e-18,/mnt/data/fl_alltiers_audit/outputs/sweep_mnist_topk_32/sweep_mnist_topk_32__seed9105__20261005-105128__22dbad89,0.38153682705923686,clean,9105,0.9692,0.22200520833333334
0.4923391447093043,0.5416259765625,0.52825927734375,0.9537549522016767,0.9204152249134948,0.0,365f409472a7c74160d9a4cf5f6facca01dff2ace4b4871d8b4d68e16da5cf81,0.16184060547275295,sweep_mnist_topk_32,0.88868227193697,local,192,0.5703634397811393,0.378418664592769,/mnt/data/fl_alltiers_audit/outputs/sweep_mnist_topk_32/sweep_mnist_topk_32__seed9105__20261005-105128__22dbad89,0.12675596725889082,clean,9105,0.9692,0.4220377604166667
0.4202705821661402,0.5416259765625,0.52825927734375,0.9537549522016767,0.9204152249134948,1000.0,365f409472a7c74160d9a4cf5f6facca01dff2ace4b4871d8b4d68e16da5cf81,0.17102436497170856,sweep_mnist_topk_32,0.884228801967409,nc_sacpa,192,0.34333420753714483,0.010284802549033729,/mnt/data/fl_alltiers_audit/outputs/sweep_mnist_topk_32/sweep_mnist_topk_32__seed9105__20261005-105128__22dbad89,0.30701759641867393,clean,9105,0.9692,0.27132161458333337
0.3886130674668016,0.5416259765625,0.52825927734375,0.9537549522016767,0.9204152249134948,1000.0,365f409472a7c74160d9a4cf5f6facca01dff2ace4b4871d8b4d68e16da5cf81,0.17846670448816443,sweep_mnist_topk_32,0.8768114770726849,sacpa_global_count,192,0.1891051308438606,0.049031980572305435,/mnt/data/fl_alltiers_audit/outputs/sweep_mnist_topk_32/sweep_mnist_topk_32__seed9105__20261005-105128__22dbad89,0.24065425495866802,clean,9105,0.9692,0.2685546875
0.49233865384490816,0.5416259765625,0.52825927734375,0.9537549522016767,0.9204152249134948,2280.0,365f409472a7c74160d9a4cf5f6facca01dff2ace4b4871d8b4d68e16da5cf81,0.16568261736192652,sweep_mnist_topk_32,0.8867690475111573,ucpa,192,0.5703627038007334,1.0346398342017307e-07,/mnt/data/fl_alltiers_audit/outputs/sweep_mnist_topk_32/sweep_mnist_topk_32__seed9105__20261005-105128__22dbad89,0.15521113904810366,clean,9105,0.9692,0.37418619791666663
0.48968991980397947,0.5416259765625,0.52825927734375,0.9537549522016767,0.9204152249134948,2280.0,365f409472a7c74160d9a4cf5f6facca01dff2ace4b4871d8b4d68e16da5cf81,0.1655845374811785,sweep_mnist_topk_32,0.8868114048663291,ucpa_coord_only,192,0.5653128079220324,0.0052579519224004,/mnt/data/fl_alltiers_audit/outputs/sweep_mnist_topk_32/sweep_mnist_topk_32__seed9105__20261005-105128__22dbad89,0.1549047673567192,clean,9105,0.9692,0.3753255208333333
0.49229983052694487,0.5416259765625,0.52825927734375,0.9537549522016767,0.9204152249134948,2280.0,365f409472a7c74160d9a4cf5f6facca01dff2ace4b4871d8b4d68e16da5cf81,0.16568272312718668,sweep_mnist_topk_32,0.8867690489702293,ucpa_whole_only,192,0.570330753294368,4.770772433219807e-06,/mnt/data/fl_alltiers_audit/outputs/sweep_mnist_topk_32/sweep_mnist_topk_32__seed9105__20261005-105128__22dbad89,0.15520817983034751,clean,9105,0.9692,0.37418619791666663
0.48208993532342787,0.5416259765625,0.52825927734375,0.9537549522016767,0.9204152249134948,1000.0,365f409472a7c74160d9a4cf5f6facca01dff2ace4b4871d8b4d68e16da5cf81,0.16338377171890292,sweep_mnist_topk_32,0.8886725470184407,xfedalign_median,192,0.4283755762050121,0.33766322442283664,/mnt/data/fl_alltiers_audit/outputs/sweep_mnist_topk_32/sweep_mnist_topk_32__seed9105__20261005-105128__22dbad89,0.16456508562749184,clean,9105,0.9692,0.4065755208333333
0.43354664461184056,0.53057861328125,0.51971435546875,0.9354723506399607,0.8211143695014663,1000.0,365f409472a7c74160d9a4cf5f6facca01dff2ace4b4871d8b4d68e16da5cf81,0.16108911886234034,sweep_mnist_topk_32,0.8832583692071543,cluster,192,0.45008053010989457,0.12221565235117514,/mnt/data/fl_alltiers_audit/outputs/sweep_mnist_topk_32/sweep_mnist_topk_32__seed9103__20261005-102133__84534b3f,0.15152436931247246,clean,9103,0.9575,0.39388020833333337
0.3217253533576243,0.53057861328125,0.51971435546875,0.9354723506399607,0.8211143695014663,1000.0,365f409472a7c74160d9a4cf5f6facca01dff2ace4b4871d8b4d68e16da5cf81,0.3031881318571095,sweep_mnist_topk_32,0.7771556467386898,fedattr_mean,192,0.0,1.6451041892901684e-17,/mnt/data/fl_alltiers_audit/outputs/sweep_mnist_topk_32/sweep_mnist_topk_32__seed9103__20261005-102133__84534b3f,0.38593712699257693,clean,9103,0.9575,0.22200520833333334
0.489721146041707,0.53057861328125,0.51971435546875,0.9354723506399607,0.8211143695014663,0.0,365f409472a7c74160d9a4cf5f6facca01dff2ace4b4871d8b4d68e16da5cf81,0.15839002244635292,sweep_mnist_topk_32,0.8844408576100251,local,192,0.5604259353937734,0.3721473681450172,/mnt/data/fl_alltiers_audit/outputs/sweep_mnist_topk_32/sweep_mnist_topk_32__seed9103__20261005-102133__84534b3f,0.12684719160540853,clean,9103,0.9575,0.4189453125
0.4191724942660766,0.53057861328125,0.51971435546875,0.9354723506399607,0.8211143695014663,1000.0,365f409472a7c74160d9a4cf5f6facca01dff2ace4b4871d8b4d68e16da5cf81,0.16647595865943005,sweep_mnist_topk_32,0.8807779384471359,nc_sacpa,192,0.3524565871423065,0.01058236192398648,/mnt/data/fl_alltiers_audit/outputs/sweep_mnist_topk_32/sweep_mnist_topk_32__seed9103__20261005-102133__84534b3f,0.314862111102154,clean,9103,0.9575,0.2724609375
0.3816231768932835,0.53057861328125,0.51971435546875,0.9354723506399607,0.8211143695014663,1000.0,365f409472a7c74160d9a4cf5f6facca01dff2ace4b4871d8b4d68e16da5cf81,0.1762407111884386,sweep_mnist_topk_32,0.873570506469332,sacpa_global_count,192,0.18200677565796058,0.04925314614963794,/mnt/data/fl_alltiers_audit/outputs/sweep_mnist_topk_32/sweep_mnist_topk_32__seed9103__20261005-102133__84534b3f,0.2381948565279559,clean,9103,0.9575,0.27880859375
0.48972032261260956,0.53057861328125,0.51971435546875,0.9354723506399607,0.8211143695014663,2280.0,365f409472a7c74160d9a4cf5f6facca01dff2ace4b4871d8b4d68e16da5cf81,0.16132328543196006,sweep_mnist_topk_32,0.8828277249353655,ucpa,192,0.5604250415573565,9.579135247608966e-08,/mnt/data/fl_alltiers_audit/outputs/sweep_mnist_topk_32/sweep_mnist_topk_32__seed9103__20261005-102133__84534b3f,0.15708382214627792,clean,9103,0.9575,0.3782552083333333
0.4868220563961052,0.53057861328125,0.51971435546875,0.9354723506399607,0.8211143695014663,2280.0,365f409472a7c74160d9a4cf5f6facca01dff2ace4b4871d8b4d68e16da5cf81,0.16148954704573648,sweep_mnist_topk_32,0.882783424384373,ucpa_coord_only,192,0.5546868767063186,0.005660690020904171,/mnt/data/fl_alltiers_audit/outputs/sweep_mnist_topk_32/sweep_mnist_topk_32__seed9103__20261005-102133__84534b3f,0.15695950969252315,clean,9103,0.9575,0.3767903645833333
0.4896614052489008,0.53057861328125,0.51971435546875,0.9354723506399607,0.8211143695014663,2280.0,365f409472a7c74160d9a4cf5f6facca01dff2ace4b4871d8b4d68e16da5cf81,0.16131421103612714,sweep_mnist_topk_32,0.882822502745815,ucpa_whole_only,192,0.5603601212587336,9.436133734530854e-06,/mnt/data/fl_alltiers_audit/outputs/sweep_mnist_topk_32/sweep_mnist_topk_32__seed9103__20261005-102133__84534b3f,0.15708215076537257,clean,9103,0.9575,0.3782552083333333
0.4752830763422079,0.53057861328125,0.51971435546875,0.9354723506399607,0.8211143695014663,1000.0,365f409472a7c74160d9a4cf5f6facca01dff2ace4b4871d8b4d68e16da5cf81,0.15948707352484537,sweep_mnist_topk_32,0.8843528539410423,xfedalign_median,192,0.42586532787800696,0.31562451138679654,/mnt/data/fl_alltiers_audit/outputs/sweep_mnist_topk_32/sweep_mnist_topk_32__seed9103__20261005-102133__84534b3f,0.157749405313255,clean,9103,0.9575,0.40608723958333337
0.17142502073804605,0.556365966796875,0.57769775390625,0.9537549522016767,0.9204152249134948,7720.0,38b068e2cd91b1ebf364d01e2424c09e042167eec18751435cbeb3eefa086bfa,0.1633022947603725,sweep_mnist_topk_256,0.8881263443344889,cluster,192,0.21583503296809778,0.0720364958100941,/mnt/data/fl_alltiers_audit/outputs/sweep_mnist_topk_256/sweep_mnist_topk_256__seed9105__20261005-143659__98a2df3a,0.14108235219884033,clean,9105,0.9692,0.7676595052083334
0.14838255066453188,0.556365966796875,0.57769775390625,0.9537549522016767,0.9204152249134948,7720.0,38b068e2cd91b1ebf364d01e2424c09e042167eec18751435cbeb3eefa086bfa,0.2213906355023179,sweep_mnist_topk_256,0.857235237245417,fedattr_mean,192,0.0,1.2647317409433152e-17,/mnt/data/fl_alltiers_audit/outputs/sweep_mnist_topk_256/sweep_mnist_topk_256__seed9105__20261005-143659__98a2df3a,0.2844792729661906,clean,9105,0.9692,0.6700032552083333
0.2012068132702981,0.556365966796875,0.57769775390625,0.9537549522016767,0.9204152249134948,0.0,38b068e2cd91b1ebf364d01e2424c09e042167eec18751435cbeb3eefa086bfa,0.16184060547275295,sweep_mnist_topk_256,0.88868227193697,local,192,0.30931791726748936,0.18368499199710495,/mnt/data/fl_alltiers_audit/outputs/sweep_mnist_topk_256/sweep_mnist_topk_256__seed9105__20261005-143659__98a2df3a,0.12675596725889082,clean,9105,0.9692,0.9892985026041667
0.13097362072530772,0.556365966796875,0.57769775390625,0.9537549522016767,0.9204152249134948,7720.0,38b068e2cd91b1ebf364d01e2424c09e042167eec18751435cbeb3eefa086bfa,0.18776856950086462,sweep_mnist_topk_256,0.8775986010679085,nc_sacpa,192,0.0719958777011668,0.00766239662599039,/mnt/data/fl_alltiers_audit/outputs/sweep_mnist_topk_256/sweep_mnist_topk_256__seed9105__20261005-143659__98a2df3a,0.22054306648054692,clean,9105,0.9692,0.6974283854166666
0.15607737849325268,0.556365966796875,0.57769775390625,0.9537549522016767,0.9204152249134948,7720.0,38b068e2cd91b1ebf364d01e2424c09e042167eec18751435cbeb3eefa086bfa,0.17493462959913209,sweep_mnist_topk_256,0.8824849735920433,sacpa_global_count,192,0.04775112216932457,0.03460679509248906,/mnt/data/fl_alltiers_audit/outputs/sweep_mnist_topk_256/sweep_mnist_topk_256__seed9105__20261005-143659__98a2df3a,0.21149901318757053,clean,9105,0.9692,0.6823527018229167
0.20069791360165498,0.556365966796875,0.57769775390625,0.9537549522016767,0.9204152249134948,17960.0,38b068e2cd91b1ebf364d01e2424c09e042167eec18751435cbeb3eefa086bfa,0.1645831074844864,sweep_mnist_topk_256,0.8853696517618156,ucpa,192,0.3085332585364847,9.356381044974548e-05,/mnt/data/fl_alltiers_audit/outputs/sweep_mnist_topk_256/sweep_mnist_topk_256__seed9105__20261005-143659__98a2df3a,0.14493119669304438,clean,9105,0.9692,0.7535807291666666
0.18248896839037998,0.556365966796875,0.57769775390625,0.9537549522016767,0.9204152249134948,17960.0,38b068e2cd91b1ebf364d01e2424c09e042167eec18751435cbeb3eefa086bfa,0.16414711189763695,sweep_mnist_topk_256,0.8858793797136513,ucpa_coord_only,192,0.26006855216513347,0.030992404340658433,/mnt/data/fl_alltiers_audit/outputs/sweep_mnist_topk_256/sweep_mnist_topk_256__seed9105__20261005-143659__98a2df3a,0.1428744032018393,clean,9105,0.9692,0.7372233072916667
0.19941855559841318,0.556365966796875,0.57769775390625,0.9537549522016767,0.9204152249134948,17960.0,38b068e2cd91b1ebf364d01e2424c09e042167eec18751435cbeb3eefa086bfa,0.16472047467447432,sweep_mnist_topk_256,0.8854709154740135,ucpa_whole_only,192,0.3066086693474476,0.00042256562519887576,/mnt/data/fl_alltiers_audit/outputs/sweep_mnist_topk_256/sweep_mnist_topk_256__seed9105__20261005-143659__98a2df3a,0.14466829050117025,clean,9105,0.9692,0.7515055338541667
0.1706937527681429,0.556365966796875,0.57769775390625,0.9537549522016767,0.9204152249134948,7720.0,38b068e2cd91b1ebf364d01e2424c09e042167eec18751435cbeb3eefa086bfa,0.16608011923948046,sweep_mnist_topk_256,0.8867420606044505,xfedalign_median,192,0.19680217685433887,0.11659805886205972,/mnt/data/fl_alltiers_audit/outputs/sweep_mnist_topk_256/sweep_mnist_topk_256__seed9105__20261005-143659__98a2df3a,0.14006315986696627,clean,9105,0.9692,0.8069661458333334
0.18083533163195523,0.5745849609375,0.583160400390625,0.9595234691839127,0.9008620689655172,7720.0,38b068e2cd91b1ebf364d01e2424c09e042167eec18751435cbeb3eefa086bfa,0.156554538741572,sweep_mnist_topk_256,0.8859963744219688,cluster,192,0.20082662152044334,0.06459869923655524,/mnt/data/fl_alltiers_audit/outputs/sweep_mnist_topk_256/sweep_mnist_topk_256__seed9101__20261005-133649__f82a1288,0.1444513382098921,clean,9101,0.9492,0.7578531901041667
0.15267461396679724,0.5745849609375,0.583160400390625,0.9595234691839127,0.9008620689655172,7720.0,38b068e2cd91b1ebf364d01e2424c09e042167eec18751435cbeb3eefa086bfa,0.21086116934482108,sweep_mnist_topk_256,0.8575784273576574,fedattr_mean,192,0.0,1.5441355265719292e-17,/mnt/data/fl_alltiers_audit/outputs/sweep_mnist_topk_256/sweep_mnist_topk_256__seed9101__20261005-133649__f82a1288,0.27872320549747354,clean,9101,0.9492,0.67376708984375
0.20667277188777672,0.5745849609375,0.583160400390625,0.9595234691839127,0.9008620689655172,0.0,38b068e2cd91b1ebf364d01e2424c09e042167eec18751435cbeb3eefa086bfa,0.15462432798203735,sweep_mnist_topk_256,0.8871253028477895,local,192,0.278728195511463,0.17129607693176763,/mnt/data/fl_alltiers_audit/outputs/sweep_mnist_topk_256/sweep_mnist_topk_256__seed9101__20261005-133649__f82a1288,0.12852375732574475,clean,9101,0.9492,0.9877522786458334
0.13944733119046646,0.5745849609375,0.583160400390625,0.9595234691839127,0.9008620689655172,7720.0,38b068e2cd91b1ebf364d01e2424c09e042167eec18751435cbeb3eefa086bfa,0.1789326781090646,sweep_mnist_topk_256,0.8762926626553356,nc_sacpa,192,0.057562387021825756,0.007100620474197136,/mnt/data/fl_alltiers_audit/outputs/sweep_mnist_topk_256/sweep_mnist_topk_256__seed9101__20261005-133649__f82a1288,0.22078862397704319,clean,9101,0.9492,0.7001749674479166
0.15289613254483195,0.5745849609375,0.583160400390625,0.9595234691839127,0.9008620689655172,7720.0,38b068e2cd91b1ebf364d01e2424c09e042167eec18751435cbeb3eefa086bfa,0.16511343368935438,sweep_mnist_topk_256,0.8809312304858699,sacpa_global_count,192,0.03888162363892399,0.031068564108734018,/mnt/data/fl_alltiers_audit/outputs/sweep_mnist_topk_256/sweep_mnist_topk_256__seed9101__20261005-133649__f82a1288,0.20439433455315142,clean,9101,0.9492,0.7007853190104166
0.20612756780387573,0.5745849609375,0.583160400390625,0.9595234691839127,0.9008620689655172,17960.0,38b068e2cd91b1ebf364d01e2424c09e042167eec18751435cbeb3eefa086bfa,0.1586983635823344,sweep_mnist_topk_256,0.8848037742013428,ucpa,192,0.2777323979266047,0.00011218185804650486,/mnt/data/fl_alltiers_audit/outputs/sweep_mnist_topk_256/sweep_mnist_topk_256__seed9101__20261005-133649__f82a1288,0.14744013894112276,clean,9101,0.9492,0.75701904296875
0.19017267339168187,0.5745849609375,0.583160400390625,0.9595234691839127,0.9008620689655172,17960.0,38b068e2cd91b1ebf364d01e2424c09e042167eec18751435cbeb3eefa086bfa,0.1574815257709209,sweep_mnist_topk_256,0.8854255370596851,ucpa_coord_only,192,0.23711821218775753,0.023478934370523452,/mnt/data/fl_alltiers_audit/outputs/sweep_mnist_topk_256/sweep_mnist_topk_256__seed9101__20261005-133649__f82a1288,0.1446704387958398,clean,9101,0.9492,0.7403971354166667
0.20456309456360572,0.5745849609375,0.583160400390625,0.9595234691839127,0.9008620689655172,17960.0,38b068e2cd91b1ebf364d01e2424c09e042167eec18751435cbeb3eefa086bfa,0.1586196140107859,sweep_mnist_topk_256,0.8848565947309603,ucpa_whole_only,192,0.2751634133173598,0.0005136691531340454,/mnt/data/fl_alltiers_audit/outputs/sweep_mnist_topk_256/sweep_mnist_topk_256__seed9101__20261005-133649__f82a1288,0.14708046925996604,clean,9101,0.9492,0.7545979817708334
0.17577865597045525,0.5745849609375,0.583160400390625,0.9595234691839127,0.9008620689655172,7720.0,38b068e2cd91b1ebf364d01e2424c09e042167eec18751435cbeb3eefa086bfa,0.1570754345766242,sweep_mnist_topk_256,0.8860292492572701,xfedalign_median,192,0.17655651780869752,0.11097179878014263,/mnt/data/fl_alltiers_audit/outputs/sweep_mnist_topk_256/sweep_mnist_topk_256__seed9101__20261005-133649__f82a1288,0.14019951519276624,clean,9101,0.9492,0.8012491861979167
0.1764974767818261,0.56256103515625,0.58038330078125,0.9460458784114083,0.8960244648318043,7720.0,38b068e2cd91b1ebf364d01e2424c09e042167eec18751435cbeb3eefa086bfa,0.15210566348274976,sweep_mnist_topk_256,0.8762290452243179,cluster,192,0.20323076849422092,0.05724344530473682,/mnt/data/fl_alltiers_audit/outputs/sweep_mnist_topk_256/sweep_mnist_topk_256__seed9104__20261005-142127__4b615a0e,0.14245374397559032,clean,9104,0.9573,0.7625732421875
0.1542759353960947,0.56256103515625,0.58038330078125,0.9460458784114083,0.8960244648318043,7720.0,38b068e2cd91b1ebf364d01e2424c09e042167eec18751435cbeb3eefa086bfa,0.19591408039559613,sweep_mnist_topk_256,0.8633960064439937,fedattr_mean,192,0.0,2.0049656700782723e-17,/mnt/data/fl_alltiers_audit/outputs/sweep_mnist_topk_256/sweep_mnist_topk_256__seed9104__20261005-142127__4b615a0e,0.27408347859160287,clean,9104,0.9573,0.68255615234375
0.20153010923163533,0.56256103515625,0.58038330078125,0.9460458784114083,0.8960244648318043,0.0,38b068e2cd91b1ebf364d01e2424c09e042167eec18751435cbeb3eefa086bfa,0.15127550393954153,sweep_mnist_topk_256,0.8774845155632647,local,192,0.275041909148811,0.1633108344060379,/mnt/data/fl_alltiers_audit/outputs/sweep_mnist_topk_256/sweep_mnist_topk_256__seed9104__20261005-142127__4b615a0e,0.12890974718791365,clean,9104,0.9573,0.9903564453125
0.14259917944186273,0.56256103515625,0.58038330078125,0.9460458784114083,0.8960244648318043,7720.0,38b068e2cd91b1ebf364d01e2424c09e042167eec18751435cbeb3eefa086bfa,0.16856604033625142,sweep_mnist_topk_256,0.8715243110690305,nc_sacpa,192,0.056814394452392315,0.006788874902080445,/mnt/data/fl_alltiers_audit/outputs/sweep_mnist_topk_256/sweep_mnist_topk_256__seed9104__20261005-142127__4b615a0e,0.22139260111050596,clean,9104,0.9573,0.70806884765625
0.1537786454869555,0.56256103515625,0.58038330078125,0.9460458784114083,0.8960244648318043,7720.0,38b068e2cd91b1ebf364d01e2424c09e042167eec18751435cbeb3eefa086bfa,0.15903647055917342,sweep_mnist_topk_256,0.8771757492280206,sacpa_global_count,192,0.03798014212148999,0.028847495371541364,/mnt/data/fl_alltiers_audit/outputs/sweep_mnist_topk_256/sweep_mnist_topk_256__seed9104__20261005-142127__4b615a0e,0.1999335392009003,clean,9104,0.9573,0.7204182942708333
0.20095677228651074,0.56256103515625,0.58038330078125,0.9460458784114083,0.8960244648318043,17960.0,38b068e2cd91b1ebf364d01e2424c09e042167eec18751435cbeb3eefa086bfa,0.1537636925489399,sweep_mnist_topk_256,0.874343043167634,ucpa,192,0.27399189947206365,0.00012138893063330922,/mnt/data/fl_alltiers_audit/outputs/sweep_mnist_topk_256/sweep_mnist_topk_256__seed9104__20261005-142127__4b615a0e,0.14796605618948833,clean,9104,0.9573,0.7651163736979166
0.18610621434936941,0.56256103515625,0.58038330078125,0.9460458784114083,0.8960244648318043,17960.0,38b068e2cd91b1ebf364d01e2424c09e042167eec18751435cbeb3eefa086bfa,0.15284109649340583,sweep_mnist_topk_256,0.8752725393556224,ucpa_coord_only,192,0.23292845234202975,0.024342814350218796,/mnt/data/fl_alltiers_audit/outputs/sweep_mnist_topk_256/sweep_mnist_topk_256__seed9104__20261005-142127__4b615a0e,0.14545477702431509,clean,9104,0.9573,0.7497762044270833
0.19938977126126523,0.56256103515625,0.58038330078125,0.9460458784114083,0.8960244648318043,17960.0,38b068e2cd91b1ebf364d01e2424c09e042167eec18751435cbeb3eefa086bfa,0.15343278057480347,sweep_mnist_topk_256,0.8743682521537266,ucpa_whole_only,192,0.27118059175157866,0.0005910483938283526,/mnt/data/fl_alltiers_audit/outputs/sweep_mnist_topk_256/sweep_mnist_topk_256__seed9104__20261005-142127__4b615a0e,0.14764310962916047,clean,9104,0.9573,0.7630818684895834
0.17249452424484785,0.56256103515625,0.58038330078125,0.9460458784114083,0.8960244648318043,7720.0,38b068e2cd91b1ebf364d01e2424c09e042167eec18751435cbeb3eefa086bfa,0.1511787341733604,sweep_mnist_topk_256,0.8776520941930358,xfedalign_median,192,0.17244930013980309,0.09887841997016387,/mnt/data/fl_alltiers_audit/outputs/sweep_mnist_topk_256/sweep_mnist_topk_256__seed9104__20261005-142127__4b615a0e,0.14028963644485526,clean,9104,0.9573,0.7986246744791666
0.17577906921674852,0.537872314453125,0.527130126953125,0.9354723506399607,0.8211143695014663,7720.0,38b068e2cd91b1ebf364d01e2424c09e042167eec18751435cbeb3eefa086bfa,0.16095109592254936,sweep_mnist_topk_256,0.882948021786433,cluster,192,0.21091050014619608,0.061407626538209296,/mnt/data/fl_alltiers_audit/outputs/sweep_mnist_topk_256/sweep_mnist_topk_256__seed9103__20261005-140648__bdb8f17c,0.1446647279273257,clean,9103,0.9575,0.7537841796875
0.14965946606885472,0.537872314453125,0.527130126953125,0.9354723506399607,0.8211143695014663,7720.0,38b068e2cd91b1ebf364d01e2424c09e042167eec18751435cbeb3eefa086bfa,0.21676652508571126,sweep_mnist_topk_256,0.8569652549318562,fedattr_mean,192,0.0,1.9944805323494257e-17,/mnt/data/fl_alltiers_audit/outputs/sweep_mnist_topk_256/sweep_mnist_topk_256__seed9103__20261005-140648__bdb8f17c,0.28302378108750914,clean,9103,0.9575,0.6547444661458333
0.2024192573883817,0.537872314453125,0.527130126953125,0.9354723506399607,0.8211143695014663,0.0,38b068e2cd91b1ebf364d01e2424c09e042167eec18751435cbeb3eefa086bfa,0.15839002244635292,sweep_mnist_topk_256,0.8844408576100251,local,192,0.2853180097040156,0.17158075648767737,/mnt/data/fl_alltiers_audit/outputs/sweep_mnist_topk_256/sweep_mnist_topk_256__seed9103__20261005-140648__bdb8f17c,0.12684719160540853,clean,9103,0.9575,0.9901326497395833
0.1347924732062713,0.537872314453125,0.527130126953125,0.9354723506399607,0.8211143695014663,7720.0,38b068e2cd91b1ebf364d01e2424c09e042167eec18751435cbeb3eefa086bfa,0.18409012556746046,sweep_mnist_topk_256,0.8743348141446403,nc_sacpa,192,0.06131916574645967,0.00709335156912127,/mnt/data/fl_alltiers_audit/outputs/sweep_mnist_topk_256/sweep_mnist_topk_256__seed9103__20261005-140648__bdb8f17c,0.22215706205859154,clean,9103,0.9575,0.6972859700520834
0.15297968900724507,0.537872314453125,0.527130126953125,0.9354723506399607,0.8211143695014663,7720.0,38b068e2cd91b1ebf364d01e2424c09e042167eec18751435cbeb3eefa086bfa,0.17033621412305516,sweep_mnist_topk_256,0.8793318906801384,sacpa_global_count,192,0.041064082549870144,0.031388610667701065,/mnt/data/fl_alltiers_audit/outputs/sweep_mnist_topk_256/sweep_mnist_topk_256__seed9103__20261005-140648__bdb8f17c,0.20816707892668707,clean,9103,0.9575,0.6870320638020833
0.2018262251510942,0.537872314453125,0.527130126953125,0.9354723506399607,0.8211143695014663,17960.0,38b068e2cd91b1ebf364d01e2424c09e042167eec18751435cbeb3eefa086bfa,0.16120676292375719,sweep_mnist_topk_256,0.882037485456749,ucpa,192,0.28420348805691165,0.00013060272164940306,/mnt/data/fl_alltiers_audit/outputs/sweep_mnist_topk_256/sweep_mnist_topk_256__seed9103__20261005-140648__bdb8f17c,0.1463120448676049,clean,9103,0.9575,0.7536214192708333
0.18376570634518408,0.537872314453125,0.527130126953125,0.9354723506399607,0.8211143695014663,17960.0,38b068e2cd91b1ebf364d01e2424c09e042167eec18751435cbeb3eefa086bfa,0.16152939515074347,sweep_mnist_topk_256,0.8825374529034888,ucpa_coord_only,192,0.23687029235680052,0.03010775879486698,/mnt/data/fl_alltiers_audit/outputs/sweep_mnist_topk_256/sweep_mnist_topk_256__seed9103__20261005-140648__bdb8f17c,0.14323772410237023,clean,9103,0.9575,0.7372233072916667
0.20047272699270097,0.537872314453125,0.527130126953125,0.9354723506399607,0.8211143695014663,17960.0,38b068e2cd91b1ebf364d01e2424c09e042167eec18751435cbeb3eefa086bfa,0.16125518149092388,sweep_mnist_topk_256,0.8819851981203102,ucpa_whole_only,192,0.2818584035598044,0.00052135944364934,/mnt/data/fl_alltiers_audit/outputs/sweep_mnist_topk_256/sweep_mnist_topk_256__seed9103__20261005-140648__bdb8f17c,0.14604069757154683,clean,9103,0.9575,0.7520751953125
0.17013721585330221,0.537872314453125,0.527130126953125,0.9354723506399607,0.8211143695014663,7720.0,38b068e2cd91b1ebf364d01e2424c09e042167eec18751435cbeb3eefa086bfa,0.15958449392431553,sweep_mnist_topk_256,0.8843385482557399,xfedalign_median,192,0.17971141695030537,0.10411334213274885,/mnt/data/fl_alltiers_audit/outputs/sweep_mnist_topk_256/sweep_mnist_topk_256__seed9103__20261005-140648__bdb8f17c,0.13877956544567438,clean,9103,0.9575,0.79571533203125
0.15836945377270534,0.5438232421875,0.55804443359375,0.9546287084885665,0.9027777777777778,7720.0,38b068e2cd91b1ebf364d01e2424c09e042167eec18751435cbeb3eefa086bfa,0.16281011349225688,sweep_mnist_topk_256,0.8989092980064015,cluster,192,0.20422867241389395,0.059932507788049365,/mnt/data/fl_alltiers_audit/outputs/sweep_mnist_topk_256/sweep_mnist_topk_256__seed9102__20261005-135142__b998f170,0.1368353752850765,clean,9102,0.9725,0.7475179036458333
0.12832226618842377,0.5438232421875,0.55804443359375,0.9546287084885665,0.9027777777777778,7720.0,38b068e2cd91b1ebf364d01e2424c09e042167eec18751435cbeb3eefa086bfa,0.2099241267934,sweep_mnist_topk_256,0.8753199506783857,fedattr_mean,192,0.0,1.3351843863153925e-17,/mnt/data/fl_alltiers_audit/outputs/sweep_mnist_topk_256/sweep_mnist_topk_256__seed9102__20261005-135142__b998f170,0.26738270670347036,clean,9102,0.9725,0.6827799479166667
0.18560443328858323,0.5438232421875,0.55804443359375,0.9546287084885665,0.9027777777777778,0.0,38b068e2cd91b1ebf364d01e2424c09e042167eec18751435cbeb3eefa086bfa,0.16014369611348228,sweep_mnist_topk_256,0.8984286420036369,local,192,0.2847054569380239,0.16522806282901797,/mnt/data/fl_alltiers_audit/outputs/sweep_mnist_topk_256/sweep_mnist_topk_256__seed9102__20261005-135142__b998f170,0.12114774844123295,clean,9102,0.9725,0.99090576171875
0.115815061617044,0.5438232421875,0.55804443359375,0.9546287084885665,0.9027777777777778,7720.0,38b068e2cd91b1ebf364d01e2424c09e042167eec18751435cbeb3eefa086bfa,0.18121872465932637,sweep_mnist_topk_256,0.8908235177578414,nc_sacpa,192,0.0617602461790533,0.00692411252035886,/mnt/data/fl_alltiers_audit/outputs/sweep_mnist_topk_256/sweep_mnist_topk_256__seed9102__20261005-135142__b998f170,0.21234278645529125,clean,9102,0.9725,0.7010294596354167
0.12630044953507702,0.5438232421875,0.55804443359375,0.9546287084885665,0.9027777777777778,7720.0,38b068e2cd91b1ebf364d01e2424c09e042167eec18751435cbeb3eefa086bfa,0.16917613692861172,sweep_mnist_topk_256,0.89699104420215,sacpa_global_count,192,0.03947285072453615,0.02880812908633489,/mnt/data/fl_alltiers_audit/outputs/sweep_mnist_topk_256/sweep_mnist_topk_256__seed9102__20261005-135142__b998f170,0.19369343752782317,clean,9102,0.9725,0.71063232421875
0.18493352154081455,0.5438232421875,0.55804443359375,0.9546287084885665,0.9027777777777778,17960.0,38b068e2cd91b1ebf364d01e2424c09e042167eec18751435cbeb3eefa086bfa,0.16227983872361923,sweep_mnist_topk_256,0.8966614453153549,ucpa,192,0.2836800815623562,0.0001272422059001805,/mnt/data/fl_alltiers_audit/outputs/sweep_mnist_topk_256/sweep_mnist_topk_256__seed9102__20261005-135142__b998f170,0.13990024289007372,clean,9102,0.9725,0.7544148763020833
0.16734930975829215,0.5438232421875,0.55804443359375,0.9546287084885665,0.9027777777777778,17960.0,38b068e2cd91b1ebf364d01e2424c09e042167eec18751435cbeb3eefa086bfa,0.16322532733847767,sweep_mnist_topk_256,0.8967121429884477,ucpa_coord_only,192,0.24033493990993623,0.02768335904104753,/mnt/data/fl_alltiers_audit/outputs/sweep_mnist_topk_256/sweep_mnist_topk_256__seed9102__20261005-135142__b998f170,0.13775142719781897,clean,9102,0.9725,0.7378743489583333
0.18321034282493548,0.5438232421875,0.55804443359375,0.9546287084885665,0.9027777777777778,17960.0,38b068e2cd91b1ebf364d01e2424c09e042167eec18751435cbeb3eefa086bfa,0.16221871553628564,sweep_mnist_topk_256,0.896762982733829,ucpa_whole_only,192,0.28105895831184396,0.0006012980741041489,/mnt/data/fl_alltiers_audit/outputs/sweep_mnist_topk_256/sweep_mnist_topk_256__seed9102__20261005-135142__b998f170,0.13960000033863001,clean,9102,0.9725,0.7518717447916667
0.15339264683561168,0.5438232421875,0.55804443359375,0.9546287084885665,0.9027777777777778,7720.0,38b068e2cd91b1ebf364d01e2424c09e042167eec18751435cbeb3eefa086bfa,0.16308272036703783,sweep_mnist_topk_256,0.8991138702292422,xfedalign_median,192,0.1772798216860682,0.10020114534666504,/mnt/data/fl_alltiers_audit/outputs/sweep_mnist_topk_256/sweep_mnist_topk_256__seed9102__20261005-135142__b998f170,0.1324166886427502,clean,9102,0.9725,0.78961181640625
0.23732142144623902,0.56903076171875,0.5863037109375,0.8787860093370745,0.553763440860215,3880.0,cbca3dfdc60acd7dd3161044696bfb0ad707cd90007f7a889e4617aefd64202a,0.1483709770582209,stress_mnist_drift_rotation,0.8090124337502251,cluster,192,0.31077807554989495,0.08562112642475803,/mnt/data/fl_alltiers_audit/outputs/stress_mnist_drift_rotation/stress_mnist_drift_rotation__seed9105__20261005-115237__f48c90b1,0.14590559007505238,clean,9105,0.9638,0.7762858072916666
0.1749823727404322,0.56903076171875,0.5863037109375,0.8787860093370745,0.553763440860215,3880.0,cbca3dfdc60acd7dd3161044696bfb0ad707cd90007f7a889e4617aefd64202a,0.18734054266509098,stress_mnist_drift_rotation,0.7682143262124252,fedattr_mean,192,0.0,1.025565883322368e-17,/mnt/data/fl_alltiers_audit/outputs/stress_mnist_drift_rotation/stress_mnist_drift_rotation__seed9105__20261005-115237__f48c90b1,0.2893948300501672,clean,9105,0.9638,0.5180257161458334
0.2856654938911863,0.56903076171875,0.5863037109375,0.8787860093370745,0.553763440860215,0.0,cbca3dfdc60acd7dd3161044696bfb0ad707cd90007f7a889e4617aefd64202a,0.14775229138322174,stress_mnist_drift_rotation,0.8103287503734463,local,192,0.4143563997857091,0.25136986667630284,/mnt/data/fl_alltiers_audit/outputs/stress_mnist_drift_rotation/stress_mnist_drift_rotation__seed9105__20261005-115237__f48c90b1,0.13079692814883645,clean,9105,0.9638,0.8408610026041667
0.19280613577597777,0.56903076171875,0.5863037109375,0.8787860093370745,0.553763440860215,3880.0,cbca3dfdc60acd7dd3161044696bfb0ad707cd90007f7a889e4617aefd64202a,0.16348301533046955,stress_mnist_drift_rotation,0.7926230230378375,nc_sacpa,192,0.19089363577330243,0.007947188402488892,/mnt/data/fl_alltiers_audit/outputs/stress_mnist_drift_rotation/stress_mnist_drift_rotation__seed9105__20261005-115237__f48c90b1,0.229177955139094,clean,9105,0.9638,0.5995686848958333
0.17907416638061288,0.56903076171875,0.5863037109375,0.8787860093370745,0.553763440860215,3880.0,cbca3dfdc60acd7dd3161044696bfb0ad707cd90007f7a889e4617aefd64202a,0.1564890911800224,stress_mnist_drift_rotation,0.8021237446349309,sacpa_global_count,192,0.07894010560024463,0.03836870998078324,/mnt/data/fl_alltiers_audit/outputs/stress_mnist_drift_rotation/stress_mnist_drift_rotation__seed9105__20261005-115237__f48c90b1,0.20298153098567806,clean,9105,0.9638,0.6431070963541667
0.28560606867323646,0.56903076171875,0.5863037109375,0.8787860093370745,0.553763440860215,9000.0,cbca3dfdc60acd7dd3161044696bfb0ad707cd90007f7a889e4617aefd64202a,0.15036190000125013,stress_mnist_drift_rotation,0.8074308248324087,ucpa,192,0.414280748457338,9.753019562672818e-06,/mnt/data/fl_alltiers_audit/outputs/stress_mnist_drift_rotation/stress_mnist_drift_rotation__seed9105__20261005-115237__f48c90b1,0.15075627702114963,clean,9105,0.9638,0.74755859375
0.27468122976923887,0.56903076171875,0.5863037109375,0.8787860093370745,0.553763440860215,9000.0,cbca3dfdc60acd7dd3161044696bfb0ad707cd90007f7a889e4617aefd64202a,0.15039053817332995,stress_mnist_drift_rotation,0.8072659004537854,ucpa_coord_only,192,0.39355841734690783,0.015726632656685845,/mnt/data/fl_alltiers_audit/outputs/stress_mnist_drift_rotation/stress_mnist_drift_rotation__seed9105__20261005-115237__f48c90b1,0.14952845929656172,clean,9105,0.9638,0.7445882161458333
0.285372839834395,0.56903076171875,0.5863037109375,0.8787860093370745,0.553763440860215,9000.0,cbca3dfdc60acd7dd3161044696bfb0ad707cd90007f7a889e4617aefd64202a,0.15038487063502542,stress_mnist_drift_rotation,0.8074636340965904,ucpa_whole_only,192,0.4139889778072519,5.5517603935924244e-05,/mnt/data/fl_alltiers_audit/outputs/stress_mnist_drift_rotation/stress_mnist_drift_rotation__seed9105__20261005-115237__f48c90b1,0.1506988725276126,clean,9105,0.9638,0.7474365234375
0.24865235550034825,0.56903076171875,0.5863037109375,0.8787860093370745,0.553763440860215,3880.0,cbca3dfdc60acd7dd3161044696bfb0ad707cd90007f7a889e4617aefd64202a,0.14933461524172648,stress_mnist_drift_rotation,0.8090416191376182,xfedalign_median,192,0.27708741676593046,0.18493236751842632,/mnt/data/fl_alltiers_audit/outputs/stress_mnist_drift_rotation/stress_mnist_drift_rotation__seed9105__20261005-115237__f48c90b1,0.14618113349502043,clean,9105,0.9638,0.76025390625
0.23937262916947039,0.53955078125,0.543975830078125,0.8522355484259712,0.6539589442815249,3880.0,cbca3dfdc60acd7dd3161044696bfb0ad707cd90007f7a889e4617aefd64202a,0.14942933687222346,stress_mnist_drift_rotation,0.7842737447327333,cluster,192,0.32871553249000646,0.08996454362834139,/mnt/data/fl_alltiers_audit/outputs/stress_mnist_drift_rotation/stress_mnist_drift_rotation__seed9103__20261005-112239__3b472b39,0.1502521776765957,clean,9103,0.942,0.7621663411458333
0.18733650956045056,0.53955078125,0.543975830078125,0.8522355484259712,0.6539589442815249,3880.0,cbca3dfdc60acd7dd3161044696bfb0ad707cd90007f7a889e4617aefd64202a,0.1983015164013826,stress_mnist_drift_rotation,0.7310891005419156,fedattr_mean,192,0.0,9.560462575381907e-18,/mnt/data/fl_alltiers_audit/outputs/stress_mnist_drift_rotation/stress_mnist_drift_rotation__seed9103__20261005-112239__3b472b39,0.306945474378314,clean,9103,0.942,0.4724934895833333
0.2835356865922345,0.53955078125,0.543975830078125,0.8522355484259712,0.6539589442815249,0.0,cbca3dfdc60acd7dd3161044696bfb0ad707cd90007f7a889e4617aefd64202a,0.14796971270746628,stress_mnist_drift_rotation,0.7849007757199313,local,192,0.42718696842735404,0.2683564756549276,/mnt/data/fl_alltiers_audit/outputs/stress_mnist_drift_rotation/stress_mnist_drift_rotation__seed9103__20261005-112239__3b472b39,0.13398559908758018,clean,9103,0.942,0.83056640625
0.19940142143341294,0.53955078125,0.543975830078125,0.8522355484259712,0.6539589442815249,3880.0,cbca3dfdc60acd7dd3161044696bfb0ad707cd90007f7a889e4617aefd64202a,0.16389810684486292,stress_mnist_drift_rotation,0.7634749263413445,nc_sacpa,192,0.20228788059927852,0.008036525672806789,/mnt/data/fl_alltiers_audit/outputs/stress_mnist_drift_rotation/stress_mnist_drift_rotation__seed9103__20261005-112239__3b472b39,0.23558649713479696,clean,9103,0.942,0.5861409505208333
0.18243165361008123,0.53955078125,0.543975830078125,0.8522355484259712,0.6539589442815249,3880.0,cbca3dfdc60acd7dd3161044696bfb0ad707cd90007f7a889e4617aefd64202a,0.15524762543688364,stress_mnist_drift_rotation,0.7758145651610296,sacpa_global_count,192,0.08428020698320607,0.040048898532705594,/mnt/data/fl_alltiers_audit/outputs/stress_mnist_drift_rotation/stress_mnist_drift_rotation__seed9103__20261005-112239__3b472b39,0.2111475730232381,clean,9103,0.942,0.6300862630208334
0.2834813225819678,0.53955078125,0.543975830078125,0.8522355484259712,0.6539589442815249,9000.0,cbca3dfdc60acd7dd3161044696bfb0ad707cd90007f7a889e4617aefd64202a,0.15023169561366861,stress_mnist_drift_rotation,0.7824266982034411,ucpa,192,0.42712895304365506,8.54879297136727e-06,/mnt/data/fl_alltiers_audit/outputs/stress_mnist_drift_rotation/stress_mnist_drift_rotation__seed9103__20261005-112239__3b472b39,0.15491235675656223,clean,9103,0.942,0.73681640625
0.2740118359803605,0.53955078125,0.543975830078125,0.8522355484259712,0.6539589442815249,9000.0,cbca3dfdc60acd7dd3161044696bfb0ad707cd90007f7a889e4617aefd64202a,0.1504625351881259,stress_mnist_drift_rotation,0.7826596042073408,ucpa_coord_only,192,0.41031101191579405,0.012247571218119641,/mnt/data/fl_alltiers_audit/outputs/stress_mnist_drift_rotation/stress_mnist_drift_rotation__seed9103__20261005-112239__3b472b39,0.1537701040796195,clean,9103,0.942,0.7332763671875
0.28313880891618975,0.53955078125,0.543975830078125,0.8522355484259712,0.6539589442815249,9000.0,cbca3dfdc60acd7dd3161044696bfb0ad707cd90007f7a889e4617aefd64202a,0.15027592815167734,stress_mnist_drift_rotation,0.7824333721638443,ucpa_whole_only,192,0.42673749673373823,8.328385171178641e-05,/mnt/data/fl_alltiers_audit/outputs/stress_mnist_drift_rotation/stress_mnist_drift_rotation__seed9103__20261005-112239__3b472b39,0.15484969862170891,clean,9103,0.942,0.7366943359375
0.25155265425000645,0.53955078125,0.543975830078125,0.8522355484259712,0.6539589442815249,3880.0,cbca3dfdc60acd7dd3161044696bfb0ad707cd90007f7a889e4617aefd64202a,0.14910987664358497,stress_mnist_drift_rotation,0.783269945231829,xfedalign_median,192,0.28858500095003403,0.19655890732618506,/mnt/data/fl_alltiers_audit/outputs/stress_mnist_drift_rotation/stress_mnist_drift_rotation__seed9103__20261005-112239__3b472b39,0.15104317533839157,clean,9103,0.942,0.7580973307291666
0.24817974127449435,0.55145263671875,0.553497314453125,0.8795112483794267,0.7444444444444445,3880.0,cbca3dfdc60acd7dd3161044696bfb0ad707cd90007f7a889e4617aefd64202a,0.14563621159856363,stress_mnist_drift_rotation,0.7688799713715373,cluster,192,0.320969589860392,0.07231851451607094,/mnt/data/fl_alltiers_audit/outputs/stress_mnist_drift_rotation/stress_mnist_drift_rotation__seed9102__20261005-110732__5d88fe78,0.1348251675682208,clean,9102,0.9533,0.7673746744791666
0.17352017865059216,0.55145263671875,0.553497314453125,0.8795112483794267,0.7444444444444445,3880.0,cbca3dfdc60acd7dd3161044696bfb0ad707cd90007f7a889e4617aefd64202a,0.18439543025815514,stress_mnist_drift_rotation,0.7481080692485799,fedattr_mean,192,0.0,1.2596390387037994e-17,/mnt/data/fl_alltiers_audit/outputs/stress_mnist_drift_rotation/stress_mnist_drift_rotation__seed9102__20261005-110732__5d88fe78,0.27528256818895463,clean,9102,0.9533,0.526123046875
0.2942843455659312,0.55145263671875,0.553497314453125,0.8795112483794267,0.7444444444444445,0.0,cbca3dfdc60acd7dd3161044696bfb0ad707cd90007f7a889e4617aefd64202a,0.1444483749519956,stress_mnist_drift_rotation,0.7680578544108964,local,192,0.40815590617068054,0.24290316647416096,/mnt/data/fl_alltiers_audit/outputs/stress_mnist_drift_rotation/stress_mnist_drift_rotation__seed9102__20261005-110732__5d88fe78,0.12127610590797526,clean,9102,0.9533,0.8346354166666666
0.20500304300420208,0.55145263671875,0.553497314453125,0.8795112483794267,0.7444444444444445,3880.0,cbca3dfdc60acd7dd3161044696bfb0ad707cd90007f7a889e4617aefd64202a,0.15578982468650793,stress_mnist_drift_rotation,0.7613661226766757,nc_sacpa,192,0.1823926509704967,0.007369569478276575,/mnt/data/fl_alltiers_audit/outputs/stress_mnist_drift_rotation/stress_mnist_drift_rotation__seed9102__20261005-110732__5d88fe78,0.22063655570074403,clean,9102,0.9533,0.6000162760416666
0.18318104348697367,0.55145263671875,0.553497314453125,0.8795112483794267,0.7444444444444445,3880.0,cbca3dfdc60acd7dd3161044696bfb0ad707cd90007f7a889e4617aefd64202a,0.14918433054796576,stress_mnist_drift_rotation,0.7637909369074198,sacpa_global_count,192,0.07668038166983837,0.03654124844915302,/mnt/data/fl_alltiers_audit/outputs/stress_mnist_drift_rotation/stress_mnist_drift_rotation__seed9102__20261005-110732__5d88fe78,0.18986573106219792,clean,9102,0.9533,0.6558430989583333
0.29419245897542434,0.55145263671875,0.553497314453125,0.8795112483794267,0.7444444444444445,9000.0,cbca3dfdc60acd7dd3161044696bfb0ad707cd90007f7a889e4617aefd64202a,0.1457003134409509,stress_mnist_drift_rotation,0.7655469674456981,ucpa,192,0.408049727450368,1.813592852261296e-05,/mnt/data/fl_alltiers_audit/outputs/stress_mnist_drift_rotation/stress_mnist_drift_rotation__seed9102__20261005-110732__5d88fe78,0.14194752834805996,clean,9102,0.9533,0.7425537109375
0.28499371667525863,0.55145263671875,0.553497314453125,0.8795112483794267,0.7444444444444445,9000.0,cbca3dfdc60acd7dd3161044696bfb0ad707cd90007f7a889e4617aefd64202a,0.1459197547742709,stress_mnist_drift_rotation,0.7659503089507477,ucpa_coord_only,192,0.3911604490099753,0.011379846338978034,/mnt/data/fl_alltiers_audit/outputs/stress_mnist_drift_rotation/stress_mnist_drift_rotation__seed9102__20261005-110732__5d88fe78,0.1414316033867869,clean,9102,0.9533,0.7376708984375
0.29374172179951086,0.55145263671875,0.553497314453125,0.8795112483794267,0.7444444444444445,9000.0,cbca3dfdc60acd7dd3161044696bfb0ad707cd90007f7a889e4617aefd64202a,0.145701073751358,stress_mnist_drift_rotation,0.7656030675352667,ucpa_whole_only,192,0.40748003609212013,0.0001546910194268736,/mnt/data/fl_alltiers_audit/outputs/stress_mnist_drift_rotation/stress_mnist_drift_rotation__seed9102__20261005-110732__5d88fe78,0.14189328564076992,clean,9102,0.9533,0.7418212890625
0.255233380818281,0.55145263671875,0.553497314453125,0.8795112483794267,0.7444444444444445,3880.0,cbca3dfdc60acd7dd3161044696bfb0ad707cd90007f7a889e4617aefd64202a,0.14585543023276842,stress_mnist_drift_rotation,0.7689135388731074,xfedalign_median,192,0.2710469255080652,0.17884338067196384,/mnt/data/fl_alltiers_audit/outputs/stress_mnist_drift_rotation/stress_mnist_drift_rotation__seed9102__20261005-110732__5d88fe78,0.13617468636801883,clean,9102,0.9533,0.762451171875
0.2351722707061008,0.57293701171875,0.533935546875,0.9290736300003752,0.875,3880.0,cbca3dfdc60acd7dd3161044696bfb0ad707cd90007f7a889e4617aefd64202a,0.14562211693137217,stress_mnist_drift_rotation,0.8333629475217701,cluster,192,0.3023227316113043,0.08580757182146136,/mnt/data/fl_alltiers_audit/outputs/stress_mnist_drift_rotation/stress_mnist_drift_rotation__seed9101__20261005-105227__59287be3,0.1476783250958822,clean,9101,0.9466,0.760986328125
0.1758440559577221,0.57293701171875,0.533935546875,0.9290736300003752,0.875,3880.0,cbca3dfdc60acd7dd3161044696bfb0ad707cd90007f7a889e4617aefd64202a,0.18813788748975643,stress_mnist_drift_rotation,0.8057201444054953,fedattr_mean,192,0.0,1.597721491566795e-17,/mnt/data/fl_alltiers_audit/outputs/stress_mnist_drift_rotation/stress_mnist_drift_rotation__seed9101__20261005-105227__59287be3,0.2892561999459821,clean,9101,0.9466,0.5161539713541667
0.2832857944939618,0.57293701171875,0.533935546875,0.9290736300003752,0.875,0.0,cbca3dfdc60acd7dd3161044696bfb0ad707cd90007f7a889e4617aefd64202a,0.14462226522318816,stress_mnist_drift_rotation,0.8351461202309414,local,192,0.40629150442684164,0.25205163154095356,/mnt/data/fl_alltiers_audit/outputs/stress_mnist_drift_rotation/stress_mnist_drift_rotation__seed9101__20261005-105227__59287be3,0.13260681449253173,clean,9101,0.9466,0.8292236328125
0.19451417378745262,0.57293701171875,0.533935546875,0.9290736300003752,0.875,3880.0,cbca3dfdc60acd7dd3161044696bfb0ad707cd90007f7a889e4617aefd64202a,0.16008244393760834,stress_mnist_drift_rotation,0.8213513324967304,nc_sacpa,192,0.1760161220144603,0.008179329303814455,/mnt/data/fl_alltiers_audit/outputs/stress_mnist_drift_rotation/stress_mnist_drift_rotation__seed9101__20261005-105227__59287be3,0.2292913843772239,clean,9101,0.9466,0.5903727213541667
0.17957932241820515,0.57293701171875,0.533935546875,0.9290736300003752,0.875,3880.0,cbca3dfdc60acd7dd3161044696bfb0ad707cd90007f7a889e4617aefd64202a,0.15288957208801246,stress_mnist_drift_rotation,0.8288040243438445,sacpa_global_count,192,0.07447595393305126,0.038884933011743165,/mnt/data/fl_alltiers_audit/outputs/stress_mnist_drift_rotation/stress_mnist_drift_rotation__seed9101__20261005-105227__59287be3,0.2008673488055595,clean,9101,0.9466,0.6422932942708334
0.2832248916692257,0.57293701171875,0.533935546875,0.9290736300003752,0.875,9000.0,cbca3dfdc60acd7dd3161044696bfb0ad707cd90007f7a889e4617aefd64202a,0.14732679453106054,stress_mnist_drift_rotation,0.8315571147679293,ucpa,192,0.4062124618749882,1.004233415579125e-05,/mnt/data/fl_alltiers_audit/outputs/stress_mnist_drift_rotation/stress_mnist_drift_rotation__seed9101__20261005-105227__59287be3,0.1536399615852342,clean,9101,0.9466,0.7373046875
0.27294782663272654,0.57293701171875,0.533935546875,0.9290736300003752,0.875,9000.0,cbca3dfdc60acd7dd3161044696bfb0ad707cd90007f7a889e4617aefd64202a,0.1468565920627346,stress_mnist_drift_rotation,0.8314667187797264,ucpa_coord_only,192,0.38494340587513753,0.015906313277049593,/mnt/data/fl_alltiers_audit/outputs/stress_mnist_drift_rotation/stress_mnist_drift_rotation__seed9101__20261005-105227__59287be3,0.15260471148921895,clean,9101,0.9466,0.732666015625
0.2830079160507414,0.57293701171875,0.533935546875,0.9290736300003752,0.875,9000.0,cbca3dfdc60acd7dd3161044696bfb0ad707cd90007f7a889e4617aefd64202a,0.14732317242984816,stress_mnist_drift_rotation,0.8315402319443821,ucpa_whole_only,192,0.4059573812789214,4.799777137645811e-05,/mnt/data/fl_alltiers_audit/outputs/stress_mnist_drift_rotation/stress_mnist_drift_rotation__seed9101__20261005-105227__59287be3,0.15358896758081242,clean,9101,0.9466,0.7368570963541666
0.247007724591141,0.57293701171875,0.533935546875,0.9290736300003752,0.875,3880.0,cbca3dfdc60acd7dd3161044696bfb0ad707cd90007f7a889e4617aefd64202a,0.14570669060509922,stress_mnist_drift_rotation,0.8338373333446119,xfedalign_median,192,0.2716928097833854,0.18371287095629074,/mnt/data/fl_alltiers_audit/outputs/stress_mnist_drift_rotation/stress_mnist_drift_rotation__seed9101__20261005-105227__59287be3,0.14652453202393334,clean,9101,0.9466,0.7635904947916667
0.2413875190909986,0.561492919921875,0.524932861328125,0.8860647026137539,0.6939890710382514,3880.0,cbca3dfdc60acd7dd3161044696bfb0ad707cd90007f7a889e4617aefd64202a,0.13856828562929877,stress_mnist_drift_rotation,0.771299180981714,cluster,192,0.2967427891443436,0.07773040653427153,/mnt/data/fl_alltiers_audit/outputs/stress_mnist_drift_rotation/stress_mnist_drift_rotation__seed9104__20261005-113726__06be0b50,0.14511039099789047,clean,9104,0.9146,0.7586263020833333
0.17491912536162224,0.561492919921875,0.524932861328125,0.8860647026137539,0.6939890710382514,3880.0,cbca3dfdc60acd7dd3161044696bfb0ad707cd90007f7a889e4617aefd64202a,0.1670996100341654,stress_mnist_drift_rotation,0.7350628994162737,fedattr_mean,192,0.0,1.6482037586607056e-17,/mnt/data/fl_alltiers_audit/outputs/stress_mnist_drift_rotation/stress_mnist_drift_rotation__seed9104__20261005-113726__06be0b50,0.2880784299499311,clean,9104,0.9146,0.5067138671875
0.28900841286458534,0.561492919921875,0.524932861328125,0.8860647026137539,0.6939890710382514,0.0,cbca3dfdc60acd7dd3161044696bfb0ad707cd90007f7a889e4617aefd64202a,0.1361734103008833,stress_mnist_drift_rotation,0.7721430909248739,local,192,0.3983584789121068,0.23904065536245359,/mnt/data/fl_alltiers_audit/outputs/stress_mnist_drift_rotation/stress_mnist_drift_rotation__seed9104__20261005-113726__06be0b50,0.13084277310672668,clean,9104,0.9146,0.8182373046875
0.20235735386244397,0.561492919921875,0.524932861328125,0.8860647026137539,0.6939890710382514,3880.0,cbca3dfdc60acd7dd3161044696bfb0ad707cd90007f7a889e4617aefd64202a,0.15061197516406538,stress_mnist_drift_rotation,0.7583544371555035,nc_sacpa,192,0.1829101446117282,0.007257565674544409,/mnt/data/fl_alltiers_audit/outputs/stress_mnist_drift_rotation/stress_mnist_drift_rotation__seed9104__20261005-113726__06be0b50,0.23224145129317636,clean,9104,0.9146,0.5879313151041667
0.18327140179327867,0.561492919921875,0.524932861328125,0.8860647026137539,0.6939890710382514,3880.0,cbca3dfdc60acd7dd3161044696bfb0ad707cd90007f7a889e4617aefd64202a,0.1425407129606659,stress_mnist_drift_rotation,0.7598028986400701,sacpa_global_count,192,0.0726244838122959,0.03617076119393142,/mnt/data/fl_alltiers_audit/outputs/stress_mnist_drift_rotation/stress_mnist_drift_rotation__seed9104__20261005-113726__06be0b50,0.20231474966813273,clean,9104,0.9146,0.636962890625
0.2889489735531287,0.561492919921875,0.524932861328125,0.8860647026137539,0.6939890710382514,9000.0,cbca3dfdc60acd7dd3161044696bfb0ad707cd90007f7a889e4617aefd64202a,0.1381520198287035,stress_mnist_drift_rotation,0.7688289085033224,ucpa,192,0.3982798306047991,1.0143206754629696e-05,/mnt/data/fl_alltiers_audit/outputs/stress_mnist_drift_rotation/stress_mnist_drift_rotation__seed9104__20261005-113726__06be0b50,0.15150780944352418,clean,9104,0.9146,0.7338053385416666
0.2801810220247101,0.561492919921875,0.524932861328125,0.8860647026137539,0.6939890710382514,9000.0,cbca3dfdc60acd7dd3161044696bfb0ad707cd90007f7a889e4617aefd64202a,0.138224064608706,stress_mnist_drift_rotation,0.7688145896570859,ucpa_coord_only,192,0.38101317406757984,0.01196756435722409,/mnt/data/fl_alltiers_audit/outputs/stress_mnist_drift_rotation/stress_mnist_drift_rotation__seed9104__20261005-113726__06be0b50,0.15071199253355477,clean,9104,0.9146,0.7308349609375
0.2886181356149085,0.561492919921875,0.524932861328125,0.8860647026137539,0.6939890710382514,9000.0,cbca3dfdc60acd7dd3161044696bfb0ad707cd90007f7a889e4617aefd64202a,0.13818409236482693,stress_mnist_drift_rotation,0.7688224698061579,ucpa_whole_only,192,0.3978540080458758,9.27337498281559e-05,/mnt/data/fl_alltiers_audit/outputs/stress_mnist_drift_rotation/stress_mnist_drift_rotation__seed9104__20261005-113726__06be0b50,0.15145654857046426,clean,9104,0.9146,0.7339274088541666
0.2504381175684398,0.561492919921875,0.524932861328125,0.8860647026137539,0.6939890710382514,3880.0,cbca3dfdc60acd7dd3161044696bfb0ad707cd90007f7a889e4617aefd64202a,0.13733202286263502,stress_mnist_drift_rotation,0.7726494578603402,xfedalign_median,192,0.2642776729207962,0.17517704087280742,/mnt/data/fl_alltiers_audit/outputs/stress_mnist_drift_rotation/stress_mnist_drift_rotation__seed9104__20261005-113726__06be0b50,0.14729697274378944,clean,9104,0.9146,0.7472737630208333
0.2478756423142942,0.57501220703125,0.551788330078125,0.9551342833218086,0.8857758620689655,3880.0,5dc1fa38de94fa8ae30d13990aecd98c6c5f430ec9b447fca71008cfba05030a,0.15642083775919674,core_mnist_rotation,0.8833633971163484,cluster,192,0.2841576537621727,0.08502042006803764,/mnt/data/fl_alltiers_audit/outputs/core_mnist_rotation/core_mnist_rotation__seed9101__20261004-235557__866d9b23,0.14641499915281053,clean,9101,0.9405,0.7612711588541666
0.20163526529397163,0.57501220703125,0.551788330078125,0.9551342833218086,0.8857758620689655,3880.0,5dc1fa38de94fa8ae30d13990aecd98c6c5f430ec9b447fca71008cfba05030a,0.22074071867634354,core_mnist_rotation,0.8501804564900037,fedattr_mean,192,0.0,1.766736039814462e-17,/mnt/data/fl_alltiers_audit/outputs/core_mnist_rotation/core_mnist_rotation__seed9101__20261004-235557__866d9b23,0.29604661032733853,clean,9101,0.9405,0.496337890625
0.2879339772388023,0.57501220703125,0.551788330078125,0.9551342833218086,0.8857758620689655,0.0,5dc1fa38de94fa8ae30d13990aecd98c6c5f430ec9b447fca71008cfba05030a,0.15412764055909062,core_mnist_rotation,0.8845396877933126,local,192,0.3758256881834007,0.24690078004759083,/mnt/data/fl_alltiers_audit/outputs/core_mnist_rotation/core_mnist_rotation__seed9101__20261004-235557__866d9b23,0.12948500255150136,clean,9101,0.9405,0.828857421875
0.20639029948462573,0.57501220703125,0.551788330078125,0.9551342833218086,0.8857758620689655,3880.0,5dc1fa38de94fa8ae30d13990aecd98c6c5f430ec9b447fca71008cfba05030a,0.17619337479365338,core_mnist_rotation,0.8712633104754786,nc_sacpa,192,0.15243548662300593,0.007540217532225096,/mnt/data/fl_alltiers_audit/outputs/core_mnist_rotation/core_mnist_rotation__seed9101__20261004-235557__866d9b23,0.2307895373144716,clean,9101,0.9405,0.58837890625
0.20124551058556975,0.57501220703125,0.551788330078125,0.9551342833218086,0.8857758620689655,3880.0,5dc1fa38de94fa8ae30d13990aecd98c6c5f430ec9b447fca71008cfba05030a,0.1733535765200941,core_mnist_rotation,0.8762558459826626,sacpa_global_count,192,0.0718736468743783,0.03831949263362916,/mnt/data/fl_alltiers_audit/outputs/core_mnist_rotation/core_mnist_rotation__seed9101__20261004-235557__866d9b23,0.20695973371203102,clean,9101,0.9405,0.6256103515625
0.28786479090283545,0.57501220703125,0.551788330078125,0.9551342833218086,0.8857758620689655,9000.0,5dc1fa38de94fa8ae30d13990aecd98c6c5f430ec9b447fca71008cfba05030a,0.1579715730789758,core_mnist_rotation,0.8831960630778364,ucpa,192,0.37567386914834594,1.5709533563548092e-05,/mnt/data/fl_alltiers_audit/outputs/core_mnist_rotation/core_mnist_rotation__seed9101__20261004-235557__866d9b23,0.1502973798686923,clean,9101,0.9405,0.7406005859375
0.2780716653005274,0.57501220703125,0.551788330078125,0.9551342833218086,0.8857758620689655,9000.0,5dc1fa38de94fa8ae30d13990aecd98c6c5f430ec9b447fca71008cfba05030a,0.15824797608717442,core_mnist_rotation,0.883313706540063,ucpa_coord_only,192,0.3540377461707392,0.01416308589944674,/mnt/data/fl_alltiers_audit/outputs/core_mnist_rotation/core_mnist_rotation__seed9101__20261004-235557__866d9b23,0.14916924438182005,clean,9101,0.9405,0.7371012369791667
0.28756059685103186,0.57501220703125,0.551788330078125,0.9551342833218086,0.8857758620689655,9000.0,5dc1fa38de94fa8ae30d13990aecd98c6c5f430ec9b447fca71008cfba05030a,0.15797471473172967,core_mnist_rotation,0.8832493408215062,ucpa_whole_only,192,0.3751974952264858,7.942254064017629e-05,/mnt/data/fl_alltiers_audit/outputs/core_mnist_rotation/core_mnist_rotation__seed9101__20261004-235557__866d9b23,0.1502495756701986,clean,9101,0.9405,0.7403971354166666
0.25973535182632423,0.57501220703125,0.551788330078125,0.9551342833218086,0.8857758620689655,3880.0,5dc1fa38de94fa8ae30d13990aecd98c6c5f430ec9b447fca71008cfba05030a,0.15656339110658637,core_mnist_rotation,0.8827787769720543,xfedalign_median,192,0.25607112049405784,0.18217696270360959,/mnt/data/fl_alltiers_audit/outputs/core_mnist_rotation/core_mnist_rotation__seed9101__20261004-235557__866d9b23,0.14674668759073972,clean,9101,0.9405,0.7655029296875
0.23766625040523853,0.541290283203125,0.54400634765625,0.9179577254980835,0.7478005865102639,3880.0,5dc1fa38de94fa8ae30d13990aecd98c6c5f430ec9b447fca71008cfba05030a,0.15764435185386294,core_mnist_rotation,0.8615537932617372,cluster,192,0.283154600660755,0.08695127022074324,/mnt/data/fl_alltiers_audit/outputs/core_mnist_rotation/core_mnist_rotation__seed9103__20261005-002903__7966aefb,0.14533046237336156,clean,9103,0.9444,0.7682291666666666
0.17798445967375465,0.541290283203125,0.54400634765625,0.9179577254980835,0.7478005865102639,3880.0,5dc1fa38de94fa8ae30d13990aecd98c6c5f430ec9b447fca71008cfba05030a,0.22789081295865496,core_mnist_rotation,0.8297850283632822,fedattr_mean,192,0.0,1.835986176714646e-17,/mnt/data/fl_alltiers_audit/outputs/core_mnist_rotation/core_mnist_rotation__seed9103__20261005-002903__7966aefb,0.29757283735569673,clean,9103,0.9444,0.4947509765625
0.2823290410709447,0.541290283203125,0.54400634765625,0.9179577254980835,0.7478005865102639,0.0,5dc1fa38de94fa8ae30d13990aecd98c6c5f430ec9b447fca71008cfba05030a,0.15536590151120133,core_mnist_rotation,0.8633881068724197,local,192,0.38172433863575006,0.2433424865294662,/mnt/data/fl_alltiers_audit/outputs/core_mnist_rotation/core_mnist_rotation__seed9103__20261005-002903__7966aefb,0.12753865396335518,clean,9103,0.9444,0.8370361328125
0.1933222972918306,0.541290283203125,0.54400634765625,0.9179577254980835,0.7478005865102639,3880.0,5dc1fa38de94fa8ae30d13990aecd98c6c5f430ec9b447fca71008cfba05030a,0.1779213714456394,core_mnist_rotation,0.8485969268708384,nc_sacpa,192,0.15094836423162605,0.007473555170030592,/mnt/data/fl_alltiers_audit/outputs/core_mnist_rotation/core_mnist_rotation__seed9103__20261005-002903__7966aefb,0.2305645942682099,clean,9103,0.9444,0.5909016927083334
0.1851527362905374,0.541290283203125,0.54400634765625,0.9179577254980835,0.7478005865102639,3880.0,5dc1fa38de94fa8ae30d13990aecd98c6c5f430ec9b447fca71008cfba05030a,0.17111303236348854,core_mnist_rotation,0.8543738060370136,sacpa_global_count,192,0.07182381622947463,0.03881162691999089,/mnt/data/fl_alltiers_audit/outputs/core_mnist_rotation/core_mnist_rotation__seed9103__20261005-002903__7966aefb,0.2048546261480954,clean,9103,0.9444,0.6389973958333334
0.2822594384470329,0.541290283203125,0.54400634765625,0.9179577254980835,0.7478005865102639,9000.0,5dc1fa38de94fa8ae30d13990aecd98c6c5f430ec9b447fca71008cfba05030a,0.1586197519815566,core_mnist_rotation,0.8601332878466564,ucpa,192,0.3816250456972476,1.1140555192311448e-05,/mnt/data/fl_alltiers_audit/outputs/core_mnist_rotation/core_mnist_rotation__seed9103__20261005-002903__7966aefb,0.14897535549153584,clean,9103,0.9444,0.7443033854166667
0.27190461551894524,0.541290283203125,0.54400634765625,0.9179577254980835,0.7478005865102639,9000.0,5dc1fa38de94fa8ae30d13990aecd98c6c5f430ec9b447fca71008cfba05030a,0.1586254968829356,core_mnist_rotation,0.8601713179191999,ucpa_coord_only,192,0.3605472097846031,0.01505275845507947,/mnt/data/fl_alltiers_audit/outputs/core_mnist_rotation/core_mnist_rotation__seed9103__20261005-002903__7966aefb,0.14768639906515935,clean,9103,0.9444,0.7403971354166667
0.2819833990277413,0.541290283203125,0.54400634765625,0.9179577254980835,0.7478005865102639,9000.0,5dc1fa38de94fa8ae30d13990aecd98c6c5f430ec9b447fca71008cfba05030a,0.15860069666280957,core_mnist_rotation,0.860134025221305,ucpa_whole_only,192,0.38121609321830985,6.804661104313205e-05,/mnt/data/fl_alltiers_audit/outputs/core_mnist_rotation/core_mnist_rotation__seed9103__20261005-002903__7966aefb,0.14893333917150187,clean,9103,0.9444,0.7439778645833334
0.24959657650276484,0.541290283203125,0.54400634765625,0.9179577254980835,0.7478005865102639,3880.0,5dc1fa38de94fa8ae30d13990aecd98c6c5f430ec9b447fca71008cfba05030a,0.1569134784595614,core_mnist_rotation,0.8618516032645858,xfedalign_median,192,0.2562864194314014,0.1744342269908545,/mnt/data/fl_alltiers_audit/outputs/core_mnist_rotation/core_mnist_rotation__seed9103__20261005-002903__7966aefb,0.14432870733366132,clean,9103,0.9444,0.7639973958333333
0.2361846400715409,0.552337646484375,0.5513916015625,0.9442360817665749,0.8722222222222222,3880.0,5dc1fa38de94fa8ae30d13990aecd98c6c5f430ec9b447fca71008cfba05030a,0.15939153719941715,core_mnist_rotation,0.884090339561044,cluster,192,0.28572017415522755,0.086283094211368,/mnt/data/fl_alltiers_audit/outputs/core_mnist_rotation/core_mnist_rotation__seed9102__20261005-001235__a78f7019,0.13644093635463583,clean,9102,0.9686,0.7678629557291667
0.171536737285086,0.552337646484375,0.5513916015625,0.9442360817665749,0.8722222222222222,3880.0,5dc1fa38de94fa8ae30d13990aecd98c6c5f430ec9b447fca71008cfba05030a,0.20928837980821602,core_mnist_rotation,0.8498239941342035,fedattr_mean,192,0.0,1.1766854583669372e-17,/mnt/data/fl_alltiers_audit/outputs/core_mnist_rotation/core_mnist_rotation__seed9102__20261005-001235__a78f7019,0.2769515116778891,clean,9102,0.9686,0.5249430338541666
0.2823840171285607,0.552337646484375,0.5513916015625,0.9442360817665749,0.8722222222222222,0.0,5dc1fa38de94fa8ae30d13990aecd98c6c5f430ec9b447fca71008cfba05030a,0.15764417099214068,core_mnist_rotation,0.8838904324106276,local,192,0.39322783417083246,0.24045947816762836,/mnt/data/fl_alltiers_audit/outputs/core_mnist_rotation/core_mnist_rotation__seed9102__20261005-001235__a78f7019,0.12055168493777374,clean,9102,0.9686,0.8376057942708333
0.19677584502233872,0.552337646484375,0.5513916015625,0.9442360817665749,0.8722222222222222,3880.0,5dc1fa38de94fa8ae30d13990aecd98c6c5f430ec9b447fca71008cfba05030a,0.17184331569154288,core_mnist_rotation,0.8670694699110755,nc_sacpa,192,0.1591253091417938,0.00741178091220191,/mnt/data/fl_alltiers_audit/outputs/core_mnist_rotation/core_mnist_rotation__seed9102__20261005-001235__a78f7019,0.22253850767167926,clean,9102,0.9686,0.5988362630208334
0.17285675323739502,0.552337646484375,0.5513916015625,0.9442360817665749,0.8722222222222222,3880.0,5dc1fa38de94fa8ae30d13990aecd98c6c5f430ec9b447fca71008cfba05030a,0.16756353606980573,core_mnist_rotation,0.8781317630910659,sacpa_global_count,192,0.07463614433297798,0.03540588763127152,/mnt/data/fl_alltiers_audit/outputs/core_mnist_rotation/core_mnist_rotation__seed9102__20261005-001235__a78f7019,0.18807735118004604,clean,9102,0.9686,0.6575927734375
0.28230271563268894,0.552337646484375,0.5513916015625,0.9442360817665749,0.8722222222222222,9000.0,5dc1fa38de94fa8ae30d13990aecd98c6c5f430ec9b447fca71008cfba05030a,0.16016803425266818,core_mnist_rotation,0.883001156320097,ucpa,192,0.39312331037002507,1.2706121279444366e-05,/mnt/data/fl_alltiers_audit/outputs/core_mnist_rotation/core_mnist_rotation__seed9102__20261005-001235__a78f7019,0.14077080320805974,clean,9102,0.9686,0.7449544270833333
0.27028460315293457,0.552337646484375,0.5513916015625,0.9442360817665749,0.8722222222222222,9000.0,5dc1fa38de94fa8ae30d13990aecd98c6c5f430ec9b447fca71008cfba05030a,0.16059569115804304,core_mnist_rotation,0.8833768601888247,ucpa_coord_only,192,0.37106773663461706,0.016523573682764657,/mnt/data/fl_alltiers_audit/outputs/core_mnist_rotation/core_mnist_rotation__seed9102__20261005-001235__a78f7019,0.14024674700613757,clean,9102,0.9686,0.7394205729166667
0.28196240377821724,0.552337646484375,0.5513916015625,0.9442360817665749,0.8722222222222222,9000.0,5dc1fa38de94fa8ae30d13990aecd98c6c5f430ec9b447fca71008cfba05030a,0.16015924781825863,core_mnist_rotation,0.8829239767200003,ucpa_whole_only,192,0.3926809754567501,8.348262312270591e-05,/mnt/data/fl_alltiers_audit/outputs/core_mnist_rotation/core_mnist_rotation__seed9102__20261005-001235__a78f7019,0.14073336926292518,clean,9102,0.9686,0.7447102864583334
0.24965593572911757,0.552337646484375,0.5513916015625,0.9442360817665749,0.8722222222222222,3880.0,5dc1fa38de94fa8ae30d13990aecd98c6c5f430ec9b447fca71008cfba05030a,0.16032969944656844,core_mnist_rotation,0.8841353990756033,xfedalign_median,192,0.26116728863359573,0.16971497408712574,/mnt/data/fl_alltiers_audit/outputs/core_mnist_rotation/core_mnist_rotation__seed9102__20261005-001235__a78f7019,0.13619467787782424,clean,9102,0.9686,0.7637939453125
0.23859217075819178,0.56964111328125,0.560760498046875,0.9370381880021073,0.8715596330275229,3880.0,5dc1fa38de94fa8ae30d13990aecd98c6c5f430ec9b447fca71008cfba05030a,0.14348445782416094,core_mnist_rotation,0.8504151999464133,cluster,192,0.2867759988430879,0.07867770600395696,/mnt/data/fl_alltiers_audit/outputs/core_mnist_rotation/core_mnist_rotation__seed9104__20261005-004527__914f1d72,0.14274120147168579,clean,9104,0.951,0.7672526041666667
0.17263560514869908,0.56964111328125,0.560760498046875,0.9370381880021073,0.8715596330275229,3880.0,5dc1fa38de94fa8ae30d13990aecd98c6c5f430ec9b447fca71008cfba05030a,0.18905944655052734,core_mnist_rotation,0.8342754785536575,fedattr_mean,192,0.0,1.600896644852266e-17,/mnt/data/fl_alltiers_audit/outputs/core_mnist_rotation/core_mnist_rotation__seed9104__20261005-004527__914f1d72,0.27897388664745304,clean,9104,0.951,0.5272216796875
0.2854398569490991,0.56964111328125,0.560760498046875,0.9370381880021073,0.8715596330275229,0.0,5dc1fa38de94fa8ae30d13990aecd98c6c5f430ec9b447fca71008cfba05030a,0.14303471357391875,core_mnist_rotation,0.8530180880171732,local,192,0.3825912297606895,0.23272859952280095,/mnt/data/fl_alltiers_audit/outputs/core_mnist_rotation/core_mnist_rotation__seed9104__20261005-004527__914f1d72,0.12810072061603278,clean,9104,0.951,0.8236083984375
0.2005401823891412,0.56964111328125,0.560760498046875,0.9370381880021073,0.8715596330275229,3880.0,5dc1fa38de94fa8ae30d13990aecd98c6c5f430ec9b447fca71008cfba05030a,0.16176960062536333,core_mnist_rotation,0.839540631044656,nc_sacpa,192,0.1552907989671347,0.00738625747696798,/mnt/data/fl_alltiers_audit/outputs/core_mnist_rotation/core_mnist_rotation__seed9104__20261005-004527__914f1d72,0.2319754598240052,clean,9104,0.951,0.5856526692708333
0.17673673100752857,0.56964111328125,0.560760498046875,0.9370381880021073,0.8715596330275229,3880.0,5dc1fa38de94fa8ae30d13990aecd98c6c5f430ec9b447fca71008cfba05030a,0.15146678413548215,core_mnist_rotation,0.8467736739092895,sacpa_global_count,192,0.06842874072564795,0.035421037168523885,/mnt/data/fl_alltiers_audit/outputs/core_mnist_rotation/core_mnist_rotation__seed9104__20261005-004527__914f1d72,0.19348688381327672,clean,9104,0.951,0.6534016927083334
0.2853881489486173,0.56964111328125,0.560760498046875,0.9370381880021073,0.8715596330275229,9000.0,5dc1fa38de94fa8ae30d13990aecd98c6c5f430ec9b447fca71008cfba05030a,0.14642484007284415,core_mnist_rotation,0.8489988967688987,ucpa,192,0.382518261275854,8.409668772080975e-06,/mnt/data/fl_alltiers_audit/outputs/core_mnist_rotation/core_mnist_rotation__seed9104__20261005-004527__914f1d72,0.14970444485594503,clean,9104,0.951,0.7384847005208333
0.27581263250723115,0.56964111328125,0.560760498046875,0.9370381880021073,0.8715596330275229,9000.0,5dc1fa38de94fa8ae30d13990aecd98c6c5f430ec9b447fca71008cfba05030a,0.1460531565119406,core_mnist_rotation,0.849401499519081,ucpa_coord_only,192,0.3633332781478048,0.013231154975469419,/mnt/data/fl_alltiers_audit/outputs/core_mnist_rotation/core_mnist_rotation__seed9104__20261005-004527__914f1d72,0.14862224610465485,clean,9104,0.951,0.7365315755208334
0.2850716383331008,0.56964111328125,0.560760498046875,0.9370381880021073,0.8715596330275229,9000.0,5dc1fa38de94fa8ae30d13990aecd98c6c5f430ec9b447fca71008cfba05030a,0.14648036812419984,core_mnist_rotation,0.8490194298632558,ucpa_whole_only,192,0.3821119843461408,6.475432290973421e-05,/mnt/data/fl_alltiers_audit/outputs/core_mnist_rotation/core_mnist_rotation__seed9104__20261005-004527__914f1d72,0.14965941576160002,clean,9104,0.951,0.7383219401041667
0.24994032018127568,0.56964111328125,0.560760498046875,0.9370381880021073,0.8715596330275229,3880.0,5dc1fa38de94fa8ae30d13990aecd98c6c5f430ec9b447fca71008cfba05030a,0.14550578884263815,core_mnist_rotation,0.8530198597621469,xfedalign_median,192,0.25309351140237657,0.1646063010988155,/mnt/data/fl_alltiers_audit/outputs/core_mnist_rotation/core_mnist_rotation__seed9104__20261005-004527__914f1d72,0.1433947119851617,clean,9104,0.951,0.7581787109375
0.23658428801831588,0.55975341796875,0.556732177734375,0.9556304094861865,0.889273356401384,3880.0,5dc1fa38de94fa8ae30d13990aecd98c6c5f430ec9b447fca71008cfba05030a,0.16556491057617678,core_mnist_rotation,0.897167267442895,cluster,192,0.29409804815454715,0.09734563298745597,/mnt/data/fl_alltiers_audit/outputs/core_mnist_rotation/core_mnist_rotation__seed9105__20261005-010234__7237cecc,0.1422871194116404,clean,9105,0.9631,0.7828776041666667
0.18291251943352715,0.55975341796875,0.556732177734375,0.9556304094861865,0.889273356401384,3880.0,5dc1fa38de94fa8ae30d13990aecd98c6c5f430ec9b447fca71008cfba05030a,0.22618243784597022,core_mnist_rotation,0.8529324456194673,fedattr_mean,192,0.0,1.5907546844193808e-17,/mnt/data/fl_alltiers_audit/outputs/core_mnist_rotation/core_mnist_rotation__seed9105__20261005-010234__7237cecc,0.2910312255969466,clean,9105,0.9631,0.5255940755208333
0.2862234176013788,0.55975341796875,0.556732177734375,0.9556304094861865,0.889273356401384,0.0,5dc1fa38de94fa8ae30d13990aecd98c6c5f430ec9b447fca71008cfba05030a,0.16321039250487956,core_mnist_rotation,0.8973297312859965,local,192,0.4096162327041352,0.25409182540000835,/mnt/data/fl_alltiers_audit/outputs/core_mnist_rotation/core_mnist_rotation__seed9105__20261005-010234__7237cecc,0.127820146658852,clean,9105,0.9631,0.8414713541666667
0.19845069522517828,0.55975341796875,0.556732177734375,0.9556304094861865,0.889273356401384,3880.0,5dc1fa38de94fa8ae30d13990aecd98c6c5f430ec9b447fca71008cfba05030a,0.18395657763324683,core_mnist_rotation,0.8852844770751895,nc_sacpa,192,0.16939205756983142,0.007969593159258872,/mnt/data/fl_alltiers_audit/outputs/core_mnist_rotation/core_mnist_rotation__seed9105__20261005-010234__7237cecc,0.2272364982261118,clean,9105,0.9631,0.609619140625
0.1918269077576789,0.55975341796875,0.556732177734375,0.9556304094861865,0.889273356401384,3880.0,5dc1fa38de94fa8ae30d13990aecd98c6c5f430ec9b447fca71008cfba05030a,0.18252570374643257,core_mnist_rotation,0.8887369436374531,sacpa_global_count,192,0.08292906449074268,0.03949755649737322,/mnt/data/fl_alltiers_audit/outputs/core_mnist_rotation/core_mnist_rotation__seed9105__20261005-010234__7237cecc,0.20465716919040416,clean,9105,0.9631,0.6460367838541667
0.2861757176966039,0.55975341796875,0.556732177734375,0.9556304094861865,0.889273356401384,9000.0,5dc1fa38de94fa8ae30d13990aecd98c6c5f430ec9b447fca71008cfba05030a,0.16683207869424832,core_mnist_rotation,0.8956935447784569,ucpa,192,0.40954480566766444,7.984837464176284e-06,/mnt/data/fl_alltiers_audit/outputs/core_mnist_rotation/core_mnist_rotation__seed9105__20261005-010234__7237cecc,0.1476118982500108,clean,9105,0.9631,0.7509358723958333
0.27519577646574467,0.55975341796875,0.556732177734375,0.9556304094861865,0.889273356401384,9000.0,5dc1fa38de94fa8ae30d13990aecd98c6c5f430ec9b447fca71008cfba05030a,0.16707661771799848,core_mnist_rotation,0.8953048056172822,ucpa_coord_only,192,0.38661009631168136,0.017764124321722218,/mnt/data/fl_alltiers_audit/outputs/core_mnist_rotation/core_mnist_rotation__seed9105__20261005-010234__7237cecc,0.1464478351923339,clean,9105,0.9631,0.74609375
0.2859054445324864,0.55975341796875,0.556732177734375,0.9556304094861865,0.889273356401384,9000.0,5dc1fa38de94fa8ae30d13990aecd98c6c5f430ec9b447fca71008cfba05030a,0.1668103959537499,core_mnist_rotation,0.8957189554063462,ucpa_whole_only,192,0.40922480197107797,5.583767312878374e-05,/mnt/data/fl_alltiers_audit/outputs/core_mnist_rotation/core_mnist_rotation__seed9105__20261005-010234__7237cecc,0.14755037950007638,clean,9105,0.9631,0.7506917317708333
0.25474513845430813,0.55975341796875,0.556732177734375,0.9556304094861865,0.889273356401384,3880.0,5dc1fa38de94fa8ae30d13990aecd98c6c5f430ec9b447fca71008cfba05030a,0.16732673245786223,core_mnist_rotation,0.8971628697052845,xfedalign_median,192,0.27596597343176715,0.1852367216256342,/mnt/data/fl_alltiers_audit/outputs/core_mnist_rotation/core_mnist_rotation__seed9105__20261005-010234__7237cecc,0.14482523377248502,clean,9105,0.9631,0.7658284505208333
0.23965454650601753,0.57257080078125,0.54339599609375,0.9595234691839127,0.9008620689655172,3880.0,c6e36d5b9d48f4bdc3ffa9c0110a8dfe4931acdcb8d8d602fc7e4515bb1c010c,0.15665923206759846,sensitivity_ncsacpa_neighborhood_4,0.8856528068274505,cluster,192,0.2803325322068978,0.08326586454490997,/mnt/data/fl_alltiers_audit/outputs/sensitivity_ncsacpa_neighborhood_4/sensitivity_ncsacpa_neighborhood_4__seed9101__20261006-005050__aea1fce8,0.14354613821148668,clean,9101,0.9492,0.764404296875
0.17731416798514474,0.57257080078125,0.54339599609375,0.9595234691839127,0.9008620689655172,3880.0,c6e36d5b9d48f4bdc3ffa9c0110a8dfe4931acdcb8d8d602fc7e4515bb1c010c,0.22245094042860103,sensitivity_ncsacpa_neighborhood_4,0.8483556108607444,fedattr_mean,192,0.0,1.242008085290753e-17,/mnt/data/fl_alltiers_audit/outputs/sensitivity_ncsacpa_neighborhood_4/sensitivity_ncsacpa_neighborhood_4__seed9101__20261006-005050__aea1fce8,0.28669288457643316,clean,9101,0.9492,0.5159098307291667
0.282023306101716,0.57257080078125,0.54339599609375,0.9595234691839127,0.9008620689655172,0.0,c6e36d5b9d48f4bdc3ffa9c0110a8dfe4931acdcb8d8d602fc7e4515bb1c010c,0.15462432798203735,sensitivity_ncsacpa_neighborhood_4,0.8871253028477895,local,192,0.3717410209434218,0.23912189832121417,/mnt/data/fl_alltiers_audit/outputs/sensitivity_ncsacpa_neighborhood_4/sensitivity_ncsacpa_neighborhood_4__seed9101__20261006-005050__aea1fce8,0.12852375732574475,clean,9101,0.9492,0.8314615885416667
0.1826046795480707,0.57257080078125,0.54339599609375,0.9595234691839127,0.9008620689655172,3880.0,c6e36d5b9d48f4bdc3ffa9c0110a8dfe4931acdcb8d8d602fc7e4515bb1c010c,0.18276877947300818,sensitivity_ncsacpa_neighborhood_4,0.8698032726737438,nc_sacpa,192,0.1061072676611044,0.008200629162749136,/mnt/data/fl_alltiers_audit/outputs/sensitivity_ncsacpa_neighborhood_4/sensitivity_ncsacpa_neighborhood_4__seed9101__20261006-005050__aea1fce8,0.22700789221343481,clean,9101,0.9492,0.5928955078125
0.18353445801584253,0.57257080078125,0.54339599609375,0.9595234691839127,0.9008620689655172,3880.0,c6e36d5b9d48f4bdc3ffa9c0110a8dfe4931acdcb8d8d602fc7e4515bb1c010c,0.17396372648123964,sensitivity_ncsacpa_neighborhood_4,0.8751046613819805,sacpa_global_count,192,0.07126666790557264,0.03735448233966695,/mnt/data/fl_alltiers_audit/outputs/sensitivity_ncsacpa_neighborhood_4/sensitivity_ncsacpa_neighborhood_4__seed9101__20261006-005050__aea1fce8,0.20294825928946159,clean,9101,0.9492,0.6350504557291666
0.2819442215475232,0.57257080078125,0.54339599609375,0.9595234691839127,0.9008620689655172,9000.0,c6e36d5b9d48f4bdc3ffa9c0110a8dfe4931acdcb8d8d602fc7e4515bb1c010c,0.15949346102091416,sensitivity_ncsacpa_neighborhood_4,0.8840987719089906,ucpa,192,0.3715488432865659,2.1620522454190248e-05,/mnt/data/fl_alltiers_audit/outputs/sensitivity_ncsacpa_neighborhood_4/sensitivity_ncsacpa_neighborhood_4__seed9101__20261006-005050__aea1fce8,0.14963664555586625,clean,9101,0.9492,0.7385660807291667
0.27261594632673136,0.57257080078125,0.54339599609375,0.9595234691839127,0.9008620689655172,9000.0,c6e36d5b9d48f4bdc3ffa9c0110a8dfe4931acdcb8d8d602fc7e4515bb1c010c,0.15956074436344353,sensitivity_ncsacpa_neighborhood_4,0.8843312187022851,ucpa_coord_only,192,0.35119080764682714,0.013219391063651963,/mnt/data/fl_alltiers_audit/outputs/sensitivity_ncsacpa_neighborhood_4/sensitivity_ncsacpa_neighborhood_4__seed9101__20261006-005050__aea1fce8,0.1485926336062996,clean,9101,0.9492,0.7349853515625
0.28158275974912306,0.57257080078125,0.54339599609375,0.9595234691839127,0.9008620689655172,9000.0,c6e36d5b9d48f4bdc3ffa9c0110a8dfe4931acdcb8d8d602fc7e4515bb1c010c,0.15941735216735348,sensitivity_ncsacpa_neighborhood_4,0.8841856515227997,ucpa_whole_only,192,0.3710511664163586,9.10984072933688e-05,/mnt/data/fl_alltiers_audit/outputs/sensitivity_ncsacpa_neighborhood_4/sensitivity_ncsacpa_neighborhood_4__seed9101__20261006-005050__aea1fce8,0.1495748019625483,clean,9101,0.9492,0.7383219401041667
0.25151925056759783,0.57257080078125,0.54339599609375,0.9595234691839127,0.9008620689655172,3880.0,c6e36d5b9d48f4bdc3ffa9c0110a8dfe4931acdcb8d8d602fc7e4515bb1c010c,0.1583510742414243,sensitivity_ncsacpa_neighborhood_4,0.8851320243678855,xfedalign_median,192,0.2516741447313263,0.18022814062851333,/mnt/data/fl_alltiers_audit/outputs/sensitivity_ncsacpa_neighborhood_4/sensitivity_ncsacpa_neighborhood_4__seed9101__20261006-005050__aea1fce8,0.14592968838009002,clean,9101,0.9492,0.7637532552083333
0.22526543902812984,0.5418701171875,0.534393310546875,0.9546287084885665,0.9027777777777778,3880.0,c6e36d5b9d48f4bdc3ffa9c0110a8dfe4931acdcb8d8d602fc7e4515bb1c010c,0.16189955483317436,sensitivity_ncsacpa_neighborhood_4,0.8981354729334271,cluster,192,0.2835291716520836,0.08220818923395966,/mnt/data/fl_alltiers_audit/outputs/sensitivity_ncsacpa_neighborhood_4/sensitivity_ncsacpa_neighborhood_4__seed9102__20261006-010439__d87c924c,0.13763863636916593,clean,9102,0.9725,0.7654622395833334
0.15266164072228275,0.5418701171875,0.534393310546875,0.9546287084885665,0.9027777777777778,3880.0,c6e36d5b9d48f4bdc3ffa9c0110a8dfe4931acdcb8d8d602fc7e4515bb1c010c,0.21125415004905035,sensitivity_ncsacpa_neighborhood_4,0.8687237994108727,fedattr_mean,192,0.0,1.976755699931275e-17,/mnt/data/fl_alltiers_audit/outputs/sensitivity_ncsacpa_neighborhood_4/sensitivity_ncsacpa_neighborhood_4__seed9102__20261006-010439__d87c924c,0.2739394153697019,clean,9102,0.9725,0.5348714192708334
0.2705430676057753,0.5418701171875,0.534393310546875,0.9546287084885665,0.9027777777777778,0.0,c6e36d5b9d48f4bdc3ffa9c0110a8dfe4931acdcb8d8d602fc7e4515bb1c010c,0.16014369611348228,sensitivity_ncsacpa_neighborhood_4,0.8984286420036369,local,192,0.3846317580937864,0.23540308225957074,/mnt/data/fl_alltiers_audit/outputs/sensitivity_ncsacpa_neighborhood_4/sensitivity_ncsacpa_neighborhood_4__seed9102__20261006-010439__d87c924c,0.12114774844123295,clean,9102,0.9725,0.8388671875
0.16834136055536186,0.5418701171875,0.534393310546875,0.9546287084885665,0.9027777777777778,3880.0,c6e36d5b9d48f4bdc3ffa9c0110a8dfe4931acdcb8d8d602fc7e4515bb1c010c,0.17894934673305063,sensitivity_ncsacpa_neighborhood_4,0.8846094211141462,nc_sacpa,192,0.11216352686813699,0.008365708430458045,/mnt/data/fl_alltiers_audit/outputs/sensitivity_ncsacpa_neighborhood_4/sensitivity_ncsacpa_neighborhood_4__seed9102__20261006-010439__d87c924c,0.22085286812239013,clean,9102,0.9725,0.6015625
0.1609298719799706,0.5418701171875,0.534393310546875,0.9546287084885665,0.9027777777777778,3880.0,c6e36d5b9d48f4bdc3ffa9c0110a8dfe4931acdcb8d8d602fc7e4515bb1c010c,0.17208303236283579,sensitivity_ncsacpa_neighborhood_4,0.8912408859173107,sacpa_global_count,192,0.07179764815503277,0.036676906736102945,/mnt/data/fl_alltiers_audit/outputs/sensitivity_ncsacpa_neighborhood_4/sensitivity_ncsacpa_neighborhood_4__seed9102__20261006-010439__d87c924c,0.19293379317091403,clean,9102,0.9725,0.6566569010416666
0.27045293562573713,0.5418701171875,0.534393310546875,0.9546287084885665,0.9027777777777778,9000.0,c6e36d5b9d48f4bdc3ffa9c0110a8dfe4931acdcb8d8d602fc7e4515bb1c010c,0.1620221195597272,sensitivity_ncsacpa_neighborhood_4,0.895690748135227,ucpa,192,0.3845317104927312,1.2776250680329101e-05,/mnt/data/fl_alltiers_audit/outputs/sensitivity_ncsacpa_neighborhood_4/sensitivity_ncsacpa_neighborhood_4__seed9102__20261006-010439__d87c924c,0.1423181465401139,clean,9102,0.9725,0.7451578776041667
0.25881404138614383,0.5418701171875,0.534393310546875,0.9546287084885665,0.9027777777777778,9000.0,c6e36d5b9d48f4bdc3ffa9c0110a8dfe4931acdcb8d8d602fc7e4515bb1c010c,0.16225667844370645,sensitivity_ncsacpa_neighborhood_4,0.8961582843994014,ucpa_coord_only,192,0.36213090693618893,0.01695191440023966,/mnt/data/fl_alltiers_audit/outputs/sensitivity_ncsacpa_neighborhood_4/sensitivity_ncsacpa_neighborhood_4__seed9102__20261006-010439__d87c924c,0.14135936997708545,clean,9102,0.9725,0.740234375
0.2699912375137446,0.5418701171875,0.534393310546875,0.9546287084885665,0.9027777777777778,9000.0,c6e36d5b9d48f4bdc3ffa9c0110a8dfe4931acdcb8d8d602fc7e4515bb1c010c,0.16204888383948252,sensitivity_ncsacpa_neighborhood_4,0.8956292380025237,ucpa_whole_only,192,0.38402137508910295,9.860840671599071e-05,/mnt/data/fl_alltiers_audit/outputs/sensitivity_ncsacpa_neighborhood_4/sensitivity_ncsacpa_neighborhood_4__seed9102__20261006-010439__d87c924c,0.14226962499760498,clean,9102,0.9725,0.7448323567708333
0.2369050677457316,0.5418701171875,0.534393310546875,0.9546287084885665,0.9027777777777778,3880.0,c6e36d5b9d48f4bdc3ffa9c0110a8dfe4931acdcb8d8d602fc7e4515bb1c010c,0.16246770774378091,sensitivity_ncsacpa_neighborhood_4,0.89811845524758,xfedalign_median,192,0.2551642158396884,0.16480440934213927,/mnt/data/fl_alltiers_audit/outputs/sensitivity_ncsacpa_neighborhood_4/sensitivity_ncsacpa_neighborhood_4__seed9102__20261006-010439__d87c924c,0.1364737637541962,clean,9102,0.9725,0.7694905598958334
0.22886883138099795,0.57171630859375,0.568359375,0.9537549522016767,0.9204152249134948,3880.0,c6e36d5b9d48f4bdc3ffa9c0110a8dfe4931acdcb8d8d602fc7e4515bb1c010c,0.16470869370141372,sensitivity_ncsacpa_neighborhood_4,0.8876159272996257,cluster,192,0.2819885897797293,0.0972348611142863,/mnt/data/fl_alltiers_audit/outputs/sensitivity_ncsacpa_neighborhood_4/sensitivity_ncsacpa_neighborhood_4__seed9105__20261006-014605__2f0014d5,0.14087787628527332,clean,9105,0.9692,0.7805989583333333
0.17410580906758816,0.57171630859375,0.568359375,0.9537549522016767,0.9204152249134948,3880.0,c6e36d5b9d48f4bdc3ffa9c0110a8dfe4931acdcb8d8d602fc7e4515bb1c010c,0.23371651019986645,sensitivity_ncsacpa_neighborhood_4,0.8458811849268083,fedattr_mean,192,0.0,1.689832128806763e-17,/mnt/data/fl_alltiers_audit/outputs/sensitivity_ncsacpa_neighborhood_4/sensitivity_ncsacpa_neighborhood_4__seed9105__20261006-014605__2f0014d5,0.292978857206025,clean,9105,0.9692,0.5186767578125
0.27839839338861566,0.57171630859375,0.568359375,0.9537549522016767,0.9204152249134948,0.0,c6e36d5b9d48f4bdc3ffa9c0110a8dfe4931acdcb8d8d602fc7e4515bb1c010c,0.16184060547275295,sensitivity_ncsacpa_neighborhood_4,0.88868227193697,local,192,0.39969831391975247,0.24976964183658326,/mnt/data/fl_alltiers_audit/outputs/sensitivity_ncsacpa_neighborhood_4/sensitivity_ncsacpa_neighborhood_4__seed9105__20261006-014605__2f0014d5,0.12675596725889082,clean,9105,0.9692,0.8404947916666666
0.17471704813276384,0.57171630859375,0.568359375,0.9537549522016767,0.9204152249134948,3880.0,c6e36d5b9d48f4bdc3ffa9c0110a8dfe4931acdcb8d8d602fc7e4515bb1c010c,0.18941975679814885,sensitivity_ncsacpa_neighborhood_4,0.8741116840616276,nc_sacpa,192,0.11429500139218497,0.008892947376824523,/mnt/data/fl_alltiers_audit/outputs/sensitivity_ncsacpa_neighborhood_4/sensitivity_ncsacpa_neighborhood_4__seed9105__20261006-014605__2f0014d5,0.22503446542085684,clean,9105,0.9692,0.6059163411458334
0.18655708330598236,0.57171630859375,0.568359375,0.9537549522016767,0.9204152249134948,3880.0,c6e36d5b9d48f4bdc3ffa9c0110a8dfe4931acdcb8d8d602fc7e4515bb1c010c,0.18428161477234728,sensitivity_ncsacpa_neighborhood_4,0.878569768698596,sacpa_global_count,192,0.07900392867849436,0.04135521678800253,/mnt/data/fl_alltiers_audit/outputs/sensitivity_ncsacpa_neighborhood_4/sensitivity_ncsacpa_neighborhood_4__seed9105__20261006-014605__2f0014d5,0.20958867461103592,clean,9105,0.9692,0.6332194010416666
0.2783435251168248,0.57171630859375,0.568359375,0.9537549522016767,0.9204152249134948,9000.0,c6e36d5b9d48f4bdc3ffa9c0110a8dfe4931acdcb8d8d602fc7e4515bb1c010c,0.16689031686625339,sensitivity_ncsacpa_neighborhood_4,0.8860754697301995,ucpa,192,0.3996222512014024,8.843942349957544e-06,/mnt/data/fl_alltiers_audit/outputs/sensitivity_ncsacpa_neighborhood_4/sensitivity_ncsacpa_neighborhood_4__seed9105__20261006-014605__2f0014d5,0.14712241802765058,clean,9105,0.9692,0.7462158203125
0.26739084597762386,0.57171630859375,0.568359375,0.9537549522016767,0.9204152249134948,9000.0,c6e36d5b9d48f4bdc3ffa9c0110a8dfe4931acdcb8d8d602fc7e4515bb1c010c,0.1659413365481972,sensitivity_ncsacpa_neighborhood_4,0.8862007434656306,ucpa_coord_only,192,0.37649615599356806,0.01816169996606296,/mnt/data/fl_alltiers_audit/outputs/sensitivity_ncsacpa_neighborhood_4/sensitivity_ncsacpa_neighborhood_4__seed9105__20261006-014605__2f0014d5,0.14598282552435704,clean,9105,0.9692,0.7420654296875
0.27806951767431815,0.57171630859375,0.568359375,0.9537549522016767,0.9204152249134948,9000.0,c6e36d5b9d48f4bdc3ffa9c0110a8dfe4931acdcb8d8d602fc7e4515bb1c010c,0.16686575884771931,sensitivity_ncsacpa_neighborhood_4,0.8860430169937615,ucpa_whole_only,192,0.39930586791951267,5.808774692161713e-05,/mnt/data/fl_alltiers_audit/outputs/sensitivity_ncsacpa_neighborhood_4/sensitivity_ncsacpa_neighborhood_4__seed9105__20261006-014605__2f0014d5,0.14706818808605907,clean,9105,0.9692,0.7458902994791667
0.24693260046034066,0.57171630859375,0.568359375,0.9537549522016767,0.9204152249134948,3880.0,c6e36d5b9d48f4bdc3ffa9c0110a8dfe4931acdcb8d8d602fc7e4515bb1c010c,0.16686371935008232,sensitivity_ncsacpa_neighborhood_4,0.8864881989428832,xfedalign_median,192,0.26805636091538926,0.18035346764806032,/mnt/data/fl_alltiers_audit/outputs/sensitivity_ncsacpa_neighborhood_4/sensitivity_ncsacpa_neighborhood_4__seed9105__20261006-014605__2f0014d5,0.14361674555424697,clean,9105,0.9692,0.7720540364583334
0.2350126823304013,0.574127197265625,0.558319091796875,0.9460458784114083,0.8960244648318043,3880.0,c6e36d5b9d48f4bdc3ffa9c0110a8dfe4931acdcb8d8d602fc7e4515bb1c010c,0.15260673695823546,sensitivity_ncsacpa_neighborhood_4,0.876502858443564,cluster,192,0.27703709435526247,0.07955626740998997,/mnt/data/fl_alltiers_audit/outputs/sensitivity_ncsacpa_neighborhood_4/sensitivity_ncsacpa_neighborhood_4__seed9104__20261006-013135__8db33a02,0.14411328183145103,clean,9104,0.9573,0.7636311848958333
0.17758408712243248,0.574127197265625,0.558319091796875,0.9460458784114083,0.8960244648318043,3880.0,c6e36d5b9d48f4bdc3ffa9c0110a8dfe4931acdcb8d8d602fc7e4515bb1c010c,0.20158053565176792,sensitivity_ncsacpa_neighborhood_4,0.8525308326232031,fedattr_mean,192,0.0,1.590030229720148e-17,/mnt/data/fl_alltiers_audit/outputs/sensitivity_ncsacpa_neighborhood_4/sensitivity_ncsacpa_neighborhood_4__seed9104__20261006-013135__8db33a02,0.28262304738125793,clean,9104,0.9573,0.5211181640625
0.2790760050950427,0.574127197265625,0.558319091796875,0.9460458784114083,0.8960244648318043,0.0,c6e36d5b9d48f4bdc3ffa9c0110a8dfe4931acdcb8d8d602fc7e4515bb1c010c,0.15127550393954153,sensitivity_ncsacpa_neighborhood_4,0.8774845155632647,local,192,0.36799040672692157,0.23011139841205389,/mnt/data/fl_alltiers_audit/outputs/sensitivity_ncsacpa_neighborhood_4/sensitivity_ncsacpa_neighborhood_4__seed9104__20261006-013135__8db33a02,0.12890974718791365,clean,9104,0.9573,0.8235270182291666
0.1852327934672062,0.574127197265625,0.558319091796875,0.9460458784114083,0.8960244648318043,3880.0,c6e36d5b9d48f4bdc3ffa9c0110a8dfe4931acdcb8d8d602fc7e4515bb1c010c,0.1747868889736613,sensitivity_ncsacpa_neighborhood_4,0.8650090202094968,nc_sacpa,192,0.10352626529692453,0.008025538426927048,/mnt/data/fl_alltiers_audit/outputs/sensitivity_ncsacpa_neighborhood_4/sensitivity_ncsacpa_neighborhood_4__seed9104__20261006-013135__8db33a02,0.22713684855624552,clean,9104,0.9573,0.5917561848958334
0.18167320221430716,0.574127197265625,0.558319091796875,0.9460458784114083,0.8960244648318043,3880.0,c6e36d5b9d48f4bdc3ffa9c0110a8dfe4931acdcb8d8d602fc7e4515bb1c010c,0.16337543662108753,sensitivity_ncsacpa_neighborhood_4,0.8731616552709359,sacpa_global_count,192,0.06704191441625776,0.03522792623611297,/mnt/data/fl_alltiers_audit/outputs/sensitivity_ncsacpa_neighborhood_4/sensitivity_ncsacpa_neighborhood_4__seed9104__20261006-013135__8db33a02,0.19646480956921364,clean,9104,0.9573,0.6429850260416667
0.27899901614280775,0.574127197265625,0.558319091796875,0.9460458784114083,0.8960244648318043,9000.0,c6e36d5b9d48f4bdc3ffa9c0110a8dfe4931acdcb8d8d602fc7e4515bb1c010c,0.15469419230066705,sensitivity_ncsacpa_neighborhood_4,0.8743905683552535,ucpa,192,0.3678789559782536,1.2356326240922157e-05,/mnt/data/fl_alltiers_audit/outputs/sensitivity_ncsacpa_neighborhood_4/sensitivity_ncsacpa_neighborhood_4__seed9104__20261006-013135__8db33a02,0.15005418730597012,clean,9104,0.9573,0.7388509114583334
0.269070444469969,0.574127197265625,0.558319091796875,0.9460458784114083,0.8960244648318043,9000.0,c6e36d5b9d48f4bdc3ffa9c0110a8dfe4931acdcb8d8d602fc7e4515bb1c010c,0.15444430357420064,sensitivity_ncsacpa_neighborhood_4,0.8745531493659655,ucpa_coord_only,192,0.34784000715536484,0.013995602483963908,/mnt/data/fl_alltiers_audit/outputs/sensitivity_ncsacpa_neighborhood_4/sensitivity_ncsacpa_neighborhood_4__seed9104__20261006-013135__8db33a02,0.14905774599561442,clean,9104,0.9573,0.736083984375
0.2786282247748587,0.574127197265625,0.558319091796875,0.9460458784114083,0.8960244648318043,9000.0,c6e36d5b9d48f4bdc3ffa9c0110a8dfe4931acdcb8d8d602fc7e4515bb1c010c,0.15471849001696683,sensitivity_ncsacpa_neighborhood_4,0.874418771774314,ucpa_whole_only,192,0.3673589893511109,8.374607795640988e-05,/mnt/data/fl_alltiers_audit/outputs/sensitivity_ncsacpa_neighborhood_4/sensitivity_ncsacpa_neighborhood_4__seed9104__20261006-013135__8db33a02,0.1500042626746892,clean,9104,0.9573,0.7389322916666667
0.24724645045471938,0.574127197265625,0.558319091796875,0.9460458784114083,0.8960244648318043,3880.0,c6e36d5b9d48f4bdc3ffa9c0110a8dfe4931acdcb8d8d602fc7e4515bb1c010c,0.15299062222111387,sensitivity_ncsacpa_neighborhood_4,0.8776839034506945,xfedalign_median,192,0.24455169680754632,0.16089079835784564,/mnt/data/fl_alltiers_audit/outputs/sensitivity_ncsacpa_neighborhood_4/sensitivity_ncsacpa_neighborhood_4__seed9104__20261006-013135__8db33a02,0.14422458727682275,clean,9104,0.9573,0.759765625
0.2366440727861142,0.534149169921875,0.510589599609375,0.9354723506399607,0.8211143695014663,3880.0,c6e36d5b9d48f4bdc3ffa9c0110a8dfe4931acdcb8d8d602fc7e4515bb1c010c,0.15953014090370443,sensitivity_ncsacpa_neighborhood_4,0.883175553344093,cluster,192,0.2848783970092391,0.08493676881668116,/mnt/data/fl_alltiers_audit/outputs/sensitivity_ncsacpa_neighborhood_4/sensitivity_ncsacpa_neighborhood_4__seed9103__20261006-011747__61322250,0.1456399174241505,clean,9103,0.9575,0.7659505208333333
0.17574623514455454,0.534149169921875,0.510589599609375,0.9354723506399607,0.8211143695014663,3880.0,c6e36d5b9d48f4bdc3ffa9c0110a8dfe4931acdcb8d8d602fc7e4515bb1c010c,0.2220950978658967,sensitivity_ncsacpa_neighborhood_4,0.8476354848700188,fedattr_mean,192,0.0,2.1042848140171885e-17,/mnt/data/fl_alltiers_audit/outputs/sensitivity_ncsacpa_neighborhood_4/sensitivity_ncsacpa_neighborhood_4__seed9103__20261006-011747__61322250,0.29356149374953944,clean,9103,0.9575,0.49971516927083337
0.2815509867711701,0.534149169921875,0.510589599609375,0.9354723506399607,0.8211143695014663,0.0,c6e36d5b9d48f4bdc3ffa9c0110a8dfe4931acdcb8d8d602fc7e4515bb1c010c,0.15839002244635292,sensitivity_ncsacpa_neighborhood_4,0.8844408576100251,local,192,0.37890848402800387,0.24027233605329548,/mnt/data/fl_alltiers_audit/outputs/sensitivity_ncsacpa_neighborhood_4/sensitivity_ncsacpa_neighborhood_4__seed9103__20261006-011747__61322250,0.12684719160540853,clean,9103,0.9575,0.8369547526041667
0.1795194266883357,0.534149169921875,0.510589599609375,0.9354723506399607,0.8211143695014663,3880.0,c6e36d5b9d48f4bdc3ffa9c0110a8dfe4931acdcb8d8d602fc7e4515bb1c010c,0.18615551597880162,sensitivity_ncsacpa_neighborhood_4,0.8695127412368795,nc_sacpa,192,0.104540436962559,0.008308567502476922,/mnt/data/fl_alltiers_audit/outputs/sensitivity_ncsacpa_neighborhood_4/sensitivity_ncsacpa_neighborhood_4__seed9103__20261006-011747__61322250,0.22790499865902505,clean,9103,0.9575,0.5885416666666667
0.18380836338658194,0.534149169921875,0.510589599609375,0.9354723506399607,0.8211143695014663,3880.0,c6e36d5b9d48f4bdc3ffa9c0110a8dfe4931acdcb8d8d602fc7e4515bb1c010c,0.17447857307994735,sensitivity_ncsacpa_neighborhood_4,0.8754298111727015,sacpa_global_count,192,0.07295845966819181,0.038301387752902906,/mnt/data/fl_alltiers_audit/outputs/sensitivity_ncsacpa_neighborhood_4/sensitivity_ncsacpa_neighborhood_4__seed9103__20261006-011747__61322250,0.20565766827430998,clean,9103,0.9575,0.63134765625
0.2814806959544419,0.534149169921875,0.510589599609375,0.9354723506399607,0.8211143695014663,9000.0,c6e36d5b9d48f4bdc3ffa9c0110a8dfe4931acdcb8d8d602fc7e4515bb1c010c,0.1614908099647437,sensitivity_ncsacpa_neighborhood_4,0.8822690451556507,ucpa,192,0.37880316055569135,1.1367080298455036e-05,/mnt/data/fl_alltiers_audit/outputs/sensitivity_ncsacpa_neighborhood_4/sensitivity_ncsacpa_neighborhood_4__seed9103__20261006-011747__61322250,0.14841581858846165,clean,9103,0.9575,0.7428792317708334
0.26980716481901856,0.534149169921875,0.510589599609375,0.9354723506399607,0.8211143695014663,9000.0,c6e36d5b9d48f4bdc3ffa9c0110a8dfe4931acdcb8d8d602fc7e4515bb1c010c,0.16176266100689343,sensitivity_ncsacpa_neighborhood_4,0.8828449136571483,ucpa_coord_only,192,0.355269997796724,0.017221989205989944,/mnt/data/fl_alltiers_audit/outputs/sensitivity_ncsacpa_neighborhood_4/sensitivity_ncsacpa_neighborhood_4__seed9103__20261006-011747__61322250,0.14724650652996907,clean,9103,0.9575,0.7394205729166667
0.28113347559767465,0.534149169921875,0.510589599609375,0.9354723506399607,0.8211143695014663,9000.0,c6e36d5b9d48f4bdc3ffa9c0110a8dfe4931acdcb8d8d602fc7e4515bb1c010c,0.16149568221468752,sensitivity_ncsacpa_neighborhood_4,0.8822726580838207,ucpa_whole_only,192,0.3783032095720416,8.5390431566293e-05,/mnt/data/fl_alltiers_audit/outputs/sensitivity_ncsacpa_neighborhood_4/sensitivity_ncsacpa_neighborhood_4__seed9103__20261006-011747__61322250,0.14835714905037384,clean,9103,0.9575,0.7426350911458334
0.24948967895774227,0.534149169921875,0.510589599609375,0.9354723506399607,0.8211143695014663,3880.0,c6e36d5b9d48f4bdc3ffa9c0110a8dfe4931acdcb8d8d602fc7e4515bb1c010c,0.16057467396870684,sensitivity_ncsacpa_neighborhood_4,0.8843738107834118,xfedalign_median,192,0.25472398147122927,0.17207856511511652,/mnt/data/fl_alltiers_audit/outputs/sensitivity_ncsacpa_neighborhood_4/sensitivity_ncsacpa_neighborhood_4__seed9103__20261006-011747__61322250,0.14356331458261617,clean,9103,0.9575,0.7626953125
0.5363882820960331,0.54681396484375,0.50946044921875,0.4782284144987909,0.21680672268907564,7720.0,fc495a328c2950de56d79947677fcae83ca6ae2faf203d9c5507a1227f04d572,0.2554426240491011,core_cifar10_color,0.2993030609683046,cluster,192,0.5449232616193465,0.14426930913848907,/mnt/data/fl_alltiers_audit/outputs/core_cifar10_color/core_cifar10_color__seed9101__20261005-055613__7c315dff,0.171465023458416,clean,9101,0.4632,0.13604736328125
0.37901041101819777,0.54681396484375,0.50946044921875,0.4782284144987909,0.21680672268907564,7720.0,fc495a328c2950de56d79947677fcae83ca6ae2faf203d9c5507a1227f04d572,0.19041252708630055,core_cifar10_color,0.2508490788656369,fedattr_mean,192,0.0,1.781818187829004e-17,/mnt/data/fl_alltiers_audit/outputs/core_cifar10_color/core_cifar10_color__seed9101__20261005-055613__7c315dff,0.40678683085913053,clean,9101,0.4632,0.09157307942708334
0.5973536176622894,0.54681396484375,0.50946044921875,0.4782284144987909,0.21680672268907564,0.0,fc495a328c2950de56d79947677fcae83ca6ae2faf203d9c5507a1227f04d572,0.26160613017042733,core_cifar10_color,0.2831264147302136,local,192,0.6479235026624828,0.4447390095639346,/mnt/data/fl_alltiers_audit/outputs/core_cifar10_color/core_cifar10_color__seed9101__20261005-055613__7c315dff,0.15457813720818264,clean,9101,0.4632,0.16341145833333334
0.5603778128911342,0.54681396484375,0.50946044921875,0.4782284144987909,0.21680672268907564,7720.0,fc495a328c2950de56d79947677fcae83ca6ae2faf203d9c5507a1227f04d572,0.25989504213042286,core_cifar10_color,0.2869022568176054,nc_sacpa,192,0.5131618868662203,0.01559889724127073,/mnt/data/fl_alltiers_audit/outputs/core_cifar10_color/core_cifar10_color__seed9101__20261005-055613__7c315dff,0.3949951436111466,clean,9101,0.4632,0.10854085286458334
0.4933727940914305,0.54681396484375,0.50946044921875,0.4782284144987909,0.21680672268907564,7720.0,fc495a328c2950de56d79947677fcae83ca6ae2faf203d9c5507a1227f04d572,0.2433190566207486,core_cifar10_color,0.2921090319541084,sacpa_global_count,192,0.24967513539236846,0.05752505601325212,/mnt/data/fl_alltiers_audit/outputs/core_cifar10_color/core_cifar10_color__seed9101__20261005-055613__7c315dff,0.2632081424689182,clean,9101,0.4632,0.09979248046875
0.5973536011864865,0.54681396484375,0.50946044921875,0.4782284144987909,0.21680672268907564,17960.0,fc495a328c2950de56d79947677fcae83ca6ae2faf203d9c5507a1227f04d572,0.2636703061090278,core_cifar10_color,0.2853206433430993,ucpa,192,0.6479234943398628,1.6685241035816844e-09,/mnt/data/fl_alltiers_audit/outputs/core_cifar10_color/core_cifar10_color__seed9101__20261005-055613__7c315dff,0.1909090180305582,clean,9101,0.4632,0.13515218098958331
0.5968702826353329,0.54681396484375,0.50946044921875,0.4782284144987909,0.21680672268907564,17960.0,fc495a328c2950de56d79947677fcae83ca6ae2faf203d9c5507a1227f04d572,0.2636507626858171,core_cifar10_color,0.2852674193813679,ucpa_coord_only,192,0.6472698541496208,0.0011969097032561433,/mnt/data/fl_alltiers_audit/outputs/core_cifar10_color/core_cifar10_color__seed9101__20261005-055613__7c315dff,0.19088172404193765,clean,9101,0.4632,0.13503011067708331
0.5973528576995186,0.54681396484375,0.50946044921875,0.4782284144987909,0.21680672268907564,17960.0,fc495a328c2950de56d79947677fcae83ca6ae2faf203d9c5507a1227f04d572,0.2636703061090278,core_cifar10_color,0.2853206433430993,ucpa_whole_only,192,0.647923034894891,9.35304248166066e-08,/mnt/data/fl_alltiers_audit/outputs/core_cifar10_color/core_cifar10_color__seed9101__20261005-055613__7c315dff,0.19090899859493166,clean,9101,0.4632,0.13515218098958331
0.5991620654579868,0.54681396484375,0.50946044921875,0.4782284144987909,0.21680672268907564,7720.0,fc495a328c2950de56d79947677fcae83ca6ae2faf203d9c5507a1227f04d572,0.2627785708499384,core_cifar10_color,0.28409068992356573,xfedalign_median,192,0.5268497192154381,0.4020944382797632,/mnt/data/fl_alltiers_audit/outputs/core_cifar10_color/core_cifar10_color__seed9101__20261005-055613__7c315dff,0.20073982441193186,clean,9101,0.4632,0.162841796875
0.5151523563874517,0.551361083984375,0.516143798828125,0.5950573623339599,0.4350282485875706,7720.0,fc495a328c2950de56d79947677fcae83ca6ae2faf203d9c5507a1227f04d572,0.19113564038072278,core_cifar10_color,0.3068725447953208,cluster,192,0.5185161351221892,0.16466487151645165,/mnt/data/fl_alltiers_audit/outputs/core_cifar10_color/core_cifar10_color__seed9105__20261005-071300__37e5bb58,0.15712806708525642,clean,9105,0.5973,0.14581298828125
0.3718907251642139,0.551361083984375,0.516143798828125,0.5950573623339599,0.4350282485875706,7720.0,fc495a328c2950de56d79947677fcae83ca6ae2faf203d9c5507a1227f04d572,0.1917656398343657,core_cifar10_color,0.24008370594033293,fedattr_mean,192,0.0,1.4014740762161734e-17,/mnt/data/fl_alltiers_audit/outputs/core_cifar10_color/core_cifar10_color__seed9105__20261005-071300__37e5bb58,0.4044827054810566,clean,9105,0.5973,0.0985107421875
0.5926612396074633,0.551361083984375,0.516143798828125,0.5950573623339599,0.4350282485875706,0.0,fc495a328c2950de56d79947677fcae83ca6ae2faf203d9c5507a1227f04d572,0.20418172843659477,core_cifar10_color,0.30382935657942955,local,192,0.6493561358472533,0.4474483064042358,/mnt/data/fl_alltiers_audit/outputs/core_cifar10_color/core_cifar10_color__seed9105__20261005-071300__37e5bb58,0.14193998114904377,clean,9105,0.5973,0.16689046223958331
0.5536018913603966,0.551361083984375,0.516143798828125,0.5950573623339599,0.4350282485875706,7720.0,fc495a328c2950de56d79947677fcae83ca6ae2faf203d9c5507a1227f04d572,0.2003863265482702,core_cifar10_color,0.30403407579973796,nc_sacpa,192,0.5134526254885393,0.01559746169975871,/mnt/data/fl_alltiers_audit/outputs/core_cifar10_color/core_cifar10_color__seed9105__20261005-071300__37e5bb58,0.3884735272387605,clean,9105,0.5973,0.11411539713541667
0.4876415825139063,0.551361083984375,0.516143798828125,0.5950573623339599,0.4350282485875706,7720.0,fc495a328c2950de56d79947677fcae83ca6ae2faf203d9c5507a1227f04d572,0.18821559269633023,core_cifar10_color,0.30392834127604446,sacpa_global_count,192,0.25377341414199944,0.057158658396944645,/mnt/data/fl_alltiers_audit/outputs/core_cifar10_color/core_cifar10_color__seed9105__20261005-071300__37e5bb58,0.25663545977802404,clean,9105,0.5973,0.10231526692708333
0.5926612039334063,0.551361083984375,0.516143798828125,0.5950573623339599,0.4350282485875706,17960.0,fc495a328c2950de56d79947677fcae83ca6ae2faf203d9c5507a1227f04d572,0.20283091547124932,core_cifar10_color,0.2996224506881314,ucpa,192,0.6493561057526219,6.4314576115631356e-09,/mnt/data/fl_alltiers_audit/outputs/core_cifar10_color/core_cifar10_color__seed9105__20261005-071300__37e5bb58,0.17838061527851945,clean,9105,0.5973,0.13987223307291666
0.5919475742426974,0.551361083984375,0.516143798828125,0.5950573623339599,0.4350282485875706,17960.0,fc495a328c2950de56d79947677fcae83ca6ae2faf203d9c5507a1227f04d572,0.2026708135658642,core_cifar10_color,0.2996128710472552,ucpa_coord_only,192,0.6477845769182344,0.0027703589499123125,/mnt/data/fl_alltiers_audit/outputs/core_cifar10_color/core_cifar10_color__seed9105__20261005-071300__37e5bb58,0.1783321027664701,clean,9105,0.5973,0.13975016276041669
0.5926602247182774,0.551361083984375,0.516143798828125,0.5950573623339599,0.4350282485875706,17960.0,fc495a328c2950de56d79947677fcae83ca6ae2faf203d9c5507a1227f04d572,0.20283091547124932,core_cifar10_color,0.2996224506881314,ucpa_whole_only,192,0.6493554710192943,1.3535640847785976e-07,/mnt/data/fl_alltiers_audit/outputs/core_cifar10_color/core_cifar10_color__seed9105__20261005-071300__37e5bb58,0.178380581150518,clean,9105,0.5973,0.13987223307291666
0.5956892219183001,0.551361083984375,0.516143798828125,0.5950573623339599,0.4350282485875706,7720.0,fc495a328c2950de56d79947677fcae83ca6ae2faf203d9c5507a1227f04d572,0.2034546860489513,core_cifar10_color,0.3040656202828586,xfedalign_median,192,0.513791221853674,0.40954189062134294,/mnt/data/fl_alltiers_audit/outputs/core_cifar10_color/core_cifar10_color__seed9105__20261005-071300__37e5bb58,0.19887335387895108,clean,9105,0.5973,0.16628011067708331
0.5127071384577615,0.538055419921875,0.530029296875,0.6115295928011213,0.4067796610169492,7720.0,fc495a328c2950de56d79947677fcae83ca6ae2faf203d9c5507a1227f04d572,0.15485046888861687,core_cifar10_color,0.22531137724035943,cluster,192,0.5102552501661896,0.15738876461755835,/mnt/data/fl_alltiers_audit/outputs/core_cifar10_color/core_cifar10_color__seed9104__20261005-065342__e458eaa6,0.16596188402683956,clean,9104,0.5942,0.14691162109375
0.3660574550456591,0.538055419921875,0.530029296875,0.6115295928011213,0.4067796610169492,7720.0,fc495a328c2950de56d79947677fcae83ca6ae2faf203d9c5507a1227f04d572,0.13879551057143547,core_cifar10_color,0.16816620698252033,fedattr_mean,192,0.0,1.8651196646716025e-17,/mnt/data/fl_alltiers_audit/outputs/core_cifar10_color/core_cifar10_color__seed9104__20261005-065342__e458eaa6,0.4064919023652036,clean,9104,0.5942,0.10316975911458334
0.5905039256228402,0.538055419921875,0.530029296875,0.6115295928011213,0.4067796610169492,0.0,fc495a328c2950de56d79947677fcae83ca6ae2faf203d9c5507a1227f04d572,0.16794986201966822,core_cifar10_color,0.23019197496287233,local,192,0.6387411091934813,0.43614539285468934,/mnt/data/fl_alltiers_audit/outputs/core_cifar10_color/core_cifar10_color__seed9104__20261005-065342__e458eaa6,0.15253030799241032,clean,9104,0.5942,0.16042073567708334
0.5456555380508739,0.538055419921875,0.530029296875,0.6115295928011213,0.4067796610169492,7720.0,fc495a328c2950de56d79947677fcae83ca6ae2faf203d9c5507a1227f04d572,0.16587454627339562,core_cifar10_color,0.22680942713595864,nc_sacpa,192,0.4861080809755766,0.014529075908612424,/mnt/data/fl_alltiers_audit/outputs/core_cifar10_color/core_cifar10_color__seed9104__20261005-065342__e458eaa6,0.38774115745523186,clean,9104,0.5942,0.11138916015625
0.48161144527504945,0.538055419921875,0.530029296875,0.6115295928011213,0.4067796610169492,7720.0,fc495a328c2950de56d79947677fcae83ca6ae2faf203d9c5507a1227f04d572,0.15057677487990684,core_cifar10_color,0.22568486987996345,sacpa_global_count,192,0.24359566843960848,0.054662957180861116,/mnt/data/fl_alltiers_audit/outputs/core_cifar10_color/core_cifar10_color__seed9104__20261005-065342__e458eaa6,0.26106340269252076,clean,9104,0.5942,0.10691324869791666
0.5905038856773946,0.538055419921875,0.530029296875,0.6115295928011213,0.4067796610169492,17960.0,fc495a328c2950de56d79947677fcae83ca6ae2faf203d9c5507a1227f04d572,0.1677064443035003,core_cifar10_color,0.22821463061760974,ucpa,192,0.6387410891387608,4.434639701941107e-09,/mnt/data/fl_alltiers_audit/outputs/core_cifar10_color/core_cifar10_color__seed9104__20261005-065342__e458eaa6,0.18860169423582812,clean,9104,0.5942,0.13289388020833331
0.5899216973825608,0.538055419921875,0.530029296875,0.6115295928011213,0.4067796610169492,17960.0,fc495a328c2950de56d79947677fcae83ca6ae2faf203d9c5507a1227f04d572,0.16775082043253253,core_cifar10_color,0.2282558606449735,ucpa_coord_only,192,0.638004044013086,0.001322571843169164,/mnt/data/fl_alltiers_audit/outputs/core_cifar10_color/core_cifar10_color__seed9104__20261005-065342__e458eaa6,0.1885508297333538,clean,9104,0.5942,0.13277180989583331
0.5905015846271907,0.538055419921875,0.530029296875,0.6115295928011213,0.4067796610169492,17960.0,fc495a328c2950de56d79947677fcae83ca6ae2faf203d9c5507a1227f04d572,0.1677086760201443,core_cifar10_color,0.22821510150594498,ucpa_whole_only,192,0.6387391380863625,3.3347238818675585e-07,/mnt/data/fl_alltiers_audit/outputs/core_cifar10_color/core_cifar10_color__seed9104__20261005-065342__e458eaa6,0.18860156361021974,clean,9104,0.5942,0.13287353515625
0.5907611895215197,0.538055419921875,0.530029296875,0.6115295928011213,0.4067796610169492,7720.0,fc495a328c2950de56d79947677fcae83ca6ae2faf203d9c5507a1227f04d572,0.16592857227721347,core_cifar10_color,0.23008618777324347,xfedalign_median,192,0.5007414192033304,0.3985254135566898,/mnt/data/fl_alltiers_audit/outputs/core_cifar10_color/core_cifar10_color__seed9104__20261005-065342__e458eaa6,0.20433492397602335,clean,9104,0.5942,0.1597900390625
0.5208572715420456,0.5676414340150122,0.5533173205805759,0.5734772366136316,0.25098039215686274,7720.0,fc495a328c2950de56d79947677fcae83ca6ae2faf203d9c5507a1227f04d572,0.13664440136684003,core_cifar10_color,0.2451019923642978,cluster,185,0.5239945690035935,0.15974050114018018,/mnt/data/fl_alltiers_audit/outputs/core_cifar10_color/core_cifar10_color__seed9102__20261005-061524__21d3f550,0.16848808010531524,clean,9102,0.5795,0.13084501378676472
0.379907498375395,0.5676414340150122,0.5533173205805759,0.5734772366136316,0.25098039215686274,7720.0,fc495a328c2950de56d79947677fcae83ca6ae2faf203d9c5507a1227f04d572,0.13843311288478427,core_cifar10_color,0.2051164500634995,fedattr_mean,185,0.0,1.767209190862348e-17,/mnt/data/fl_alltiers_audit/outputs/core_cifar10_color/core_cifar10_color__seed9102__20261005-061524__21d3f550,0.41372913248393894,clean,9102,0.5795,0.1005392635569853
0.5958418332497024,0.5676414340150122,0.5533173205805759,0.5734772366136316,0.25098039215686274,0.0,fc495a328c2950de56d79947677fcae83ca6ae2faf203d9c5507a1227f04d572,0.139727269358285,core_cifar10_color,0.2402015026904961,local,185,0.6481481359030926,0.4424038904485828,/mnt/data/fl_alltiers_audit/outputs/core_cifar10_color/core_cifar10_color__seed9102__20261005-061524__21d3f550,0.15312767984148298,clean,9102,0.5795,0.15050312117034312
0.5572124458806675,0.5676414340150122,0.5533173205805759,0.5734772366136316,0.25098039215686274,7720.0,fc495a328c2950de56d79947677fcae83ca6ae2faf203d9c5507a1227f04d572,0.13746200621970134,core_cifar10_color,0.24448056639370513,nc_sacpa,185,0.5069886933943297,0.015289351714592624,/mnt/data/fl_alltiers_audit/outputs/core_cifar10_color/core_cifar10_color__seed9102__20261005-061524__21d3f550,0.3954582039123802,clean,9102,0.5795,0.10159720626531864
0.49548162748286906,0.5676414340150122,0.5533173205805759,0.5734772366136316,0.25098039215686274,7720.0,fc495a328c2950de56d79947677fcae83ca6ae2faf203d9c5507a1227f04d572,0.12644484319727212,core_cifar10_color,0.2495484221623027,sacpa_global_count,185,0.25577391047478254,0.05630361813977156,/mnt/data/fl_alltiers_audit/outputs/core_cifar10_color/core_cifar10_color__seed9102__20261005-061524__21d3f550,0.26735091564768926,clean,9102,0.5795,0.09292063993566177
0.5958417790388286,0.5676414340150122,0.5533173205805759,0.5734772366136316,0.25098039215686274,17960.0,fc495a328c2950de56d79947677fcae83ca6ae2faf203d9c5507a1227f04d572,0.14028738353472006,core_cifar10_color,0.23998428227858526,ucpa,185,0.6481481060960953,4.89816964333089e-09,/mnt/data/fl_alltiers_audit/outputs/core_cifar10_color/core_cifar10_color__seed9102__20261005-061524__21d3f550,0.18937802991003655,clean,9102,0.5795,0.12547870710784315
0.5949321837455643,0.5676414340150122,0.5533173205805759,0.5734772366136316,0.25098039215686274,17960.0,fc495a328c2950de56d79947677fcae83ca6ae2faf203d9c5507a1227f04d572,0.14050393348900747,core_cifar10_color,0.2403871690939227,ucpa_coord_only,185,0.6468328965591696,0.0020339808597185545,/mnt/data/fl_alltiers_audit/outputs/core_cifar10_color/core_cifar10_color__seed9102__20261005-061524__21d3f550,0.1892607220595651,clean,9102,0.5795,0.1254703297334559
0.5958409407613163,0.5676414340150122,0.5533173205805759,0.5734772366136316,0.25098039215686274,17960.0,fc495a328c2950de56d79947677fcae83ca6ae2faf203d9c5507a1227f04d572,0.14028816275873646,core_cifar10_color,0.23998256224220527,ucpa_whole_only,185,0.648147543083943,1.1139996946021395e-07,/mnt/data/fl_alltiers_audit/outputs/core_cifar10_color/core_cifar10_color__seed9102__20261005-061524__21d3f550,0.18937799396428656,clean,9102,0.5795,0.12547870710784315
0.5979473245822844,0.5676414340150122,0.5533173205805759,0.5734772366136316,0.25098039215686274,7720.0,fc495a328c2950de56d79947677fcae83ca6ae2faf203d9c5507a1227f04d572,0.13931891781040204,core_cifar10_color,0.24019520769719943,xfedalign_median,185,0.5284885580412383,0.4019747119538431,/mnt/data/fl_alltiers_audit/outputs/core_cifar10_color/core_cifar10_color__seed9102__20261005-061524__21d3f550,0.2050800392217997,clean,9102,0.5795,0.14972282858455882
0.5319907274814717,0.549468994140625,0.543975830078125,0.5570683708757721,0.09896907216494845,7720.0,fc495a328c2950de56d79947677fcae83ca6ae2faf203d9c5507a1227f04d572,0.12340712718644986,core_cifar10_color,0.2864846138295964,cluster,192,0.5395958101267547,0.1419426992995693,/mnt/data/fl_alltiers_audit/outputs/core_cifar10_color/core_cifar10_color__seed9103__20261005-063431__2ac0fccd,0.1685561606727874,clean,9103,0.5857,0.1334228515625
0.36986963803208844,0.549468994140625,0.543975830078125,0.5570683708757721,0.09896907216494845,7720.0,fc495a328c2950de56d79947677fcae83ca6ae2faf203d9c5507a1227f04d572,0.13217362417975287,core_cifar10_color,0.23641532165083845,fedattr_mean,192,0.0,1.6094559517322182e-17,/mnt/data/fl_alltiers_audit/outputs/core_cifar10_color/core_cifar10_color__seed9103__20261005-063431__2ac0fccd,0.4070396384315008,clean,9103,0.5857,0.097900390625
0.593317377607328,0.549468994140625,0.543975830078125,0.5570683708757721,0.09896907216494845,0.0,fc495a328c2950de56d79947677fcae83ca6ae2faf203d9c5507a1227f04d572,0.12627615510973556,core_cifar10_color,0.2784395683178009,local,192,0.643181937420692,0.44068015708955016,/mnt/data/fl_alltiers_audit/outputs/core_cifar10_color/core_cifar10_color__seed9103__20261005-063431__2ac0fccd,0.14964211732550736,clean,9103,0.5857,0.15032958984375
0.5477671500550287,0.549468994140625,0.543975830078125,0.5570683708757721,0.09896907216494845,7720.0,fc495a328c2950de56d79947677fcae83ca6ae2faf203d9c5507a1227f04d572,0.12308331925347982,core_cifar10_color,0.2872635697685685,nc_sacpa,192,0.48689985602221364,0.015703961213355364,/mnt/data/fl_alltiers_audit/outputs/core_cifar10_color/core_cifar10_color__seed9103__20261005-063431__2ac0fccd,0.3840433646128186,clean,9103,0.5857,0.11594645182291667
0.48433657647941997,0.549468994140625,0.543975830078125,0.5570683708757721,0.09896907216494845,7720.0,fc495a328c2950de56d79947677fcae83ca6ae2faf203d9c5507a1227f04d572,0.11824425436061575,core_cifar10_color,0.2909320224908887,sacpa_global_count,192,0.24310768396501592,0.057504242049543165,/mnt/data/fl_alltiers_audit/outputs/core_cifar10_color/core_cifar10_color__seed9103__20261005-063431__2ac0fccd,0.261518721890763,clean,9103,0.5857,0.10599772135416666
0.5933173646317955,0.549468994140625,0.543975830078125,0.5570683708757721,0.09896907216494845,17960.0,fc495a328c2950de56d79947677fcae83ca6ae2faf203d9c5507a1227f04d572,0.1261701046126594,core_cifar10_color,0.27980478031095496,ucpa,192,0.6431819303283235,1.4502512787234626e-09,/mnt/data/fl_alltiers_audit/outputs/core_cifar10_color/core_cifar10_color__seed9103__20261005-063431__2ac0fccd,0.18518208506225198,clean,9103,0.5857,0.1326904296875
0.5928698671120844,0.549468994140625,0.543975830078125,0.5570683708757721,0.09896907216494845,17960.0,fc495a328c2950de56d79947677fcae83ca6ae2faf203d9c5507a1227f04d572,0.12618794575597955,core_cifar10_color,0.2798209846136956,ucpa_coord_only,192,0.6425513008922944,0.0011189737653996572,/mnt/data/fl_alltiers_audit/outputs/core_cifar10_color/core_cifar10_color__seed9103__20261005-063431__2ac0fccd,0.1851641516469506,clean,9103,0.5857,0.13260904947916669
0.5933159277174447,0.549468994140625,0.543975830078125,0.5570683708757721,0.09896907216494845,17960.0,fc495a328c2950de56d79947677fcae83ca6ae2faf203d9c5507a1227f04d572,0.12616763239845263,core_cifar10_color,0.2798063576085686,ucpa_whole_only,192,0.6431808799816238,1.9395954589672984e-07,/mnt/data/fl_alltiers_audit/outputs/core_cifar10_color/core_cifar10_color__seed9103__20261005-063431__2ac0fccd,0.18518200735719348,clean,9103,0.5857,0.1326904296875
0.5940116811596623,0.549468994140625,0.543975830078125,0.5570683708757721,0.09896907216494845,7720.0,fc495a328c2950de56d79947677fcae83ca6ae2faf203d9c5507a1227f04d572,0.1250919038140637,core_cifar10_color,0.27932226325288334,xfedalign_median,192,0.5063650252528765,0.40322900552183527,/mnt/data/fl_alltiers_audit/outputs/core_cifar10_color/core_cifar10_color__seed9103__20261005-063431__2ac0fccd,0.20260557115875055,clean,9103,0.5857,0.14984130859375
0.467873474693527,0.694427490234375,0.56829833984375,0.5956855348802853,0.3672316384180791,7720.0,684cbf87da978597f219db656775d2072ce2e2cc934118edc9655d8bae9a6403,0.1659337612087711,stress_cifar10_rotation_task_ig,0.29336767505852396,cluster,192,0.41743916727603825,0.1271683738088828,/mnt/data/fl_alltiers_audit/outputs/stress_cifar10_rotation_task_ig/stress_cifar10_rotation_task_ig__seed9105__20261005-142308__57e84779,0.026483438013216846,clean,9105,0.5947,0.69268798828125
0.3500495173973658,0.694427490234375,0.56829833984375,0.5956855348802853,0.3672316384180791,7720.0,684cbf87da978597f219db656775d2072ce2e2cc934118edc9655d8bae9a6403,0.1673596278767036,stress_cifar10_rotation_task_ig,0.23535435429930657,fedattr_mean,192,0.0,1.6614994837890598e-17,/mnt/data/fl_alltiers_audit/outputs/stress_cifar10_rotation_task_ig/stress_cifar10_rotation_task_ig__seed9105__20261005-142308__57e84779,0.3862281786647513,clean,9105,0.5947,0.24428304036458334
0.5386066896296642,0.694427490234375,0.56829833984375,0.5956855348802853,0.3672316384180791,0.0,684cbf87da978597f219db656775d2072ce2e2cc934118edc9655d8bae9a6403,0.17685839129536968,stress_cifar10_rotation_task_ig,0.2808419730664203,local,192,0.5417380975672573,0.3466061861604053,/mnt/data/fl_alltiers_audit/outputs/stress_cifar10_rotation_task_ig/stress_cifar10_rotation_task_ig__seed9105__20261005-142308__57e84779,0.0,clean,9105,0.5947,1.0
0.45103721525543294,0.694427490234375,0.56829833984375,0.5956855348802853,0.3672316384180791,7720.0,684cbf87da978597f219db656775d2072ce2e2cc934118edc9655d8bae9a6403,0.17213982491005786,stress_cifar10_rotation_task_ig,0.2954481595071078,nc_sacpa,192,0.2655487658745238,0.01514468986664698,/mnt/data/fl_alltiers_audit/outputs/stress_cifar10_rotation_task_ig/stress_cifar10_rotation_task_ig__seed9105__20261005-142308__57e84779,0.2694311720085749,clean,9105,0.5947,0.26446533203125
0.4044291646344411,0.694427490234375,0.56829833984375,0.5956855348802853,0.3672316384180791,7720.0,684cbf87da978597f219db656775d2072ce2e2cc934118edc9655d8bae9a6403,0.1700930140995297,stress_cifar10_rotation_task_ig,0.29714655168478055,sacpa_global_count,192,0.14276365308326838,0.05612364349844491,/mnt/data/fl_alltiers_audit/outputs/stress_cifar10_rotation_task_ig/stress_cifar10_rotation_task_ig__seed9105__20261005-142308__57e84779,0.14048104384072568,clean,9105,0.5947,0.29738362630208337
0.5386064484247481,0.694427490234375,0.56829833984375,0.5956855348802853,0.3672316384180791,17960.0,684cbf87da978597f219db656775d2072ce2e2cc934118edc9655d8bae9a6403,0.17220071677276488,stress_cifar10_rotation_task_ig,0.28638520882076746,ucpa,192,0.5417378557413002,2.552183871762914e-08,/mnt/data/fl_alltiers_audit/outputs/stress_cifar10_rotation_task_ig/stress_cifar10_rotation_task_ig__seed9105__20261005-142308__57e84779,0.03808977839122143,clean,9105,0.5947,0.65350341796875
0.5368174428932363,0.694427490234375,0.56829833984375,0.5956855348802853,0.3672316384180791,17960.0,684cbf87da978597f219db656775d2072ce2e2cc934118edc9655d8bae9a6403,0.1725154137880054,stress_cifar10_rotation_task_ig,0.2862147356414956,ucpa_coord_only,192,0.5388962559563724,0.0024659420777231947,/mnt/data/fl_alltiers_audit/outputs/stress_cifar10_rotation_task_ig/stress_cifar10_rotation_task_ig__seed9105__20261005-142308__57e84779,0.03791332784878222,clean,9105,0.5947,0.6530558268229166
0.5385817166245179,0.694427490234375,0.56829833984375,0.5956855348802853,0.3672316384180791,17960.0,684cbf87da978597f219db656775d2072ce2e2cc934118edc9655d8bae9a6403,0.17219361735874372,stress_cifar10_rotation_task_ig,0.2863919183824919,ucpa_whole_only,192,0.5417074624352496,3.551727166925483e-06,/mnt/data/fl_alltiers_audit/outputs/stress_cifar10_rotation_task_ig/stress_cifar10_rotation_task_ig__seed9105__20261005-142308__57e84779,0.03808755642627719,clean,9105,0.5947,0.65350341796875
0.517166021161205,0.694427490234375,0.56829833984375,0.5956855348802853,0.3672316384180791,7720.0,684cbf87da978597f219db656775d2072ce2e2cc934118edc9655d8bae9a6403,0.17077162155781783,stress_cifar10_rotation_task_ig,0.28829356544101753,xfedalign_median,192,0.39141915914693565,0.2901480051844362,/mnt/data/fl_alltiers_audit/outputs/stress_cifar10_rotation_task_ig/stress_cifar10_rotation_task_ig__seed9105__20261005-142308__57e84779,0.04557056587792584,clean,9105,0.5947,0.79547119140625
0.46378657614381663,0.63214111328125,0.54718017578125,0.5759928124851273,0.4711864406779661,7720.0,684cbf87da978597f219db656775d2072ce2e2cc934118edc9655d8bae9a6403,0.11820431042178825,stress_cifar10_rotation_task_ig,0.2397294936550073,cluster,192,0.39206086999456646,0.11038765546916737,/mnt/data/fl_alltiers_audit/outputs/stress_cifar10_rotation_task_ig/stress_cifar10_rotation_task_ig__seed9104__20261005-140626__e2df80b3,0.0263176493963945,clean,9104,0.5238,0.6694539388020834
0.34411302583475173,0.63214111328125,0.54718017578125,0.5759928124851273,0.4711864406779661,7720.0,684cbf87da978597f219db656775d2072ce2e2cc934118edc9655d8bae9a6403,0.1250786718802677,stress_cifar10_rotation_task_ig,0.18391837754121146,fedattr_mean,192,0.0,1.7336717934577798e-17,/mnt/data/fl_alltiers_audit/outputs/stress_cifar10_rotation_task_ig/stress_cifar10_rotation_task_ig__seed9104__20261005-140626__e2df80b3,0.3818332479946062,clean,9104,0.5238,0.28059895833333337
0.5253991676367918,0.63214111328125,0.54718017578125,0.5759928124851273,0.4711864406779661,0.0,684cbf87da978597f219db656775d2072ce2e2cc934118edc9655d8bae9a6403,0.12334199571159843,stress_cifar10_rotation_task_ig,0.22559494742296615,local,192,0.5070865601831863,0.3175365140905369,/mnt/data/fl_alltiers_audit/outputs/stress_cifar10_rotation_task_ig/stress_cifar10_rotation_task_ig__seed9104__20261005-140626__e2df80b3,0.0,clean,9104,0.5238,1.0
0.4381802531340799,0.63214111328125,0.54718017578125,0.5759928124851273,0.4711864406779661,7720.0,684cbf87da978597f219db656775d2072ce2e2cc934118edc9655d8bae9a6403,0.1196788779113073,stress_cifar10_rotation_task_ig,0.23965799403207105,nc_sacpa,192,0.2327380106673591,0.013916079128578363,/mnt/data/fl_alltiers_audit/outputs/stress_cifar10_rotation_task_ig/stress_cifar10_rotation_task_ig__seed9104__20261005-140626__e2df80b3,0.2605120409687768,clean,9104,0.5238,0.302490234375
0.3943691786887582,0.63214111328125,0.54718017578125,0.5759928124851273,0.4711864406779661,7720.0,684cbf87da978597f219db656775d2072ce2e2cc934118edc9655d8bae9a6403,0.12032604382378242,stress_cifar10_rotation_task_ig,0.24285566555166344,sacpa_global_count,192,0.12690006785313473,0.05192633671866774,/mnt/data/fl_alltiers_audit/outputs/stress_cifar10_rotation_task_ig/stress_cifar10_rotation_task_ig__seed9104__20261005-140626__e2df80b3,0.13710696814212844,clean,9104,0.5238,0.33099365234375
0.5253984594829528,0.63214111328125,0.54718017578125,0.5759928124851273,0.4711864406779661,17960.0,684cbf87da978597f219db656775d2072ce2e2cc934118edc9655d8bae9a6403,0.11944147417040464,stress_cifar10_rotation_task_ig,0.23207281144144265,ucpa,192,0.5070857001309784,8.72124892685937e-08,/mnt/data/fl_alltiers_audit/outputs/stress_cifar10_rotation_task_ig/stress_cifar10_rotation_task_ig__seed9104__20261005-140626__e2df80b3,0.0355143690844009,clean,9104,0.5238,0.6706949869791666
0.5230369097877272,0.63214111328125,0.54718017578125,0.5759928124851273,0.4711864406779661,17960.0,684cbf87da978597f219db656775d2072ce2e2cc934118edc9655d8bae9a6403,0.11933485754282931,stress_cifar10_rotation_task_ig,0.23233992460542746,ucpa_coord_only,192,0.5026158124292024,0.0033494894413444417,/mnt/data/fl_alltiers_audit/outputs/stress_cifar10_rotation_task_ig/stress_cifar10_rotation_task_ig__seed9104__20261005-140626__e2df80b3,0.03522946424190762,clean,9104,0.5238,0.6685587565104166
0.5253313018466857,0.63214111328125,0.54718017578125,0.5759928124851273,0.4711864406779661,17960.0,684cbf87da978597f219db656775d2072ce2e2cc934118edc9655d8bae9a6403,0.1194425458520224,stress_cifar10_rotation_task_ig,0.23210411175229334,ucpa_whole_only,192,0.5069906734456185,1.161901543169137e-05,/mnt/data/fl_alltiers_audit/outputs/stress_cifar10_rotation_task_ig/stress_cifar10_rotation_task_ig__seed9104__20261005-140626__e2df80b3,0.035506251197087654,clean,9104,0.5238,0.670654296875
0.4992682634095923,0.63214111328125,0.54718017578125,0.5759928124851273,0.4711864406779661,7720.0,684cbf87da978597f219db656775d2072ce2e2cc934118edc9655d8bae9a6403,0.1186289110105766,stress_cifar10_rotation_task_ig,0.231456126059129,xfedalign_median,192,0.35619920905191266,0.24694922273510295,/mnt/data/fl_alltiers_audit/outputs/stress_cifar10_rotation_task_ig/stress_cifar10_rotation_task_ig__seed9104__20261005-140626__e2df80b3,0.039448480990916204,clean,9104,0.5238,0.76800537109375
0.47786464050374144,0.6847130868949143,0.6034712249157476,0.5116846615621635,0.058823529411764705,7720.0,684cbf87da978597f219db656775d2072ce2e2cc934118edc9655d8bae9a6403,0.14879821398769896,stress_cifar10_rotation_task_ig,0.28574623108507136,cluster,185,0.4380696873382903,0.11569369517030556,/mnt/data/fl_alltiers_audit/outputs/stress_cifar10_rotation_task_ig/stress_cifar10_rotation_task_ig__seed9102__20261005-133245__33a46bcd,0.02749529520060197,clean,9102,0.4798,0.6404035979626226
0.3563822288866246,0.6847130868949143,0.6034712249157476,0.5116846615621635,0.058823529411764705,7720.0,684cbf87da978597f219db656775d2072ce2e2cc934118edc9655d8bae9a6403,0.14452862808836256,stress_cifar10_rotation_task_ig,0.27475834848170566,fedattr_mean,185,0.0,1.8652001213185712e-17,/mnt/data/fl_alltiers_audit/outputs/stress_cifar10_rotation_task_ig/stress_cifar10_rotation_task_ig__seed9102__20261005-133245__33a46bcd,0.39213346895132295,clean,9102,0.4798,0.2569939108455882
0.537082837506889,0.6847130868949143,0.6034712249157476,0.5116846615621635,0.058823529411764705,0.0,684cbf87da978597f219db656775d2072ce2e2cc934118edc9655d8bae9a6403,0.1488169756836018,stress_cifar10_rotation_task_ig,0.2631688749259172,local,185,0.5443749200647553,0.34690621007061645,/mnt/data/fl_alltiers_audit/outputs/stress_cifar10_rotation_task_ig/stress_cifar10_rotation_task_ig__seed9102__20261005-133245__33a46bcd,0.0,clean,9102,0.4798,1.0
0.45169484916839564,0.6847130868949143,0.6034712249157476,0.5116846615621635,0.058823529411764705,7720.0,684cbf87da978597f219db656775d2072ce2e2cc934118edc9655d8bae9a6403,0.15080826626397306,stress_cifar10_rotation_task_ig,0.28812010100315566,nc_sacpa,185,0.2690991772085471,0.015004954428527464,/mnt/data/fl_alltiers_audit/outputs/stress_cifar10_rotation_task_ig/stress_cifar10_rotation_task_ig__seed9102__20261005-133245__33a46bcd,0.26745045103388054,clean,9102,0.4798,0.2757245232077206
0.40690000430350115,0.6847130868949143,0.6034712249157476,0.5116846615621635,0.058823529411764705,7720.0,684cbf87da978597f219db656775d2072ce2e2cc934118edc9655d8bae9a6403,0.15269635269378518,stress_cifar10_rotation_task_ig,0.2967985229015,sacpa_global_count,185,0.14883760331217138,0.055795780906639385,/mnt/data/fl_alltiers_audit/outputs/stress_cifar10_rotation_task_ig/stress_cifar10_rotation_task_ig__seed9102__20261005-133245__33a46bcd,0.1414488724953989,clean,9102,0.4798,0.29899926279105393
0.5370821814864412,0.6847130868949143,0.6034712249157476,0.5116846615621635,0.058823529411764705,17960.0,684cbf87da978597f219db656775d2072ce2e2cc934118edc9655d8bae9a6403,0.1460560905706866,stress_cifar10_rotation_task_ig,0.27530315851558057,ucpa,185,0.5443740818972335,9.275291249066855e-08,/mnt/data/fl_alltiers_audit/outputs/stress_cifar10_rotation_task_ig/stress_cifar10_rotation_task_ig__seed9102__20261005-133245__33a46bcd,0.03734091339963802,clean,9102,0.4798,0.6619837143841911
0.5321672615080424,0.6847130868949143,0.6034712249157476,0.5116846615621635,0.058823529411764705,17960.0,684cbf87da978597f219db656775d2072ce2e2cc934118edc9655d8bae9a6403,0.14608434232253892,stress_cifar10_rotation_task_ig,0.27565637971064477,ucpa_coord_only,185,0.5335407918699375,0.010100028029466714,/mnt/data/fl_alltiers_audit/outputs/stress_cifar10_rotation_task_ig/stress_cifar10_rotation_task_ig__seed9102__20261005-133245__33a46bcd,0.03654422901548628,clean,9102,0.4798,0.6549156039368873
0.537048188798783,0.6847130868949143,0.6034712249157476,0.5116846615621635,0.058823529411764705,17960.0,684cbf87da978597f219db656775d2072ce2e2cc934118edc9655d8bae9a6403,0.14606955018273532,stress_cifar10_rotation_task_ig,0.2753145431061458,ucpa_whole_only,185,0.5443343697766656,4.742964568132918e-06,/mnt/data/fl_alltiers_audit/outputs/stress_cifar10_rotation_task_ig/stress_cifar10_rotation_task_ig__seed9102__20261005-133245__33a46bcd,0.0373370845810529,clean,9102,0.4798,0.6619837143841911
0.5175691990573339,0.6847130868949143,0.6034712249157476,0.5116846615621635,0.058823529411764705,7720.0,684cbf87da978597f219db656775d2072ce2e2cc934118edc9655d8bae9a6403,0.14848785196370634,stress_cifar10_rotation_task_ig,0.27382084918484606,xfedalign_median,185,0.39503658039577627,0.29716912660418493,/mnt/data/fl_alltiers_audit/outputs/stress_cifar10_rotation_task_ig/stress_cifar10_rotation_task_ig__seed9102__20261005-133245__33a46bcd,0.04516285768116627,clean,9102,0.4798,0.8000440410539216
0.46425025819666776,0.604644775390625,0.506805419921875,0.5168994725879026,0.32038834951456313,7720.0,684cbf87da978597f219db656775d2072ce2e2cc934118edc9655d8bae9a6403,0.17749375908463966,stress_cifar10_rotation_task_ig,0.31432544592765527,cluster,192,0.4111776856069695,0.11447393680875209,/mnt/data/fl_alltiers_audit/outputs/stress_cifar10_rotation_task_ig/stress_cifar10_rotation_task_ig__seed9101__20261005-131603__2950c9c1,0.026268365717604568,clean,9101,0.3909,0.6756591796875
0.3405486083415718,0.604644775390625,0.506805419921875,0.5168994725879026,0.32038834951456313,7720.0,684cbf87da978597f219db656775d2072ce2e2cc934118edc9655d8bae9a6403,0.14296483834999282,stress_cifar10_rotation_task_ig,0.21948478248729464,fedattr_mean,192,0.0,1.2253396998679786e-17,/mnt/data/fl_alltiers_audit/outputs/stress_cifar10_rotation_task_ig/stress_cifar10_rotation_task_ig__seed9101__20261005-131603__2950c9c1,0.3767298681100433,clean,9101,0.3909,0.2906494140625
0.525565552449587,0.604644775390625,0.506805419921875,0.5168994725879026,0.32038834951456313,0.0,684cbf87da978597f219db656775d2072ce2e2cc934118edc9655d8bae9a6403,0.18542854286803656,stress_cifar10_rotation_task_ig,0.30771937772733504,local,192,0.5258189704304669,0.336735351888034,/mnt/data/fl_alltiers_audit/outputs/stress_cifar10_rotation_task_ig/stress_cifar10_rotation_task_ig__seed9101__20261005-131603__2950c9c1,0.0,clean,9101,0.3909,1.0
0.4372175057230341,0.604644775390625,0.506805419921875,0.5168994725879026,0.32038834951456313,7720.0,684cbf87da978597f219db656775d2072ce2e2cc934118edc9655d8bae9a6403,0.17542331557736662,stress_cifar10_rotation_task_ig,0.3102723651393413,nc_sacpa,192,0.24946546630512173,0.01431745228348528,/mnt/data/fl_alltiers_audit/outputs/stress_cifar10_rotation_task_ig/stress_cifar10_rotation_task_ig__seed9101__20261005-131603__2950c9c1,0.25383944866057406,clean,9101,0.3909,0.3234049479166667
0.39116746300811905,0.604644775390625,0.506805419921875,0.5168994725879026,0.32038834951456313,7720.0,684cbf87da978597f219db656775d2072ce2e2cc934118edc9655d8bae9a6403,0.17482298581016947,stress_cifar10_rotation_task_ig,0.3068142302333096,sacpa_global_count,192,0.131912826244228,0.0546000975444029,/mnt/data/fl_alltiers_audit/outputs/stress_cifar10_rotation_task_ig/stress_cifar10_rotation_task_ig__seed9101__20261005-131603__2950c9c1,0.13373867827642139,clean,9101,0.3909,0.3442586263020833
0.5255649564656134,0.604644775390625,0.506805419921875,0.5168994725879026,0.32038834951456313,17960.0,684cbf87da978597f219db656775d2072ce2e2cc934118edc9655d8bae9a6403,0.17854422564729855,stress_cifar10_rotation_task_ig,0.3137382322450625,ucpa,192,0.5258180450877429,9.332011069116122e-08,/mnt/data/fl_alltiers_audit/outputs/stress_cifar10_rotation_task_ig/stress_cifar10_rotation_task_ig__seed9101__20261005-131603__2950c9c1,0.034686310061657497,clean,9101,0.3909,0.67388916015625
0.5223278972302416,0.604644775390625,0.506805419921875,0.5168994725879026,0.32038834951456313,17960.0,684cbf87da978597f219db656775d2072ce2e2cc934118edc9655d8bae9a6403,0.17861055657109925,stress_cifar10_rotation_task_ig,0.3137987162431576,ucpa_coord_only,192,0.5194484722876941,0.005248766030069147,/mnt/data/fl_alltiers_audit/outputs/stress_cifar10_rotation_task_ig/stress_cifar10_rotation_task_ig__seed9101__20261005-131603__2950c9c1,0.03430574643799792,clean,9101,0.3909,0.6714070638020833
0.5255257077380286,0.604644775390625,0.506805419921875,0.5168994725879026,0.32038834951456313,17960.0,684cbf87da978597f219db656775d2072ce2e2cc934118edc9655d8bae9a6403,0.17855334330015465,stress_cifar10_rotation_task_ig,0.31375794905992127,ucpa_whole_only,192,0.5257653314876933,6.151245469658703e-06,/mnt/data/fl_alltiers_audit/outputs/stress_cifar10_rotation_task_ig/stress_cifar10_rotation_task_ig__seed9101__20261005-131603__2950c9c1,0.034680386018465334,clean,9101,0.3909,0.673828125
0.5021822945364642,0.604644775390625,0.506805419921875,0.5168994725879026,0.32038834951456313,7720.0,684cbf87da978597f219db656775d2072ce2e2cc934118edc9655d8bae9a6403,0.17911539879247962,stress_cifar10_rotation_task_ig,0.31813849941451433,xfedalign_median,192,0.3752379818693396,0.2767001841564933,/mnt/data/fl_alltiers_audit/outputs/stress_cifar10_rotation_task_ig/stress_cifar10_rotation_task_ig__seed9101__20261005-131603__2950c9c1,0.040623584194076426,clean,9101,0.3909,0.77789306640625
0.4697743653042774,0.64630126953125,0.53009033203125,0.6122072266043443,0.47835051546391755,7720.0,684cbf87da978597f219db656775d2072ce2e2cc934118edc9655d8bae9a6403,0.1689094717412445,stress_cifar10_rotation_task_ig,0.3155211772329949,cluster,192,0.42311914523329874,0.12184620392028665,/mnt/data/fl_alltiers_audit/outputs/stress_cifar10_rotation_task_ig/stress_cifar10_rotation_task_ig__seed9103__20261005-134926__6346108d,0.026340097718403316,clean,9103,0.4944,0.6693929036458333
0.3406625078163737,0.64630126953125,0.53009033203125,0.6122072266043443,0.47835051546391755,7720.0,684cbf87da978597f219db656775d2072ce2e2cc934118edc9655d8bae9a6403,0.15418971556149094,stress_cifar10_rotation_task_ig,0.2568102447374258,fedattr_mean,192,0.0,1.797797860914308e-17,/mnt/data/fl_alltiers_audit/outputs/stress_cifar10_rotation_task_ig/stress_cifar10_rotation_task_ig__seed9103__20261005-134926__6346108d,0.3768497783957169,clean,9103,0.4944,0.26361083984375
0.5330662152669791,0.64630126953125,0.53009033203125,0.6122072266043443,0.47835051546391755,0.0,684cbf87da978597f219db656775d2072ce2e2cc934118edc9655d8bae9a6403,0.1830909216217454,stress_cifar10_rotation_task_ig,0.30366646020332455,local,192,0.5447173998527676,0.3506528246317514,/mnt/data/fl_alltiers_audit/outputs/stress_cifar10_rotation_task_ig/stress_cifar10_rotation_task_ig__seed9103__20261005-134926__6346108d,0.0,clean,9103,0.4944,1.0
0.44857552782846505,0.64630126953125,0.53009033203125,0.6122072266043443,0.47835051546391755,7720.0,684cbf87da978597f219db656775d2072ce2e2cc934118edc9655d8bae9a6403,0.1665402806809046,stress_cifar10_rotation_task_ig,0.31302710628433483,nc_sacpa,192,0.27882924879563176,0.015113330854452295,/mnt/data/fl_alltiers_audit/outputs/stress_cifar10_rotation_task_ig/stress_cifar10_rotation_task_ig__seed9103__20261005-134926__6346108d,0.2641218908500264,clean,9103,0.4944,0.2885335286458333
0.39841796900158455,0.64630126953125,0.53009033203125,0.6122072266043443,0.47835051546391755,7720.0,684cbf87da978597f219db656775d2072ce2e2cc934118edc9655d8bae9a6403,0.16530602525781432,stress_cifar10_rotation_task_ig,0.3141940395294114,sacpa_global_count,192,0.14292390070016833,0.05597805072600582,/mnt/data/fl_alltiers_audit/outputs/stress_cifar10_rotation_task_ig/stress_cifar10_rotation_task_ig__seed9103__20261005-134926__6346108d,0.13700645062658545,clean,9103,0.4944,0.31770833333333337
0.5330658456464081,0.64630126953125,0.53009033203125,0.6122072266043443,0.47835051546391755,17960.0,684cbf87da978597f219db656775d2072ce2e2cc934118edc9655d8bae9a6403,0.17200645652495344,stress_cifar10_rotation_task_ig,0.31006206158534344,ucpa,192,0.5447170009509003,4.4805651619348065e-08,/mnt/data/fl_alltiers_audit/outputs/stress_cifar10_rotation_task_ig/stress_cifar10_rotation_task_ig__seed9103__20261005-134926__6346108d,0.03654641283629423,clean,9103,0.4944,0.6724650065104167
0.5305999704431748,0.64630126953125,0.53009033203125,0.6122072266043443,0.47835051546391755,17960.0,684cbf87da978597f219db656775d2072ce2e2cc934118edc9655d8bae9a6403,0.1717521248340442,stress_cifar10_rotation_task_ig,0.3102013890123544,ucpa_coord_only,192,0.5403808924374474,0.004042748286045581,/mnt/data/fl_alltiers_audit/outputs/stress_cifar10_rotation_task_ig/stress_cifar10_rotation_task_ig__seed9103__20261005-134926__6346108d,0.0362925310907729,clean,9103,0.4944,0.6708984375
0.5330408675442689,0.64630126953125,0.53009033203125,0.6122072266043443,0.47835051546391755,17960.0,684cbf87da978597f219db656775d2072ce2e2cc934118edc9655d8bae9a6403,0.17200134970589714,stress_cifar10_rotation_task_ig,0.31007034403551187,ucpa_whole_only,192,0.5446865092813237,3.62596768749648e-06,/mnt/data/fl_alltiers_audit/outputs/stress_cifar10_rotation_task_ig/stress_cifar10_rotation_task_ig__seed9103__20261005-134926__6346108d,0.03654374311390736,clean,9103,0.4944,0.6724650065104167
0.5124070700384014,0.64630126953125,0.53009033203125,0.6122072266043443,0.47835051546391755,7720.0,684cbf87da978597f219db656775d2072ce2e2cc934118edc9655d8bae9a6403,0.1755989357711163,stress_cifar10_rotation_task_ig,0.31329085198479634,xfedalign_median,192,0.39429682910217134,0.29009150820450424,/mnt/data/fl_alltiers_audit/outputs/stress_cifar10_rotation_task_ig/stress_cifar10_rotation_task_ig__seed9103__20261005-134926__6346108d,0.043436973821356514,clean,9103,0.4944,0.8004150390625
0.23373501739517594,0.56317138671875,0.5634765625,0.9784855049366717,0.9612068965517241,3880.0,a4e922945676c38938d14291d5bc40c09bee50254fbde8de4394f28c09677694,0.1607633337576772,core_mnist_patch,0.9374595078174026,cluster,192,0.29698393426012054,0.09311432071221525,/mnt/data/fl_alltiers_audit/outputs/core_mnist_patch/core_mnist_patch__seed9101__20261005-011931__e1a4bbd3,0.13198292983819698,clean,9101,0.966,0.7660725911458334
0.22247458994292554,0.56317138671875,0.5634765625,0.9784855049366717,0.9612068965517241,3880.0,a4e922945676c38938d14291d5bc40c09bee50254fbde8de4394f28c09677694,0.27169371797316755,core_mnist_patch,0.9092557378285467,fedattr_mean,192,0.0,1.6731296265513345e-17,/mnt/data/fl_alltiers_audit/outputs/core_mnist_patch/core_mnist_patch__seed9101__20261005-011931__e1a4bbd3,0.3186799648397677,clean,9101,0.966,0.48832194010416663
0.27000132282298805,0.56317138671875,0.5634765625,0.9784855049366717,0.9612068965517241,0.0,a4e922945676c38938d14291d5bc40c09bee50254fbde8de4394f28c09677694,0.15659785099731305,core_mnist_patch,0.9383736915956737,local,192,0.39584474417964155,0.26525932588071516,/mnt/data/fl_alltiers_audit/outputs/core_mnist_patch/core_mnist_patch__seed9101__20261005-011931__e1a4bbd3,0.11156736521733718,clean,9101,0.966,0.8781331380208333
0.20064207155059832,0.56317138671875,0.5634765625,0.9784855049366717,0.9612068965517241,3880.0,a4e922945676c38938d14291d5bc40c09bee50254fbde8de4394f28c09677694,0.1948162534921153,core_mnist_patch,0.9272751147955811,nc_sacpa,192,0.15873326399155385,0.008459158264063045,/mnt/data/fl_alltiers_audit/outputs/core_mnist_patch/core_mnist_patch__seed9101__20261005-011931__e1a4bbd3,0.23082523479298125,clean,9101,0.966,0.5892333984375
0.20999927979203437,0.56317138671875,0.5634765625,0.9784855049366717,0.9612068965517241,3880.0,a4e922945676c38938d14291d5bc40c09bee50254fbde8de4394f28c09677694,0.18401292822272053,core_mnist_patch,0.9317718623657127,sacpa_global_count,192,0.08040590142219989,0.04132788046424839,/mnt/data/fl_alltiers_audit/outputs/core_mnist_patch/core_mnist_patch__seed9101__20261005-011931__e1a4bbd3,0.20696395065712037,clean,9101,0.966,0.6255289713541667
0.26990914879794403,0.56317138671875,0.5634765625,0.9784855049366717,0.9612068965517241,9000.0,a4e922945676c38938d14291d5bc40c09bee50254fbde8de4394f28c09677694,0.16050042745825222,core_mnist_patch,0.9362793878264105,ucpa,192,0.3956692610713291,2.1145024003821393e-05,/mnt/data/fl_alltiers_audit/outputs/core_mnist_patch/core_mnist_patch__seed9101__20261005-011931__e1a4bbd3,0.13255954293704564,clean,9101,0.966,0.7513020833333333
0.25812095371185617,0.56317138671875,0.5634765625,0.9784855049366717,0.9612068965517241,9000.0,a4e922945676c38938d14291d5bc40c09bee50254fbde8de4394f28c09677694,0.1611712712145618,core_mnist_patch,0.9367277950181839,ucpa_coord_only,192,0.3683963850102789,0.019568608826480607,/mnt/data/fl_alltiers_audit/outputs/core_mnist_patch/core_mnist_patch__seed9101__20261005-011931__e1a4bbd3,0.1322582680164055,clean,9101,0.966,0.7470296223958334
0.26961742580724457,0.56317138671875,0.5634765625,0.9784855049366717,0.9612068965517241,9000.0,a4e922945676c38938d14291d5bc40c09bee50254fbde8de4394f28c09677694,0.16053429309620623,core_mnist_patch,0.9362480590925165,ucpa_whole_only,192,0.3952903943401619,7.539234207841597e-05,/mnt/data/fl_alltiers_audit/outputs/core_mnist_patch/core_mnist_patch__seed9101__20261005-011931__e1a4bbd3,0.1325210572566876,clean,9101,0.966,0.7510986328125
0.24587915708847768,0.56317138671875,0.5634765625,0.9784855049366717,0.9612068965517241,3880.0,a4e922945676c38938d14291d5bc40c09bee50254fbde8de4394f28c09677694,0.161732871706469,core_mnist_patch,0.937353391142339,xfedalign_median,192,0.27410928445208727,0.1970334006399302,/mnt/data/fl_alltiers_audit/outputs/core_mnist_patch/core_mnist_patch__seed9101__20261005-011931__e1a4bbd3,0.13462052825638274,clean,9101,0.966,0.774658203125
0.24743421597978343,0.5570068359375,0.545379638671875,0.9702328013886277,0.9480122324159022,3880.0,a4e922945676c38938d14291d5bc40c09bee50254fbde8de4394f28c09677694,0.1566791069118153,core_mnist_patch,0.9328901782064349,cluster,192,0.2990407894810964,0.0884765898066843,/mnt/data/fl_alltiers_audit/outputs/core_mnist_patch/core_mnist_patch__seed9104__20261005-020657__1e74e4ad,0.13545457061259772,clean,9104,0.9239,0.7651774088541667
0.22529676737512402,0.5570068359375,0.545379638671875,0.9702328013886277,0.9480122324159022,3880.0,a4e922945676c38938d14291d5bc40c09bee50254fbde8de4394f28c09677694,0.2478506777647766,core_mnist_patch,0.9134700356264754,fedattr_mean,192,0.0,1.3311006574983593e-17,/mnt/data/fl_alltiers_audit/outputs/core_mnist_patch/core_mnist_patch__seed9104__20261005-020657__1e74e4ad,0.3255260699157719,clean,9104,0.9239,0.47208658854166663
0.2784668861648528,0.5570068359375,0.545379638671875,0.9702328013886277,0.9480122324159022,0.0,a4e922945676c38938d14291d5bc40c09bee50254fbde8de4394f28c09677694,0.15327683618876714,core_mnist_patch,0.9329473827664818,local,192,0.3916153793831809,0.2603961370054452,/mnt/data/fl_alltiers_audit/outputs/core_mnist_patch/core_mnist_patch__seed9104__20261005-020657__1e74e4ad,0.1111874956549415,clean,9104,0.9239,0.8729248046875
0.2063564596203065,0.5570068359375,0.545379638671875,0.9702328013886277,0.9480122324159022,3880.0,a4e922945676c38938d14291d5bc40c09bee50254fbde8de4394f28c09677694,0.18743324359714583,core_mnist_patch,0.9271923846264447,nc_sacpa,192,0.1656180908944153,0.007866474680792606,/mnt/data/fl_alltiers_audit/outputs/core_mnist_patch/core_mnist_patch__seed9104__20261005-020657__1e74e4ad,0.22560181517774858,clean,9104,0.9239,0.5952962239583333
0.2223815787015104,0.5570068359375,0.545379638671875,0.9702328013886277,0.9480122324159022,3880.0,a4e922945676c38938d14291d5bc40c09bee50254fbde8de4394f28c09677694,0.1790321759301302,core_mnist_patch,0.9311834296012724,sacpa_global_count,192,0.07656213359065864,0.041807075225101235,/mnt/data/fl_alltiers_audit/outputs/core_mnist_patch/core_mnist_patch__seed9104__20261005-020657__1e74e4ad,0.21463621025843513,clean,9104,0.9239,0.6138509114583333
0.27838474962236337,0.5570068359375,0.545379638671875,0.9702328013886277,0.9480122324159022,9000.0,a4e922945676c38938d14291d5bc40c09bee50254fbde8de4394f28c09677694,0.1567328438295893,core_mnist_patch,0.9326323360818303,ucpa,192,0.39150403626254743,1.304449098322982e-05,/mnt/data/fl_alltiers_audit/outputs/core_mnist_patch/core_mnist_patch__seed9104__20261005-020657__1e74e4ad,0.13160073996266003,clean,9104,0.9239,0.759521484375
0.26777693583103634,0.5570068359375,0.545379638671875,0.9702328013886277,0.9480122324159022,9000.0,a4e922945676c38938d14291d5bc40c09bee50254fbde8de4394f28c09677694,0.15692012333415734,core_mnist_patch,0.9327023142580099,ucpa_coord_only,192,0.36742594098205406,0.017878492959735617,/mnt/data/fl_alltiers_audit/outputs/core_mnist_patch/core_mnist_patch__seed9104__20261005-020657__1e74e4ad,0.1316924516473138,clean,9104,0.9239,0.7567138671875
0.27792335089150655,0.5570068359375,0.545379638671875,0.9702328013886277,0.9480122324159022,9000.0,a4e922945676c38938d14291d5bc40c09bee50254fbde8de4394f28c09677694,0.15680605166789974,core_mnist_patch,0.9326465957422139,ucpa_whole_only,192,0.3908862525459723,0.00011967306234230782,/mnt/data/fl_alltiers_audit/outputs/core_mnist_patch/core_mnist_patch__seed9104__20261005-020657__1e74e4ad,0.13156495007724925,clean,9104,0.9239,0.7593587239583333
0.2526361039677302,0.5570068359375,0.545379638671875,0.9702328013886277,0.9480122324159022,3880.0,a4e922945676c38938d14291d5bc40c09bee50254fbde8de4394f28c09677694,0.1581496286487133,core_mnist_patch,0.9333028507307366,xfedalign_median,192,0.26790147208150505,0.18798576852437224,/mnt/data/fl_alltiers_audit/outputs/core_mnist_patch/core_mnist_patch__seed9104__20261005-020657__1e74e4ad,0.1343583793989146,clean,9104,0.9239,0.78515625
0.22323239444295084,0.52642822265625,0.5499267578125,0.9631016943106352,0.9002932551319648,3880.0,a4e922945676c38938d14291d5bc40c09bee50254fbde8de4394f28c09677694,0.17056589831359287,core_mnist_patch,0.9285403430500688,cluster,192,0.26606106033902893,0.10379596780927315,/mnt/data/fl_alltiers_audit/outputs/core_mnist_patch/core_mnist_patch__seed9103__20261005-015116__ab058a1c,0.15036540969420642,clean,9103,0.9323,0.7698567708333333
0.2295825555625135,0.52642822265625,0.5499267578125,0.9631016943106352,0.9002932551319648,3880.0,a4e922945676c38938d14291d5bc40c09bee50254fbde8de4394f28c09677694,0.26236881317082794,core_mnist_patch,0.8848864599550021,fedattr_mean,192,0.0,1.6854703958338775e-17,/mnt/data/fl_alltiers_audit/outputs/core_mnist_patch/core_mnist_patch__seed9103__20261005-015116__ab058a1c,0.35824805116979286,clean,9103,0.9323,0.4176839192708333
0.25357911723850757,0.52642822265625,0.5499267578125,0.9631016943106352,0.9002932551319648,0.0,a4e922945676c38938d14291d5bc40c09bee50254fbde8de4394f28c09677694,0.16731367073261938,core_mnist_patch,0.9298264416268163,local,192,0.37056067152492933,0.26420747973396064,/mnt/data/fl_alltiers_audit/outputs/core_mnist_patch/core_mnist_patch__seed9103__20261005-015116__ab058a1c,0.1229864393425903,clean,9103,0.9323,0.8851725260416667
0.19205018119408018,0.52642822265625,0.5499267578125,0.9631016943106352,0.9002932551319648,3880.0,a4e922945676c38938d14291d5bc40c09bee50254fbde8de4394f28c09677694,0.19628136921075262,core_mnist_patch,0.9200220436861855,nc_sacpa,192,0.1436437365099683,0.007829678612058764,/mnt/data/fl_alltiers_audit/outputs/core_mnist_patch/core_mnist_patch__seed9103__20261005-015116__ab058a1c,0.23871933524902927,clean,9103,0.9323,0.595458984375
0.21058431331646066,0.52642822265625,0.5499267578125,0.9631016943106352,0.9002932551319648,3880.0,a4e922945676c38938d14291d5bc40c09bee50254fbde8de4394f28c09677694,0.19393644335580124,core_mnist_patch,0.9221579402037605,sacpa_global_count,192,0.07498729033152704,0.04176130120566315,/mnt/data/fl_alltiers_audit/outputs/core_mnist_patch/core_mnist_patch__seed9103__20261005-015116__ab058a1c,0.23534690783967638,clean,9103,0.9323,0.5946858723958333
0.2534912398652862,0.52642822265625,0.5499267578125,0.9631016943106352,0.9002932551319648,9000.0,a4e922945676c38938d14291d5bc40c09bee50254fbde8de4394f28c09677694,0.17068725831324327,core_mnist_patch,0.9286754066059075,ucpa,192,0.37043580264095,1.4600914901015334e-05,/mnt/data/fl_alltiers_audit/outputs/core_mnist_patch/core_mnist_patch__seed9103__20261005-015116__ab058a1c,0.1444637148224983,clean,9103,0.9323,0.7579752604166666
0.24437799620141706,0.52642822265625,0.5499267578125,0.9631016943106352,0.9002932551319648,9000.0,a4e922945676c38938d14291d5bc40c09bee50254fbde8de4394f28c09677694,0.17050712938455492,core_mnist_patch,0.9287040470007014,ucpa_coord_only,192,0.3488400127796388,0.014575305296386008,/mnt/data/fl_alltiers_audit/outputs/core_mnist_patch/core_mnist_patch__seed9103__20261005-015116__ab058a1c,0.1439514199009409,clean,9103,0.9323,0.7554524739583333
0.2528960223944291,0.52642822265625,0.5499267578125,0.9631016943106352,0.9002932551319648,9000.0,a4e922945676c38938d14291d5bc40c09bee50254fbde8de4394f28c09677694,0.17066119900605373,core_mnist_patch,0.9286645065287302,ucpa_whole_only,192,0.3696993039961337,0.00015774682991112995,/mnt/data/fl_alltiers_audit/outputs/core_mnist_patch/core_mnist_patch__seed9103__20261005-015116__ab058a1c,0.1444091080841785,clean,9103,0.9323,0.7579752604166666
0.24148947480001037,0.52642822265625,0.5499267578125,0.9631016943106352,0.9002932551319648,3880.0,a4e922945676c38938d14291d5bc40c09bee50254fbde8de4394f28c09677694,0.17185990912583976,core_mnist_patch,0.9292196093330858,xfedalign_median,192,0.2561660960701005,0.19789970715928218,/mnt/data/fl_alltiers_audit/outputs/core_mnist_patch/core_mnist_patch__seed9103__20261005-015116__ab058a1c,0.15235720179586293,clean,9103,0.9323,0.7821044921875
0.22730269924892824,0.550018310546875,0.5145263671875,0.9810463723930385,0.957325746799431,3880.0,a4e922945676c38938d14291d5bc40c09bee50254fbde8de4394f28c09677694,0.17004756447711317,core_mnist_patch,0.9474406519732534,cluster,192,0.2944501619402909,0.08387284640870958,/mnt/data/fl_alltiers_audit/outputs/core_mnist_patch/core_mnist_patch__seed9102__20261005-013525__0b3ecb81,0.12549614953155191,clean,9102,0.9433,0.7683512369791666
0.21001046490511666,0.550018310546875,0.5145263671875,0.9810463723930385,0.957325746799431,3880.0,a4e922945676c38938d14291d5bc40c09bee50254fbde8de4394f28c09677694,0.2549782643230408,core_mnist_patch,0.9275947238673932,fedattr_mean,192,0.0,1.777603898335382e-17,/mnt/data/fl_alltiers_audit/outputs/core_mnist_patch/core_mnist_patch__seed9102__20261005-013525__0b3ecb81,0.32210518569939933,clean,9102,0.9433,0.4761555989583333
0.2610373565534878,0.550018310546875,0.5145263671875,0.9810463723930385,0.957325746799431,0.0,a4e922945676c38938d14291d5bc40c09bee50254fbde8de4394f28c09677694,0.1674374769506206,core_mnist_patch,0.9470798096489792,local,192,0.3875994034193527,0.2566732283293045,/mnt/data/fl_alltiers_audit/outputs/core_mnist_patch/core_mnist_patch__seed9102__20261005-013525__0b3ecb81,0.10400008292302775,clean,9102,0.9433,0.8791097005208334
0.19123319677606954,0.550018310546875,0.5145263671875,0.9810463723930385,0.957325746799431,3880.0,a4e922945676c38938d14291d5bc40c09bee50254fbde8de4394f28c09677694,0.19356083420372366,core_mnist_patch,0.9423763541640559,nc_sacpa,192,0.15921659112991152,0.007524509546314018,/mnt/data/fl_alltiers_audit/outputs/core_mnist_patch/core_mnist_patch__seed9102__20261005-013525__0b3ecb81,0.21728321832576403,clean,9102,0.9433,0.6053873697916666
0.19342156306926944,0.550018310546875,0.5145263671875,0.9810463723930385,0.957325746799431,3880.0,a4e922945676c38938d14291d5bc40c09bee50254fbde8de4394f28c09677694,0.18709398498155755,core_mnist_patch,0.94524570965829,sacpa_global_count,192,0.0738199546332912,0.03699703776936987,/mnt/data/fl_alltiers_audit/outputs/core_mnist_patch/core_mnist_patch__seed9102__20261005-013525__0b3ecb81,0.19995335940903552,clean,9102,0.9433,0.6351318359375
0.26095065437062037,0.550018310546875,0.5145263671875,0.9810463723930385,0.957325746799431,9000.0,a4e922945676c38938d14291d5bc40c09bee50254fbde8de4394f28c09677694,0.1708407798317694,core_mnist_patch,0.9473636134857467,ucpa,192,0.3874822687277254,1.6181606758861528e-05,/mnt/data/fl_alltiers_audit/outputs/core_mnist_patch/core_mnist_patch__seed9102__20261005-013525__0b3ecb81,0.12368828385906555,clean,9102,0.9433,0.7594401041666667
0.25062479259917103,0.550018310546875,0.5145263671875,0.9810463723930385,0.957325746799431,9000.0,a4e922945676c38938d14291d5bc40c09bee50254fbde8de4394f28c09677694,0.1707665618706301,core_mnist_patch,0.9472899669005225,ucpa_coord_only,192,0.36407598045002987,0.015058402720838289,/mnt/data/fl_alltiers_audit/outputs/core_mnist_patch/core_mnist_patch__seed9102__20261005-013525__0b3ecb81,0.12334604590264306,clean,9102,0.9433,0.7579752604166667
0.2604631857645356,0.550018310546875,0.5145263671875,0.9810463723930385,0.957325746799431,9000.0,a4e922945676c38938d14291d5bc40c09bee50254fbde8de4394f28c09677694,0.17086061990771667,core_mnist_patch,0.9473803479864729,ucpa_whole_only,192,0.3868414428916762,0.00014245024737289763,/mnt/data/fl_alltiers_audit/outputs/core_mnist_patch/core_mnist_patch__seed9102__20261005-013525__0b3ecb81,0.12363506157670401,clean,9102,0.9433,0.7587483723958333
0.2395413834444976,0.550018310546875,0.5145263671875,0.9810463723930385,0.957325746799431,3880.0,a4e922945676c38938d14291d5bc40c09bee50254fbde8de4394f28c09677694,0.17204439458552467,core_mnist_patch,0.9465611041844871,xfedalign_median,192,0.2641126061252357,0.19592206085467537,/mnt/data/fl_alltiers_audit/outputs/core_mnist_patch/core_mnist_patch__seed9102__20261005-013525__0b3ecb81,0.1312267563725551,clean,9102,0.9433,0.7742919921875
0.2324169991047535,0.5474853515625,0.55755615234375,0.9733517285678329,0.9139784946236559,3880.0,a4e922945676c38938d14291d5bc40c09bee50254fbde8de4394f28c09677694,0.16649933882345824,core_mnist_patch,0.9383198127322734,cluster,192,0.27619622023121904,0.10778902164813431,/mnt/data/fl_alltiers_audit/outputs/core_mnist_patch/core_mnist_patch__seed9105__20261005-022315__8f5d4c14,0.14376143255543605,clean,9105,0.9556,0.7733968098958334
0.2217987469353328,0.5474853515625,0.55755615234375,0.9733517285678329,0.9139784946236559,3880.0,a4e922945676c38938d14291d5bc40c09bee50254fbde8de4394f28c09677694,0.26812748204881326,core_mnist_patch,0.8987785379892255,fedattr_mean,192,0.0,1.645445091961021e-17,/mnt/data/fl_alltiers_audit/outputs/core_mnist_patch/core_mnist_patch__seed9105__20261005-022315__8f5d4c14,0.33832575031210993,clean,9105,0.9556,0.43916829427083337
0.262518793845505,0.5474853515625,0.55755615234375,0.9733517285678329,0.9139784946236559,0.0,a4e922945676c38938d14291d5bc40c09bee50254fbde8de4394f28c09677694,0.16482787396723023,core_mnist_patch,0.9383815471347285,local,192,0.38484270487125743,0.2616857500484578,/mnt/data/fl_alltiers_audit/outputs/core_mnist_patch/core_mnist_patch__seed9105__20261005-022315__8f5d4c14,0.11839338964790198,clean,9105,0.9556,0.8821614583333333
0.184104663993936,0.5474853515625,0.55755615234375,0.9733517285678329,0.9139784946236559,3880.0,a4e922945676c38938d14291d5bc40c09bee50254fbde8de4394f28c09677694,0.191871395564552,core_mnist_patch,0.9283563323474179,nc_sacpa,192,0.1503794590410737,0.007631809580543087,/mnt/data/fl_alltiers_audit/outputs/core_mnist_patch/core_mnist_patch__seed9105__20261005-022315__8f5d4c14,0.22459083404354963,clean,9105,0.9556,0.6012369791666666
0.2245676000394807,0.5474853515625,0.55755615234375,0.9733517285678329,0.9139784946236559,3880.0,a4e922945676c38938d14291d5bc40c09bee50254fbde8de4394f28c09677694,0.19166381006139094,core_mnist_patch,0.9298559677699814,sacpa_global_count,192,0.0820733847569247,0.04303806360421791,/mnt/data/fl_alltiers_audit/outputs/core_mnist_patch/core_mnist_patch__seed9105__20261005-022315__8f5d4c14,0.22829343160218862,clean,9105,0.9556,0.5891520182291667
0.26239938843312244,0.5474853515625,0.55755615234375,0.9733517285678329,0.9139784946236559,9000.0,a4e922945676c38938d14291d5bc40c09bee50254fbde8de4394f28c09677694,0.1680999217354535,core_mnist_patch,0.937754080513696,ucpa,192,0.3846211301852496,2.2112210266990645e-05,/mnt/data/fl_alltiers_audit/outputs/core_mnist_patch/core_mnist_patch__seed9105__20261005-022315__8f5d4c14,0.1386815474355775,clean,9105,0.9556,0.7544352213541667
0.2521775640273215,0.5474853515625,0.55755615234375,0.9733517285678329,0.9139784946236559,9000.0,a4e922945676c38938d14291d5bc40c09bee50254fbde8de4394f28c09677694,0.16792454052543537,core_mnist_patch,0.9377500719303498,ucpa_coord_only,192,0.3620854184773808,0.012898549609759401,/mnt/data/fl_alltiers_audit/outputs/core_mnist_patch/core_mnist_patch__seed9105__20261005-022315__8f5d4c14,0.13814513634329503,clean,9105,0.9556,0.7500813802083333
0.2620138549808718,0.5474853515625,0.55755615234375,0.9733517285678329,0.9139784946236559,9000.0,a4e922945676c38938d14291d5bc40c09bee50254fbde8de4394f28c09677694,0.16811310053681155,core_mnist_patch,0.937797831886807,ucpa_whole_only,192,0.383965152487904,0.00011000888862808735,/mnt/data/fl_alltiers_audit/outputs/core_mnist_patch/core_mnist_patch__seed9105__20261005-022315__8f5d4c14,0.13861856227550085,clean,9105,0.9556,0.7540690104166666
0.24576919411128495,0.5474853515625,0.55755615234375,0.9733517285678329,0.9139784946236559,3880.0,a4e922945676c38938d14291d5bc40c09bee50254fbde8de4394f28c09677694,0.16959558137690087,core_mnist_patch,0.9369164117619069,xfedalign_median,192,0.268050279791354,0.20582021500177453,/mnt/data/fl_alltiers_audit/outputs/core_mnist_patch/core_mnist_patch__seed9105__20261005-022315__8f5d4c14,0.14177846427935553,clean,9105,0.9556,0.7695719401041666
0.5308999602869147,0.544036865234375,0.532379150390625,0.5719633097373864,0.37100213219616207,7720.0,23f1bc47d2df2d26ee8fb8d4e46dec4e48cc34165ce8205af0fd97110f8af43f,0.15610034802792827,core_cifar10_label_skew,0.2705808014725941,cluster,192,0.5430931740040397,0.14575185680663388,/mnt/data/fl_alltiers_audit/outputs/core_cifar10_label_skew/core_cifar10_label_skew__seed9105__20261005-040050__5db52c8c,0.16355530473105306,clean,9105,0.5758,0.13332112630208334
0.3688393518893367,0.544036865234375,0.532379150390625,0.5719633097373864,0.37100213219616207,7720.0,23f1bc47d2df2d26ee8fb8d4e46dec4e48cc34165ce8205af0fd97110f8af43f,0.17479556037218533,core_cifar10_label_skew,0.19645913254253172,fedattr_mean,192,0.0,1.3466336852509534e-17,/mnt/data/fl_alltiers_audit/outputs/core_cifar10_label_skew/core_cifar10_label_skew__seed9105__20261005-040050__5db52c8c,0.4068788519434198,clean,9105,0.5758,0.09621175130208334
0.5934322406487653,0.544036865234375,0.532379150390625,0.5719633097373864,0.37100213219616207,0.0,23f1bc47d2df2d26ee8fb8d4e46dec4e48cc34165ce8205af0fd97110f8af43f,0.1631710973774072,core_cifar10_label_skew,0.275062922590674,local,192,0.6474713151416279,0.44669599066186166,/mnt/data/fl_alltiers_audit/outputs/core_cifar10_label_skew/core_cifar10_label_skew__seed9105__20261005-040050__5db52c8c,0.14451565004043354,clean,9105,0.5758,0.16693115234375
0.553116531431981,0.544036865234375,0.532379150390625,0.5719633097373864,0.37100213219616207,7720.0,23f1bc47d2df2d26ee8fb8d4e46dec4e48cc34165ce8205af0fd97110f8af43f,0.16063938802175243,core_cifar10_label_skew,0.2749802360667975,nc_sacpa,192,0.5145879652841235,0.01571595977312395,/mnt/data/fl_alltiers_audit/outputs/core_cifar10_label_skew/core_cifar10_label_skew__seed9105__20261005-040050__5db52c8c,0.38986642945050043,clean,9105,0.5758,0.11271158854166666
0.48197615091625956,0.544036865234375,0.532379150390625,0.5719633097373864,0.37100213219616207,7720.0,23f1bc47d2df2d26ee8fb8d4e46dec4e48cc34165ce8205af0fd97110f8af43f,0.15367085024168242,core_cifar10_label_skew,0.2718357384862581,sacpa_global_count,192,0.24680434896020953,0.05831604653494018,/mnt/data/fl_alltiers_audit/outputs/core_cifar10_label_skew/core_cifar10_label_skew__seed9105__20261005-040050__5db52c8c,0.25798167536455063,clean,9105,0.5758,0.10282389322916666
0.5934321978733756,0.544036865234375,0.532379150390625,0.5719633097373864,0.37100213219616207,17960.0,23f1bc47d2df2d26ee8fb8d4e46dec4e48cc34165ce8205af0fd97110f8af43f,0.16352277461150683,core_cifar10_label_skew,0.2745520098955542,ucpa,192,0.6474712755173548,7.48251931571237e-09,/mnt/data/fl_alltiers_audit/outputs/core_cifar10_label_skew/core_cifar10_label_skew__seed9105__20261005-040050__5db52c8c,0.18084484911090304,clean,9105,0.5758,0.13663736979166669
0.5926095241984672,0.544036865234375,0.532379150390625,0.5719633097373864,0.37100213219616207,17960.0,23f1bc47d2df2d26ee8fb8d4e46dec4e48cc34165ce8205af0fd97110f8af43f,0.1635723516448782,core_cifar10_label_skew,0.2745020319720425,ucpa_coord_only,192,0.6456620115031052,0.0030908289020822126,/mnt/data/fl_alltiers_audit/outputs/core_cifar10_label_skew/core_cifar10_label_skew__seed9105__20261005-040050__5db52c8c,0.1807900442638639,clean,9105,0.5758,0.13665771484375
0.5934313289339008,0.544036865234375,0.532379150390625,0.5719633097373864,0.37100213219616207,17960.0,23f1bc47d2df2d26ee8fb8d4e46dec4e48cc34165ce8205af0fd97110f8af43f,0.16352313424948,core_cifar10_label_skew,0.2745529406282912,ucpa_whole_only,192,0.6474707411341055,1.1287122832346121e-07,/mnt/data/fl_alltiers_audit/outputs/core_cifar10_label_skew/core_cifar10_label_skew__seed9105__20261005-040050__5db52c8c,0.1808448130660043,clean,9105,0.5758,0.13663736979166669
0.5961526924770116,0.544036865234375,0.532379150390625,0.5719633097373864,0.37100213219616207,7720.0,23f1bc47d2df2d26ee8fb8d4e46dec4e48cc34165ce8205af0fd97110f8af43f,0.1631454058766887,core_cifar10_label_skew,0.27475050069788265,xfedalign_median,192,0.5240391303904538,0.40483823027434523,/mnt/data/fl_alltiers_audit/outputs/core_cifar10_label_skew/core_cifar10_label_skew__seed9105__20261005-040050__5db52c8c,0.2000195754272396,clean,9105,0.5758,0.16544596354166669
0.542960721295731,0.566741943359375,0.55511474609375,0.5526951149902698,0.032989690721649485,7720.0,23f1bc47d2df2d26ee8fb8d4e46dec4e48cc34165ce8205af0fd97110f8af43f,0.1880094188007812,core_cifar10_label_skew,0.27677259017493727,cluster,192,0.5586146780139235,0.13336013778733916,/mnt/data/fl_alltiers_audit/outputs/core_cifar10_label_skew/core_cifar10_label_skew__seed9103__20261005-032045__03d07b67,0.15998997839083554,clean,9103,0.5868,0.1259765625
0.372193526451011,0.566741943359375,0.55511474609375,0.5526951149902698,0.032989690721649485,7720.0,23f1bc47d2df2d26ee8fb8d4e46dec4e48cc34165ce8205af0fd97110f8af43f,0.16760309456250677,core_cifar10_label_skew,0.243921802747703,fedattr_mean,192,0.0,2.1489912747138e-17,/mnt/data/fl_alltiers_audit/outputs/core_cifar10_label_skew/core_cifar10_label_skew__seed9103__20261005-032045__03d07b67,0.4037979489103976,clean,9103,0.5868,0.0888671875
0.5976940744183018,0.566741943359375,0.55511474609375,0.5526951149902698,0.032989690721649485,0.0,23f1bc47d2df2d26ee8fb8d4e46dec4e48cc34165ce8205af0fd97110f8af43f,0.19903199518948897,core_cifar10_label_skew,0.2716505074820058,local,192,0.6491112298503969,0.44574150959313824,/mnt/data/fl_alltiers_audit/outputs/core_cifar10_label_skew/core_cifar10_label_skew__seed9103__20261005-032045__03d07b67,0.14049348647969556,clean,9103,0.5868,0.15110270182291669
0.5611279476499764,0.566741943359375,0.55511474609375,0.5526951149902698,0.032989690721649485,7720.0,23f1bc47d2df2d26ee8fb8d4e46dec4e48cc34165ce8205af0fd97110f8af43f,0.1919387628852443,core_cifar10_label_skew,0.27261834484659175,nc_sacpa,192,0.522296377515535,0.014781225653003025,/mnt/data/fl_alltiers_audit/outputs/core_cifar10_label_skew/core_cifar10_label_skew__seed9103__20261005-032045__03d07b67,0.38481125975141944,clean,9103,0.5868,0.1136474609375
0.4966489238389576,0.566741943359375,0.55511474609375,0.5526951149902698,0.032989690721649485,7720.0,23f1bc47d2df2d26ee8fb8d4e46dec4e48cc34165ce8205af0fd97110f8af43f,0.17373486096366833,core_cifar10_label_skew,0.2895890868132559,sacpa_global_count,192,0.259070892156612,0.05530447539726603,/mnt/data/fl_alltiers_audit/outputs/core_cifar10_label_skew/core_cifar10_label_skew__seed9103__20261005-032045__03d07b67,0.2562994575650771,clean,9103,0.5868,0.09840901692708334
0.597694071032818,0.566741943359375,0.55511474609375,0.5526951149902698,0.032989690721649485,17960.0,23f1bc47d2df2d26ee8fb8d4e46dec4e48cc34165ce8205af0fd97110f8af43f,0.197400277789014,core_cifar10_label_skew,0.27183726953123066,ucpa,192,0.6491112276700828,4.893276645138104e-10,/mnt/data/fl_alltiers_audit/outputs/core_cifar10_label_skew/core_cifar10_label_skew__seed9103__20261005-032045__03d07b67,0.17573143135314964,clean,9103,0.5868,0.13222249348958331
0.5975600484952439,0.566741943359375,0.55511474609375,0.5526951149902698,0.032989690721649485,17960.0,23f1bc47d2df2d26ee8fb8d4e46dec4e48cc34165ce8205af0fd97110f8af43f,0.1973840811553297,core_cifar10_label_skew,0.27182971207121226,ucpa_coord_only,192,0.6489089872586573,0.0003576526853692831,/mnt/data/fl_alltiers_audit/outputs/core_cifar10_label_skew/core_cifar10_label_skew__seed9103__20261005-032045__03d07b67,0.17573053100774755,clean,9103,0.5868,0.1322021484375
0.597692861860096,0.566741943359375,0.55511474609375,0.5526951149902698,0.032989690721649485,17960.0,23f1bc47d2df2d26ee8fb8d4e46dec4e48cc34165ce8205af0fd97110f8af43f,0.19740099003541522,core_cifar10_label_skew,0.27183867201959705,ucpa_whole_only,192,0.6491103564269729,1.5515624585018714e-07,/mnt/data/fl_alltiers_audit/outputs/core_cifar10_label_skew/core_cifar10_label_skew__seed9103__20261005-032045__03d07b67,0.17573138695538554,clean,9103,0.5868,0.13222249348958331
0.5990496429016398,0.566741943359375,0.55511474609375,0.5526951149902698,0.032989690721649485,7720.0,23f1bc47d2df2d26ee8fb8d4e46dec4e48cc34165ce8205af0fd97110f8af43f,0.1972288482853704,core_cifar10_label_skew,0.27253117069784216,xfedalign_median,192,0.526355536583153,0.3993495182954402,/mnt/data/fl_alltiers_audit/outputs/core_cifar10_label_skew/core_cifar10_label_skew__seed9103__20261005-032045__03d07b67,0.18962156007359696,clean,9103,0.5868,0.14980061848958331
0.530801037819336,0.5597987754672181,0.5605120490579044,0.5160516804166553,0.17647058823529413,7720.0,23f1bc47d2df2d26ee8fb8d4e46dec4e48cc34165ce8205af0fd97110f8af43f,0.18789297471718747,core_cifar10_label_skew,0.2954455645929699,cluster,185,0.5530254465660419,0.14530740415237853,/mnt/data/fl_alltiers_audit/outputs/core_cifar10_label_skew/core_cifar10_label_skew__seed9102__20261005-030013__0768e375,0.17051568247475796,clean,9102,0.5697,0.12650553385416669
0.3789121831907902,0.5597987754672181,0.5605120490579044,0.5160516804166553,0.17647058823529413,7720.0,23f1bc47d2df2d26ee8fb8d4e46dec4e48cc34165ce8205af0fd97110f8af43f,0.16663896280465074,core_cifar10_label_skew,0.2407161799902368,fedattr_mean,185,0.0,2.0003911367893247e-17,/mnt/data/fl_alltiers_audit/outputs/core_cifar10_label_skew/core_cifar10_label_skew__seed9102__20261005-030013__0768e375,0.4135540351115383,clean,9102,0.5697,0.09687356387867646
0.5954105004379651,0.5597987754672181,0.5605120490579044,0.5160516804166553,0.17647058823529413,0.0,23f1bc47d2df2d26ee8fb8d4e46dec4e48cc34165ce8205af0fd97110f8af43f,0.19618700326146948,core_cifar10_label_skew,0.3071743417443744,local,185,0.653251296982161,0.44814705411747385,/mnt/data/fl_alltiers_audit/outputs/core_cifar10_label_skew/core_cifar10_label_skew__seed9102__20261005-030013__0768e375,0.1530898073108101,clean,9102,0.5697,0.14991311465992646
0.5599554419257217,0.5597987754672181,0.5605120490579044,0.5160516804166553,0.17647058823529413,7720.0,23f1bc47d2df2d26ee8fb8d4e46dec4e48cc34165ce8205af0fd97110f8af43f,0.19526255121619912,core_cifar10_label_skew,0.30868148630506054,nc_sacpa,185,0.5283690807903201,0.01468582116800401,/mnt/data/fl_alltiers_audit/outputs/core_cifar10_label_skew/core_cifar10_label_skew__seed9102__20261005-030013__0768e375,0.3941482723344086,clean,9102,0.5697,0.10808009727328433
0.49867355212124964,0.5597987754672181,0.5605120490579044,0.5160516804166553,0.17647058823529413,7720.0,23f1bc47d2df2d26ee8fb8d4e46dec4e48cc34165ce8205af0fd97110f8af43f,0.18199988314828777,core_cifar10_label_skew,0.29892823715297206,sacpa_global_count,185,0.27102787482222873,0.054025535441965075,/mnt/data/fl_alltiers_audit/outputs/core_cifar10_label_skew/core_cifar10_label_skew__seed9102__20261005-030013__0768e375,0.2664153360987268,clean,9102,0.5697,0.10109935087316177
0.595410462026658,0.5597987754672181,0.5605120490579044,0.5160516804166553,0.17647058823529413,17960.0,23f1bc47d2df2d26ee8fb8d4e46dec4e48cc34165ce8205af0fd97110f8af43f,0.19498148753599726,core_cifar10_label_skew,0.3052957346840087,ucpa,185,0.6532512722795769,4.148850670272587e-09,/mnt/data/fl_alltiers_audit/outputs/core_cifar10_label_skew/core_cifar10_label_skew__seed9102__20261005-030013__0768e375,0.18885366566492023,clean,9102,0.5697,0.12848857804840685
0.5949830063926546,0.5597987754672181,0.5605120490579044,0.5160516804166553,0.17647058823529413,17960.0,23f1bc47d2df2d26ee8fb8d4e46dec4e48cc34165ce8205af0fd97110f8af43f,0.19515364846978914,core_cifar10_label_skew,0.3053662371514667,ucpa_coord_only,185,0.6523470604362377,0.0013242241645368823,/mnt/data/fl_alltiers_audit/outputs/core_cifar10_label_skew/core_cifar10_label_skew__seed9102__20261005-030013__0768e375,0.18881498005626748,clean,9102,0.5697,0.12839044309129902
0.5954098148955498,0.5597987754672181,0.5605120490579044,0.5160516804166553,0.17647058823529413,17960.0,23f1bc47d2df2d26ee8fb8d4e46dec4e48cc34165ce8205af0fd97110f8af43f,0.19498148753599726,core_cifar10_label_skew,0.3052957346840087,ucpa_whole_only,185,0.6532508959135193,8.088369889116526e-08,/mnt/data/fl_alltiers_audit/outputs/core_cifar10_label_skew/core_cifar10_label_skew__seed9102__20261005-030013__0768e375,0.18885363890649215,clean,9102,0.5697,0.12848857804840685
0.5992003154592465,0.5597987754672181,0.5605120490579044,0.5160516804166553,0.17647058823529413,7720.0,23f1bc47d2df2d26ee8fb8d4e46dec4e48cc34165ce8205af0fd97110f8af43f,0.19562392804816817,core_cifar10_label_skew,0.3075511798953652,xfedalign_median,185,0.5188894639366084,0.41519622620640684,/mnt/data/fl_alltiers_audit/outputs/core_cifar10_label_skew/core_cifar10_label_skew__seed9102__20261005-030013__0768e375,0.20921863571798366,clean,9102,0.5697,0.14964025160845587
0.524907261478867,0.56048583984375,0.526641845703125,0.6061572517959486,0.41694915254237286,7720.0,23f1bc47d2df2d26ee8fb8d4e46dec4e48cc34165ce8205af0fd97110f8af43f,0.14434734285787273,core_cifar10_label_skew,0.275032604503455,cluster,192,0.5416654041299105,0.14080879951466976,/mnt/data/fl_alltiers_audit/outputs/core_cifar10_label_skew/core_cifar10_label_skew__seed9104__20261005-034117__3cc63d0e,0.165864983109964,clean,9104,0.5957,0.15057373046875
0.3601176875466917,0.56048583984375,0.526641845703125,0.6061572517959486,0.41694915254237286,7720.0,23f1bc47d2df2d26ee8fb8d4e46dec4e48cc34165ce8205af0fd97110f8af43f,0.12041194830890163,core_cifar10_label_skew,0.18963145701103107,fedattr_mean,192,0.0,1.2935826766056455e-17,/mnt/data/fl_alltiers_audit/outputs/core_cifar10_label_skew/core_cifar10_label_skew__seed9104__20261005-034117__3cc63d0e,0.4018233267667185,clean,9104,0.5957,0.11116536458333333
0.5876162326325687,0.56048583984375,0.526641845703125,0.6061572517959486,0.41694915254237286,0.0,23f1bc47d2df2d26ee8fb8d4e46dec4e48cc34165ce8205af0fd97110f8af43f,0.15256074299662337,core_cifar10_label_skew,0.2725595714150889,local,192,0.6428302900836967,0.44057402801037227,/mnt/data/fl_alltiers_audit/outputs/core_cifar10_label_skew/core_cifar10_label_skew__seed9104__20261005-034117__3cc63d0e,0.14707521616473437,clean,9104,0.5957,0.17462158203125
0.5439663619002812,0.56048583984375,0.526641845703125,0.6061572517959486,0.41694915254237286,7720.0,23f1bc47d2df2d26ee8fb8d4e46dec4e48cc34165ce8205af0fd97110f8af43f,0.14974302470691328,core_cifar10_label_skew,0.2738865224159478,nc_sacpa,192,0.5013456972410156,0.015489243911749596,/mnt/data/fl_alltiers_audit/outputs/core_cifar10_label_skew/core_cifar10_label_skew__seed9104__20261005-034117__3cc63d0e,0.38294642977311844,clean,9104,0.5957,0.12493896484375
0.4774224716458204,0.56048583984375,0.526641845703125,0.6061572517959486,0.41694915254237286,7720.0,23f1bc47d2df2d26ee8fb8d4e46dec4e48cc34165ce8205af0fd97110f8af43f,0.142767559785716,core_cifar10_label_skew,0.2797475885962437,sacpa_global_count,192,0.24600924369372376,0.056776638916354615,/mnt/data/fl_alltiers_audit/outputs/core_cifar10_label_skew/core_cifar10_label_skew__seed9104__20261005-034117__3cc63d0e,0.25595967410776227,clean,9104,0.5957,0.1190185546875
0.5876162210305611,0.56048583984375,0.526641845703125,0.6061572517959486,0.41694915254237286,17960.0,23f1bc47d2df2d26ee8fb8d4e46dec4e48cc34165ce8205af0fd97110f8af43f,0.15283683601082884,core_cifar10_label_skew,0.2713556816857211,ucpa,192,0.6428302830187517,1.3261993918826041e-09,/mnt/data/fl_alltiers_audit/outputs/core_cifar10_label_skew/core_cifar10_label_skew__seed9104__20261005-034117__3cc63d0e,0.1821567359716018,clean,9104,0.5957,0.148193359375
0.5873331798472179,0.56048583984375,0.526641845703125,0.6061572517959486,0.41694915254237286,17960.0,23f1bc47d2df2d26ee8fb8d4e46dec4e48cc34165ce8205af0fd97110f8af43f,0.15282960531961484,core_cifar10_label_skew,0.2713363191925358,ucpa_coord_only,192,0.6424555034164439,0.0006337012931841131,/mnt/data/fl_alltiers_audit/outputs/core_cifar10_label_skew/core_cifar10_label_skew__seed9104__20261005-034117__3cc63d0e,0.182149854831373,clean,9104,0.5957,0.14813232421875
0.5876136721583406,0.56048583984375,0.526641845703125,0.6061572517959486,0.41694915254237286,17960.0,23f1bc47d2df2d26ee8fb8d4e46dec4e48cc34165ce8205af0fd97110f8af43f,0.15283971591828355,core_cifar10_label_skew,0.2713490378089773,ucpa_whole_only,192,0.6428282960238405,3.8225302400983134e-07,/mnt/data/fl_alltiers_audit/outputs/core_cifar10_label_skew/core_cifar10_label_skew__seed9104__20261005-034117__3cc63d0e,0.18215640383864018,clean,9104,0.5957,0.14817301432291669
0.587128701806249,0.56048583984375,0.526641845703125,0.6061572517959486,0.41694915254237286,7720.0,23f1bc47d2df2d26ee8fb8d4e46dec4e48cc34165ce8205af0fd97110f8af43f,0.15154274582891958,core_cifar10_label_skew,0.2721095762036081,xfedalign_median,192,0.519860538939495,0.3948973598420218,/mnt/data/fl_alltiers_audit/outputs/core_cifar10_label_skew/core_cifar10_label_skew__seed9104__20261005-034117__3cc63d0e,0.19690789884369245,clean,9104,0.5957,0.17329915364583331
0.5310990877813071,0.5567626953125,0.516571044921875,0.5065246046310865,0.14285714285714285,7720.0,23f1bc47d2df2d26ee8fb8d4e46dec4e48cc34165ce8205af0fd97110f8af43f,0.2915835953129924,core_cifar10_label_skew,0.3244489344000613,cluster,192,0.54442701308294,0.14230838146560926,/mnt/data/fl_alltiers_audit/outputs/core_cifar10_label_skew/core_cifar10_label_skew__seed9101__20261005-023931__d1f5333f,0.15998020814385325,clean,9101,0.4803,0.14530436197916669
0.3701862196826222,0.5567626953125,0.516571044921875,0.5065246046310865,0.14285714285714285,7720.0,23f1bc47d2df2d26ee8fb8d4e46dec4e48cc34165ce8205af0fd97110f8af43f,0.2182576484091745,core_cifar10_label_skew,0.28969678037380314,fedattr_mean,192,0.0,1.6694059740968905e-17,/mnt/data/fl_alltiers_audit/outputs/core_cifar10_label_skew/core_cifar10_label_skew__seed9101__20261005-023931__d1f5333f,0.4091426672220445,clean,9101,0.4803,0.10146077473958333
0.593889488019133,0.5567626953125,0.516571044921875,0.5065246046310865,0.14285714285714285,0.0,23f1bc47d2df2d26ee8fb8d4e46dec4e48cc34165ce8205af0fd97110f8af43f,0.29734275856972087,core_cifar10_label_skew,0.302331888714616,local,192,0.6455180953485582,0.4420507898396055,/mnt/data/fl_alltiers_audit/outputs/core_cifar10_label_skew/core_cifar10_label_skew__seed9101__20261005-023931__d1f5333f,0.1417183267523045,clean,9101,0.4803,0.1793212890625
0.5515194823208778,0.5567626953125,0.516571044921875,0.5065246046310865,0.14285714285714285,7720.0,23f1bc47d2df2d26ee8fb8d4e46dec4e48cc34165ce8205af0fd97110f8af43f,0.2919919117899553,core_cifar10_label_skew,0.30721126834493284,nc_sacpa,192,0.5036148289824491,0.015406165975316636,/mnt/data/fl_alltiers_audit/outputs/core_cifar10_label_skew/core_cifar10_label_skew__seed9101__20261005-023931__d1f5333f,0.3868220211752379,clean,9101,0.4803,0.11570231119791666
0.48617420776520937,0.5567626953125,0.516571044921875,0.5065246046310865,0.14285714285714285,7720.0,23f1bc47d2df2d26ee8fb8d4e46dec4e48cc34165ce8205af0fd97110f8af43f,0.2869592522814249,core_cifar10_label_skew,0.3280695903731006,sacpa_global_count,192,0.24696151694814866,0.056857822314070335,/mnt/data/fl_alltiers_audit/outputs/core_cifar10_label_skew/core_cifar10_label_skew__seed9101__20261005-023931__d1f5333f,0.2541610785368834,clean,9101,0.4803,0.10616048177083334
0.5938894484834366,0.5567626953125,0.516571044921875,0.5065246046310865,0.14285714285714285,17960.0,23f1bc47d2df2d26ee8fb8d4e46dec4e48cc34165ce8205af0fd97110f8af43f,0.2978156366876647,core_cifar10_label_skew,0.3042122993072553,ucpa,192,0.6455180489848057,8.131533913228254e-09,/mnt/data/fl_alltiers_audit/outputs/core_cifar10_label_skew/core_cifar10_label_skew__seed9101__20261005-023931__d1f5333f,0.1786822900390157,clean,9101,0.4803,0.14396158854166666
0.5931606594665442,0.5567626953125,0.516571044921875,0.5065246046310865,0.14285714285714285,17960.0,23f1bc47d2df2d26ee8fb8d4e46dec4e48cc34165ce8205af0fd97110f8af43f,0.2978497163852202,core_cifar10_label_skew,0.3041583883757994,ucpa_coord_only,192,0.6438968623217494,0.0027127537942446944,/mnt/data/fl_alltiers_audit/outputs/core_cifar10_label_skew/core_cifar10_label_skew__seed9101__20261005-023931__d1f5333f,0.17862268775334655,clean,9101,0.4803,0.14375813802083331
0.5938874388137778,0.5567626953125,0.516571044921875,0.5065246046310865,0.14285714285714285,17960.0,23f1bc47d2df2d26ee8fb8d4e46dec4e48cc34165ce8205af0fd97110f8af43f,0.2978168139943591,core_cifar10_label_skew,0.30421220807838834,ucpa_whole_only,192,0.6455167567856838,2.935293246580858e-07,/mnt/data/fl_alltiers_audit/outputs/core_cifar10_label_skew/core_cifar10_label_skew__seed9101__20261005-023931__d1f5333f,0.17868221377395765,clean,9101,0.4803,0.14396158854166666
0.5954661646556851,0.5567626953125,0.516571044921875,0.5065246046310865,0.14285714285714285,7720.0,23f1bc47d2df2d26ee8fb8d4e46dec4e48cc34165ce8205af0fd97110f8af43f,0.2971383347166314,core_cifar10_label_skew,0.30203453966338806,xfedalign_median,192,0.5101079130890196,0.40815590614308656,/mnt/data/fl_alltiers_audit/outputs/core_cifar10_label_skew/core_cifar10_label_skew__seed9101__20261005-023931__d1f5333f,0.19601867357628902,clean,9101,0.4803,0.17862955729166666
0.23965454650601753,0.57257080078125,0.54339599609375,0.9595234691839127,0.9008620689655172,3880.0,d3495d5bb61af45bf7f1a2d9c3624e13c4c3ea901387c012e5341a937a3d4dfe,0.15665923206759846,sweep_mnist_dp_0p1,0.8856528068274505,cluster,192,0.2803325322068978,0.08326586454490997,/mnt/data/fl_alltiers_audit/outputs/sweep_mnist_dp_0p1/sweep_mnist_dp_0p1__seed9101__20261005-170842__0b793896,0.14354613821148668,clean,9101,0.9492,0.764404296875
0.17731416798514474,0.57257080078125,0.54339599609375,0.9595234691839127,0.9008620689655172,3880.0,d3495d5bb61af45bf7f1a2d9c3624e13c4c3ea901387c012e5341a937a3d4dfe,0.22245094042860103,sweep_mnist_dp_0p1,0.8483556108607444,fedattr_mean,192,0.0,1.242008085290753e-17,/mnt/data/fl_alltiers_audit/outputs/sweep_mnist_dp_0p1/sweep_mnist_dp_0p1__seed9101__20261005-170842__0b793896,0.28669288457643316,clean,9101,0.9492,0.5159098307291667
0.282023306101716,0.57257080078125,0.54339599609375,0.9595234691839127,0.9008620689655172,0.0,d3495d5bb61af45bf7f1a2d9c3624e13c4c3ea901387c012e5341a937a3d4dfe,0.15462432798203735,sweep_mnist_dp_0p1,0.8871253028477895,local,192,0.3717410209434218,0.23912189832121417,/mnt/data/fl_alltiers_audit/outputs/sweep_mnist_dp_0p1/sweep_mnist_dp_0p1__seed9101__20261005-170842__0b793896,0.12852375732574475,clean,9101,0.9492,0.8314615885416667
0.19610506633200392,0.57257080078125,0.54339599609375,0.9595234691839127,0.9008620689655172,3880.0,d3495d5bb61af45bf7f1a2d9c3624e13c4c3ea901387c012e5341a937a3d4dfe,0.18030410483637146,sweep_mnist_dp_0p1,0.8699075487968002,nc_sacpa,192,0.14870041972133977,0.007385614076657452,/mnt/data/fl_alltiers_audit/outputs/sweep_mnist_dp_0p1/sweep_mnist_dp_0p1__seed9101__20261005-170842__0b793896,0.23079624439835075,clean,9101,0.9492,0.590576171875
0.18353445801584253,0.57257080078125,0.54339599609375,0.9595234691839127,0.9008620689655172,3880.0,d3495d5bb61af45bf7f1a2d9c3624e13c4c3ea901387c012e5341a937a3d4dfe,0.17396372648123964,sweep_mnist_dp_0p1,0.8751046613819805,sacpa_global_count,192,0.07126666790557264,0.03735448233966695,/mnt/data/fl_alltiers_audit/outputs/sweep_mnist_dp_0p1/sweep_mnist_dp_0p1__seed9101__20261005-170842__0b793896,0.20294825928946159,clean,9101,0.9492,0.6350504557291666
0.2819442215475232,0.57257080078125,0.54339599609375,0.9595234691839127,0.9008620689655172,9000.0,d3495d5bb61af45bf7f1a2d9c3624e13c4c3ea901387c012e5341a937a3d4dfe,0.15949346102091416,sweep_mnist_dp_0p1,0.8840987719089906,ucpa,192,0.3715488432865659,2.1620522454190248e-05,/mnt/data/fl_alltiers_audit/outputs/sweep_mnist_dp_0p1/sweep_mnist_dp_0p1__seed9101__20261005-170842__0b793896,0.14963664555586625,clean,9101,0.9492,0.7385660807291667
0.27261594632673136,0.57257080078125,0.54339599609375,0.9595234691839127,0.9008620689655172,9000.0,d3495d5bb61af45bf7f1a2d9c3624e13c4c3ea901387c012e5341a937a3d4dfe,0.15956074436344353,sweep_mnist_dp_0p1,0.8843312187022851,ucpa_coord_only,192,0.35119080764682714,0.013219391063651963,/mnt/data/fl_alltiers_audit/outputs/sweep_mnist_dp_0p1/sweep_mnist_dp_0p1__seed9101__20261005-170842__0b793896,0.1485926336062996,clean,9101,0.9492,0.7349853515625
0.28158275974912306,0.57257080078125,0.54339599609375,0.9595234691839127,0.9008620689655172,9000.0,d3495d5bb61af45bf7f1a2d9c3624e13c4c3ea901387c012e5341a937a3d4dfe,0.15941735216735348,sweep_mnist_dp_0p1,0.8841856515227997,ucpa_whole_only,192,0.3710511664163586,9.10984072933688e-05,/mnt/data/fl_alltiers_audit/outputs/sweep_mnist_dp_0p1/sweep_mnist_dp_0p1__seed9101__20261005-170842__0b793896,0.1495748019625483,clean,9101,0.9492,0.7383219401041667
0.25151925056759783,0.57257080078125,0.54339599609375,0.9595234691839127,0.9008620689655172,3880.0,d3495d5bb61af45bf7f1a2d9c3624e13c4c3ea901387c012e5341a937a3d4dfe,0.1583510742414243,sweep_mnist_dp_0p1,0.8851320243678855,xfedalign_median,192,0.2516741447313263,0.18022814062851333,/mnt/data/fl_alltiers_audit/outputs/sweep_mnist_dp_0p1/sweep_mnist_dp_0p1__seed9101__20261005-170842__0b793896,0.14592968838009002,clean,9101,0.9492,0.7637532552083333
0.2350126823304013,0.574127197265625,0.558319091796875,0.9460458784114083,0.8960244648318043,3880.0,d3495d5bb61af45bf7f1a2d9c3624e13c4c3ea901387c012e5341a937a3d4dfe,0.15260673695823546,sweep_mnist_dp_0p1,0.876502858443564,cluster,192,0.27703709435526247,0.07955626740998997,/mnt/data/fl_alltiers_audit/outputs/sweep_mnist_dp_0p1/sweep_mnist_dp_0p1__seed9104__20261005-174750__9801fa4c,0.14411328183145103,clean,9104,0.9573,0.7636311848958333
0.17758408712243248,0.574127197265625,0.558319091796875,0.9460458784114083,0.8960244648318043,3880.0,d3495d5bb61af45bf7f1a2d9c3624e13c4c3ea901387c012e5341a937a3d4dfe,0.20158053565176792,sweep_mnist_dp_0p1,0.8525308326232031,fedattr_mean,192,0.0,1.590030229720148e-17,/mnt/data/fl_alltiers_audit/outputs/sweep_mnist_dp_0p1/sweep_mnist_dp_0p1__seed9104__20261005-174750__9801fa4c,0.28262304738125793,clean,9104,0.9573,0.5211181640625
0.2790760050950427,0.574127197265625,0.558319091796875,0.9460458784114083,0.8960244648318043,0.0,d3495d5bb61af45bf7f1a2d9c3624e13c4c3ea901387c012e5341a937a3d4dfe,0.15127550393954153,sweep_mnist_dp_0p1,0.8774845155632647,local,192,0.36799040672692157,0.23011139841205389,/mnt/data/fl_alltiers_audit/outputs/sweep_mnist_dp_0p1/sweep_mnist_dp_0p1__seed9104__20261005-174750__9801fa4c,0.12890974718791365,clean,9104,0.9573,0.8235270182291666
0.19827017745197836,0.574127197265625,0.558319091796875,0.9460458784114083,0.8960244648318043,3880.0,d3495d5bb61af45bf7f1a2d9c3624e13c4c3ea901387c012e5341a937a3d4dfe,0.17473233252821957,sweep_mnist_dp_0p1,0.8643017595536548,nc_sacpa,192,0.14245865679511271,0.007212629244266287,/mnt/data/fl_alltiers_audit/outputs/sweep_mnist_dp_0p1/sweep_mnist_dp_0p1__seed9104__20261005-174750__9801fa4c,0.2313187059734717,clean,9104,0.9573,0.5904134114583333
0.18167320221430716,0.574127197265625,0.558319091796875,0.9460458784114083,0.8960244648318043,3880.0,d3495d5bb61af45bf7f1a2d9c3624e13c4c3ea901387c012e5341a937a3d4dfe,0.16337543662108753,sweep_mnist_dp_0p1,0.8731616552709359,sacpa_global_count,192,0.06704191441625776,0.03522792623611297,/mnt/data/fl_alltiers_audit/outputs/sweep_mnist_dp_0p1/sweep_mnist_dp_0p1__seed9104__20261005-174750__9801fa4c,0.19646480956921364,clean,9104,0.9573,0.6429850260416667
0.27899901614280775,0.574127197265625,0.558319091796875,0.9460458784114083,0.8960244648318043,9000.0,d3495d5bb61af45bf7f1a2d9c3624e13c4c3ea901387c012e5341a937a3d4dfe,0.15469419230066705,sweep_mnist_dp_0p1,0.8743905683552535,ucpa,192,0.3678789559782536,1.2356326240922157e-05,/mnt/data/fl_alltiers_audit/outputs/sweep_mnist_dp_0p1/sweep_mnist_dp_0p1__seed9104__20261005-174750__9801fa4c,0.15005418730597012,clean,9104,0.9573,0.7388509114583334
0.269070444469969,0.574127197265625,0.558319091796875,0.9460458784114083,0.8960244648318043,9000.0,d3495d5bb61af45bf7f1a2d9c3624e13c4c3ea901387c012e5341a937a3d4dfe,0.15444430357420064,sweep_mnist_dp_0p1,0.8745531493659655,ucpa_coord_only,192,0.34784000715536484,0.013995602483963908,/mnt/data/fl_alltiers_audit/outputs/sweep_mnist_dp_0p1/sweep_mnist_dp_0p1__seed9104__20261005-174750__9801fa4c,0.14905774599561442,clean,9104,0.9573,0.736083984375
0.2786282247748587,0.574127197265625,0.558319091796875,0.9460458784114083,0.8960244648318043,9000.0,d3495d5bb61af45bf7f1a2d9c3624e13c4c3ea901387c012e5341a937a3d4dfe,0.15471849001696683,sweep_mnist_dp_0p1,0.874418771774314,ucpa_whole_only,192,0.3673589893511109,8.374607795640988e-05,/mnt/data/fl_alltiers_audit/outputs/sweep_mnist_dp_0p1/sweep_mnist_dp_0p1__seed9104__20261005-174750__9801fa4c,0.1500042626746892,clean,9104,0.9573,0.7389322916666667
0.24724645045471938,0.574127197265625,0.558319091796875,0.9460458784114083,0.8960244648318043,3880.0,d3495d5bb61af45bf7f1a2d9c3624e13c4c3ea901387c012e5341a937a3d4dfe,0.15299062222111387,sweep_mnist_dp_0p1,0.8776839034506945,xfedalign_median,192,0.24455169680754632,0.16089079835784564,/mnt/data/fl_alltiers_audit/outputs/sweep_mnist_dp_0p1/sweep_mnist_dp_0p1__seed9104__20261005-174750__9801fa4c,0.14422458727682275,clean,9104,0.9573,0.759765625
0.22886883138099795,0.57171630859375,0.568359375,0.9537549522016767,0.9204152249134948,3880.0,d3495d5bb61af45bf7f1a2d9c3624e13c4c3ea901387c012e5341a937a3d4dfe,0.16470869370141372,sweep_mnist_dp_0p1,0.8876159272996257,cluster,192,0.2819885897797293,0.0972348611142863,/mnt/data/fl_alltiers_audit/outputs/sweep_mnist_dp_0p1/sweep_mnist_dp_0p1__seed9105__20261005-180123__b1cfe663,0.14087787628527332,clean,9105,0.9692,0.7805989583333333
0.17410580906758816,0.57171630859375,0.568359375,0.9537549522016767,0.9204152249134948,3880.0,d3495d5bb61af45bf7f1a2d9c3624e13c4c3ea901387c012e5341a937a3d4dfe,0.23371651019986645,sweep_mnist_dp_0p1,0.8458811849268083,fedattr_mean,192,0.0,1.689832128806763e-17,/mnt/data/fl_alltiers_audit/outputs/sweep_mnist_dp_0p1/sweep_mnist_dp_0p1__seed9105__20261005-180123__b1cfe663,0.292978857206025,clean,9105,0.9692,0.5186767578125
0.27839839338861566,0.57171630859375,0.568359375,0.9537549522016767,0.9204152249134948,0.0,d3495d5bb61af45bf7f1a2d9c3624e13c4c3ea901387c012e5341a937a3d4dfe,0.16184060547275295,sweep_mnist_dp_0p1,0.88868227193697,local,192,0.39969831391975247,0.24976964183658326,/mnt/data/fl_alltiers_audit/outputs/sweep_mnist_dp_0p1/sweep_mnist_dp_0p1__seed9105__20261005-180123__b1cfe663,0.12675596725889082,clean,9105,0.9692,0.8404947916666666
0.1876029422499777,0.57171630859375,0.568359375,0.9537549522016767,0.9204152249134948,3880.0,d3495d5bb61af45bf7f1a2d9c3624e13c4c3ea901387c012e5341a937a3d4dfe,0.18785746278946364,sweep_mnist_dp_0p1,0.8748993433512888,nc_sacpa,192,0.1548835598174824,0.008032709023868807,/mnt/data/fl_alltiers_audit/outputs/sweep_mnist_dp_0p1/sweep_mnist_dp_0p1__seed9105__20261005-180123__b1cfe663,0.22664642177420413,clean,9105,0.9692,0.6078694661458334
0.18655708330598236,0.57171630859375,0.568359375,0.9537549522016767,0.9204152249134948,3880.0,d3495d5bb61af45bf7f1a2d9c3624e13c4c3ea901387c012e5341a937a3d4dfe,0.18428161477234728,sweep_mnist_dp_0p1,0.878569768698596,sacpa_global_count,192,0.07900392867849436,0.04135521678800253,/mnt/data/fl_alltiers_audit/outputs/sweep_mnist_dp_0p1/sweep_mnist_dp_0p1__seed9105__20261005-180123__b1cfe663,0.20958867461103592,clean,9105,0.9692,0.6332194010416666
0.2783435251168248,0.57171630859375,0.568359375,0.9537549522016767,0.9204152249134948,9000.0,d3495d5bb61af45bf7f1a2d9c3624e13c4c3ea901387c012e5341a937a3d4dfe,0.16689031686625339,sweep_mnist_dp_0p1,0.8860754697301995,ucpa,192,0.3996222512014024,8.843942349957544e-06,/mnt/data/fl_alltiers_audit/outputs/sweep_mnist_dp_0p1/sweep_mnist_dp_0p1__seed9105__20261005-180123__b1cfe663,0.14712241802765058,clean,9105,0.9692,0.7462158203125
0.26739084597762386,0.57171630859375,0.568359375,0.9537549522016767,0.9204152249134948,9000.0,d3495d5bb61af45bf7f1a2d9c3624e13c4c3ea901387c012e5341a937a3d4dfe,0.1659413365481972,sweep_mnist_dp_0p1,0.8862007434656306,ucpa_coord_only,192,0.37649615599356806,0.01816169996606296,/mnt/data/fl_alltiers_audit/outputs/sweep_mnist_dp_0p1/sweep_mnist_dp_0p1__seed9105__20261005-180123__b1cfe663,0.14598282552435704,clean,9105,0.9692,0.7420654296875
0.27806951767431815,0.57171630859375,0.568359375,0.9537549522016767,0.9204152249134948,9000.0,d3495d5bb61af45bf7f1a2d9c3624e13c4c3ea901387c012e5341a937a3d4dfe,0.16686575884771931,sweep_mnist_dp_0p1,0.8860430169937615,ucpa_whole_only,192,0.39930586791951267,5.808774692161713e-05,/mnt/data/fl_alltiers_audit/outputs/sweep_mnist_dp_0p1/sweep_mnist_dp_0p1__seed9105__20261005-180123__b1cfe663,0.14706818808605907,clean,9105,0.9692,0.7458902994791667
0.24693260046034066,0.57171630859375,0.568359375,0.9537549522016767,0.9204152249134948,3880.0,d3495d5bb61af45bf7f1a2d9c3624e13c4c3ea901387c012e5341a937a3d4dfe,0.16686371935008232,sweep_mnist_dp_0p1,0.8864881989428832,xfedalign_median,192,0.26805636091538926,0.18035346764806032,/mnt/data/fl_alltiers_audit/outputs/sweep_mnist_dp_0p1/sweep_mnist_dp_0p1__seed9105__20261005-180123__b1cfe663,0.14361674555424697,clean,9105,0.9692,0.7720540364583334
0.2366440727861142,0.534149169921875,0.510589599609375,0.9354723506399607,0.8211143695014663,3880.0,d3495d5bb61af45bf7f1a2d9c3624e13c4c3ea901387c012e5341a937a3d4dfe,0.15953014090370443,sweep_mnist_dp_0p1,0.883175553344093,cluster,192,0.2848783970092391,0.08493676881668116,/mnt/data/fl_alltiers_audit/outputs/sweep_mnist_dp_0p1/sweep_mnist_dp_0p1__seed9103__20261005-173455__9b023307,0.1456399174241505,clean,9103,0.9575,0.7659505208333333
0.17574623514455454,0.534149169921875,0.510589599609375,0.9354723506399607,0.8211143695014663,3880.0,d3495d5bb61af45bf7f1a2d9c3624e13c4c3ea901387c012e5341a937a3d4dfe,0.2220950978658967,sweep_mnist_dp_0p1,0.8476354848700188,fedattr_mean,192,0.0,2.1042848140171885e-17,/mnt/data/fl_alltiers_audit/outputs/sweep_mnist_dp_0p1/sweep_mnist_dp_0p1__seed9103__20261005-173455__9b023307,0.29356149374953944,clean,9103,0.9575,0.49971516927083337
0.2815509867711701,0.534149169921875,0.510589599609375,0.9354723506399607,0.8211143695014663,0.0,d3495d5bb61af45bf7f1a2d9c3624e13c4c3ea901387c012e5341a937a3d4dfe,0.15839002244635292,sweep_mnist_dp_0p1,0.8844408576100251,local,192,0.37890848402800387,0.24027233605329548,/mnt/data/fl_alltiers_audit/outputs/sweep_mnist_dp_0p1/sweep_mnist_dp_0p1__seed9103__20261005-173455__9b023307,0.12684719160540853,clean,9103,0.9575,0.8369547526041667
0.1943526032630149,0.534149169921875,0.510589599609375,0.9354723506399607,0.8211143695014663,3880.0,d3495d5bb61af45bf7f1a2d9c3624e13c4c3ea901387c012e5341a937a3d4dfe,0.18497842909431106,sweep_mnist_dp_0p1,0.8717478766224909,nc_sacpa,192,0.14471491451641713,0.007495654982883385,/mnt/data/fl_alltiers_audit/outputs/sweep_mnist_dp_0p1/sweep_mnist_dp_0p1__seed9103__20261005-173455__9b023307,0.2300051892290897,clean,9103,0.9575,0.591064453125
0.18380836338658194,0.534149169921875,0.510589599609375,0.9354723506399607,0.8211143695014663,3880.0,d3495d5bb61af45bf7f1a2d9c3624e13c4c3ea901387c012e5341a937a3d4dfe,0.17447857307994735,sweep_mnist_dp_0p1,0.8754298111727015,sacpa_global_count,192,0.07295845966819181,0.038301387752902906,/mnt/data/fl_alltiers_audit/outputs/sweep_mnist_dp_0p1/sweep_mnist_dp_0p1__seed9103__20261005-173455__9b023307,0.20565766827430998,clean,9103,0.9575,0.63134765625
0.2814806959544419,0.534149169921875,0.510589599609375,0.9354723506399607,0.8211143695014663,9000.0,d3495d5bb61af45bf7f1a2d9c3624e13c4c3ea901387c012e5341a937a3d4dfe,0.1614908099647437,sweep_mnist_dp_0p1,0.8822690451556507,ucpa,192,0.37880316055569135,1.1367080298455036e-05,/mnt/data/fl_alltiers_audit/outputs/sweep_mnist_dp_0p1/sweep_mnist_dp_0p1__seed9103__20261005-173455__9b023307,0.14841581858846165,clean,9103,0.9575,0.7428792317708334
0.26980716481901856,0.534149169921875,0.510589599609375,0.9354723506399607,0.8211143695014663,9000.0,d3495d5bb61af45bf7f1a2d9c3624e13c4c3ea901387c012e5341a937a3d4dfe,0.16176266100689343,sweep_mnist_dp_0p1,0.8828449136571483,ucpa_coord_only,192,0.355269997796724,0.017221989205989944,/mnt/data/fl_alltiers_audit/outputs/sweep_mnist_dp_0p1/sweep_mnist_dp_0p1__seed9103__20261005-173455__9b023307,0.14724650652996907,clean,9103,0.9575,0.7394205729166667
0.28113347559767465,0.534149169921875,0.510589599609375,0.9354723506399607,0.8211143695014663,9000.0,d3495d5bb61af45bf7f1a2d9c3624e13c4c3ea901387c012e5341a937a3d4dfe,0.16149568221468752,sweep_mnist_dp_0p1,0.8822726580838207,ucpa_whole_only,192,0.3783032095720416,8.5390431566293e-05,/mnt/data/fl_alltiers_audit/outputs/sweep_mnist_dp_0p1/sweep_mnist_dp_0p1__seed9103__20261005-173455__9b023307,0.14835714905037384,clean,9103,0.9575,0.7426350911458334
0.24948967895774227,0.534149169921875,0.510589599609375,0.9354723506399607,0.8211143695014663,3880.0,d3495d5bb61af45bf7f1a2d9c3624e13c4c3ea901387c012e5341a937a3d4dfe,0.16057467396870684,sweep_mnist_dp_0p1,0.8843738107834118,xfedalign_median,192,0.25472398147122927,0.17207856511511652,/mnt/data/fl_alltiers_audit/outputs/sweep_mnist_dp_0p1/sweep_mnist_dp_0p1__seed9103__20261005-173455__9b023307,0.14356331458261617,clean,9103,0.9575,0.7626953125
0.22526543902812984,0.5418701171875,0.534393310546875,0.9546287084885665,0.9027777777777778,3880.0,d3495d5bb61af45bf7f1a2d9c3624e13c4c3ea901387c012e5341a937a3d4dfe,0.16189955483317436,sweep_mnist_dp_0p1,0.8981354729334271,cluster,192,0.2835291716520836,0.08220818923395966,/mnt/data/fl_alltiers_audit/outputs/sweep_mnist_dp_0p1/sweep_mnist_dp_0p1__seed9102__20261005-172146__6cab5e4a,0.13763863636916593,clean,9102,0.9725,0.7654622395833334
0.15266164072228275,0.5418701171875,0.534393310546875,0.9546287084885665,0.9027777777777778,3880.0,d3495d5bb61af45bf7f1a2d9c3624e13c4c3ea901387c012e5341a937a3d4dfe,0.21125415004905035,sweep_mnist_dp_0p1,0.8687237994108727,fedattr_mean,192,0.0,1.976755699931275e-17,/mnt/data/fl_alltiers_audit/outputs/sweep_mnist_dp_0p1/sweep_mnist_dp_0p1__seed9102__20261005-172146__6cab5e4a,0.2739394153697019,clean,9102,0.9725,0.5348714192708334
0.2705430676057753,0.5418701171875,0.534393310546875,0.9546287084885665,0.9027777777777778,0.0,d3495d5bb61af45bf7f1a2d9c3624e13c4c3ea901387c012e5341a937a3d4dfe,0.16014369611348228,sweep_mnist_dp_0p1,0.8984286420036369,local,192,0.3846317580937864,0.23540308225957074,/mnt/data/fl_alltiers_audit/outputs/sweep_mnist_dp_0p1/sweep_mnist_dp_0p1__seed9102__20261005-172146__6cab5e4a,0.12114774844123295,clean,9102,0.9725,0.8388671875
0.18265152649277033,0.5418701171875,0.534393310546875,0.9546287084885665,0.9027777777777778,3880.0,d3495d5bb61af45bf7f1a2d9c3624e13c4c3ea901387c012e5341a937a3d4dfe,0.17948998675239336,sweep_mnist_dp_0p1,0.885942207287735,nc_sacpa,192,0.15373214881400343,0.007516793233940449,/mnt/data/fl_alltiers_audit/outputs/sweep_mnist_dp_0p1/sweep_mnist_dp_0p1__seed9102__20261005-172146__6cab5e4a,0.22553855238857698,clean,9102,0.9725,0.6001383463541666
0.1609298719799706,0.5418701171875,0.534393310546875,0.9546287084885665,0.9027777777777778,3880.0,d3495d5bb61af45bf7f1a2d9c3624e13c4c3ea901387c012e5341a937a3d4dfe,0.17208303236283579,sweep_mnist_dp_0p1,0.8912408859173107,sacpa_global_count,192,0.07179764815503277,0.036676906736102945,/mnt/data/fl_alltiers_audit/outputs/sweep_mnist_dp_0p1/sweep_mnist_dp_0p1__seed9102__20261005-172146__6cab5e4a,0.19293379317091403,clean,9102,0.9725,0.6566569010416666
0.27045293562573713,0.5418701171875,0.534393310546875,0.9546287084885665,0.9027777777777778,9000.0,d3495d5bb61af45bf7f1a2d9c3624e13c4c3ea901387c012e5341a937a3d4dfe,0.1620221195597272,sweep_mnist_dp_0p1,0.895690748135227,ucpa,192,0.3845317104927312,1.2776250680329101e-05,/mnt/data/fl_alltiers_audit/outputs/sweep_mnist_dp_0p1/sweep_mnist_dp_0p1__seed9102__20261005-172146__6cab5e4a,0.1423181465401139,clean,9102,0.9725,0.7451578776041667
0.25881404138614383,0.5418701171875,0.534393310546875,0.9546287084885665,0.9027777777777778,9000.0,d3495d5bb61af45bf7f1a2d9c3624e13c4c3ea901387c012e5341a937a3d4dfe,0.16225667844370645,sweep_mnist_dp_0p1,0.8961582843994014,ucpa_coord_only,192,0.36213090693618893,0.01695191440023966,/mnt/data/fl_alltiers_audit/outputs/sweep_mnist_dp_0p1/sweep_mnist_dp_0p1__seed9102__20261005-172146__6cab5e4a,0.14135936997708545,clean,9102,0.9725,0.740234375
0.2699912375137446,0.5418701171875,0.534393310546875,0.9546287084885665,0.9027777777777778,9000.0,d3495d5bb61af45bf7f1a2d9c3624e13c4c3ea901387c012e5341a937a3d4dfe,0.16204888383948252,sweep_mnist_dp_0p1,0.8956292380025237,ucpa_whole_only,192,0.38402137508910295,9.860840671599071e-05,/mnt/data/fl_alltiers_audit/outputs/sweep_mnist_dp_0p1/sweep_mnist_dp_0p1__seed9102__20261005-172146__6cab5e4a,0.14226962499760498,clean,9102,0.9725,0.7448323567708333
0.2369050677457316,0.5418701171875,0.534393310546875,0.9546287084885665,0.9027777777777778,3880.0,d3495d5bb61af45bf7f1a2d9c3624e13c4c3ea901387c012e5341a937a3d4dfe,0.16246770774378091,sweep_mnist_dp_0p1,0.89811845524758,xfedalign_median,192,0.2551642158396884,0.16480440934213927,/mnt/data/fl_alltiers_audit/outputs/sweep_mnist_dp_0p1/sweep_mnist_dp_0p1__seed9102__20261005-172146__6cab5e4a,0.1364737637541962,clean,9102,0.9725,0.7694905598958334
0.34011777080099376,0.562744140625,0.537872314453125,0.9595234691839127,0.9008620689655172,1960.0,e9dffe86d29405c7f48f6b0948e780bcb439900544819f32d8f73fd995799b0d,0.15752759469854333,sweep_mnist_topk_64,0.8860064560994942,cluster,192,0.36009188294395994,0.110670246261849,/mnt/data/fl_alltiers_audit/outputs/sweep_mnist_topk_64/sweep_mnist_topk_64__seed9101__20261005-110655__ad543a12,0.14909657093526324,clean,9101,0.9492,0.5706380208333334
0.24084834283003118,0.562744140625,0.537872314453125,0.9595234691839127,0.9008620689655172,1960.0,e9dffe86d29405c7f48f6b0948e780bcb439900544819f32d8f73fd995799b0d,0.24741454016348713,sweep_mnist_topk_64,0.8318853096435002,fedattr_mean,192,0.0,2.1731869565198657e-17,/mnt/data/fl_alltiers_audit/outputs/sweep_mnist_topk_64/sweep_mnist_topk_64__seed9101__20261005-110655__ad543a12,0.3240730117832986,clean,9101,0.9492,0.3483072916666667
0.39140112803582217,0.562744140625,0.537872314453125,0.9595234691839127,0.9008620689655172,0.0,e9dffe86d29405c7f48f6b0948e780bcb439900544819f32d8f73fd995799b0d,0.15462432798203735,sweep_mnist_topk_64,0.8871253028477895,local,192,0.4696537695740749,0.3079888999861043,/mnt/data/fl_alltiers_audit/outputs/sweep_mnist_topk_64/sweep_mnist_topk_64__seed9101__20261005-110655__ad543a12,0.12852375732574475,clean,9101,0.9492,0.5987141927083334
0.30715229518834763,0.562744140625,0.537872314453125,0.9595234691839127,0.9008620689655172,1960.0,e9dffe86d29405c7f48f6b0948e780bcb439900544819f32d8f73fd995799b0d,0.17332846737929986,sweep_mnist_topk_64,0.8747069809561556,nc_sacpa,192,0.2310221614940131,0.009254025264348329,/mnt/data/fl_alltiers_audit/outputs/sweep_mnist_topk_64/sweep_mnist_topk_64__seed9101__20261005-110655__ad543a12,0.2674048066967788,clean,9101,0.9492,0.40437825520833337
0.2753970816036272,0.562744140625,0.537872314453125,0.9595234691839127,0.9008620689655172,1960.0,e9dffe86d29405c7f48f6b0948e780bcb439900544819f32d8f73fd995799b0d,0.17814458865631386,sweep_mnist_topk_64,0.8710686751222738,sacpa_global_count,192,0.1196568166467716,0.043924846885028845,/mnt/data/fl_alltiers_audit/outputs/sweep_mnist_topk_64/sweep_mnist_topk_64__seed9101__20261005-110655__ad543a12,0.21615197039097006,clean,9101,0.9492,0.4449055989583333
0.3913900009454323,0.562744140625,0.537872314453125,0.9595234691839127,0.9008620689655172,4520.0,e9dffe86d29405c7f48f6b0948e780bcb439900544819f32d8f73fd995799b0d,0.15917066795082063,sweep_mnist_topk_64,0.885564463842699,ucpa,192,0.46959778120079776,6.258040380969984e-06,/mnt/data/fl_alltiers_audit/outputs/sweep_mnist_topk_64/sweep_mnist_topk_64__seed9101__20261005-110655__ad543a12,0.1532174286556111,clean,9101,0.9492,0.549560546875
0.3870938617490727,0.562744140625,0.537872314453125,0.9595234691839127,0.9008620689655172,4520.0,e9dffe86d29405c7f48f6b0948e780bcb439900544819f32d8f73fd995799b0d,0.1591483109225616,sweep_mnist_topk_64,0.8855188468159516,ucpa_coord_only,192,0.45939628943162025,0.007306690727590976,/mnt/data/fl_alltiers_audit/outputs/sweep_mnist_topk_64/sweep_mnist_topk_64__seed9101__20261005-110655__ad543a12,0.15294835533688017,clean,9101,0.9492,0.54833984375
0.39126158760999613,0.562744140625,0.537872314453125,0.9595234691839127,0.9008620689655172,4520.0,e9dffe86d29405c7f48f6b0948e780bcb439900544819f32d8f73fd995799b0d,0.15913762483930138,sweep_mnist_topk_64,0.8855685256974538,ucpa_whole_only,192,0.4694355440546781,2.9199899475573247e-05,/mnt/data/fl_alltiers_audit/outputs/sweep_mnist_topk_64/sweep_mnist_topk_64__seed9101__20261005-110655__ad543a12,0.15319813722259723,clean,9101,0.9492,0.5496419270833334
0.3642827247242658,0.562744140625,0.537872314453125,0.9595234691839127,0.9008620689655172,1960.0,e9dffe86d29405c7f48f6b0948e780bcb439900544819f32d8f73fd995799b0d,0.15728381005246772,sweep_mnist_topk_64,0.8859092060512619,xfedalign_median,192,0.33263331521868245,0.2464932230113348,/mnt/data/fl_alltiers_audit/outputs/sweep_mnist_topk_64/sweep_mnist_topk_64__seed9101__20261005-110655__ad543a12,0.15406361595651838,clean,9101,0.9492,0.5658365885416667
0.3298514021163925,0.53515625,0.517333984375,0.9354723506399607,0.8211143695014663,1960.0,e9dffe86d29405c7f48f6b0948e780bcb439900544819f32d8f73fd995799b0d,0.16031766587766472,sweep_mnist_topk_64,0.882998817428476,cluster,192,0.3605231507374758,0.10916262981583214,/mnt/data/fl_alltiers_audit/outputs/sweep_mnist_topk_64/sweep_mnist_topk_64__seed9103__20261005-113711__652c6b28,0.14834159660735147,clean,9103,0.9575,0.5760904947916667
0.2383937090565102,0.53515625,0.517333984375,0.9354723506399607,0.8211143695014663,1960.0,e9dffe86d29405c7f48f6b0948e780bcb439900544819f32d8f73fd995799b0d,0.2502466456649614,sweep_mnist_topk_64,0.8287197792954734,fedattr_mean,192,0.0,2.37558185571413e-17,/mnt/data/fl_alltiers_audit/outputs/sweep_mnist_topk_64/sweep_mnist_topk_64__seed9103__20261005-113711__652c6b28,0.33068074667978176,clean,9103,0.9575,0.34025065104166663
0.38526074656405285,0.53515625,0.517333984375,0.9354723506399607,0.8211143695014663,0.0,e9dffe86d29405c7f48f6b0948e780bcb439900544819f32d8f73fd995799b0d,0.15839002244635292,sweep_mnist_topk_64,0.8844408576100251,local,192,0.4718665073389721,0.30593416947080515,/mnt/data/fl_alltiers_audit/outputs/sweep_mnist_topk_64/sweep_mnist_topk_64__seed9103__20261005-113711__652c6b28,0.12684719160540853,clean,9103,0.9575,0.59765625
0.30726377964584994,0.53515625,0.517333984375,0.9354723506399607,0.8211143695014663,1960.0,e9dffe86d29405c7f48f6b0948e780bcb439900544819f32d8f73fd995799b0d,0.1754417082197809,sweep_mnist_topk_64,0.8774025622834112,nc_sacpa,192,0.2543940151851386,0.008133895023058068,/mnt/data/fl_alltiers_audit/outputs/sweep_mnist_topk_64/sweep_mnist_topk_64__seed9103__20261005-113711__652c6b28,0.2662386484619551,clean,9103,0.9575,0.40413411458333337
0.2733836546631024,0.53515625,0.517333984375,0.9354723506399607,0.8211143695014663,1960.0,e9dffe86d29405c7f48f6b0948e780bcb439900544819f32d8f73fd995799b0d,0.1802400775353211,sweep_mnist_topk_64,0.8737329806173268,sacpa_global_count,192,0.12087397098422069,0.0429569207960291,/mnt/data/fl_alltiers_audit/outputs/sweep_mnist_topk_64/sweep_mnist_topk_64__seed9103__20261005-113711__652c6b28,0.21601691531415548,clean,9103,0.9575,0.4491373697916667
0.38524998206361205,0.53515625,0.517333984375,0.9354723506399607,0.8211143695014663,4520.0,e9dffe86d29405c7f48f6b0948e780bcb439900544819f32d8f73fd995799b0d,0.16167988423452093,sweep_mnist_topk_64,0.8824877392282663,ucpa,192,0.4718539216766066,1.3520455549392335e-06,/mnt/data/fl_alltiers_audit/outputs/sweep_mnist_topk_64/sweep_mnist_topk_64__seed9103__20261005-113711__652c6b28,0.15149200391115297,clean,9103,0.9575,0.5498046875
0.3789033380281004,0.53515625,0.517333984375,0.9354723506399607,0.8211143695014663,4520.0,e9dffe86d29405c7f48f6b0948e780bcb439900544819f32d8f73fd995799b0d,0.16165898248824914,sweep_mnist_topk_64,0.882729711595554,ucpa_coord_only,192,0.46019646694459665,0.009546868222532335,/mnt/data/fl_alltiers_audit/outputs/sweep_mnist_topk_64/sweep_mnist_topk_64__seed9103__20261005-113711__652c6b28,0.15101529940594027,clean,9103,0.9575,0.5496419270833333
0.38508223698947447,0.53515625,0.517333984375,0.9354723506399607,0.8211143695014663,4520.0,e9dffe86d29405c7f48f6b0948e780bcb439900544819f32d8f73fd995799b0d,0.16168080044541666,sweep_mnist_topk_64,0.8824850473490187,ucpa_whole_only,192,0.47163480943835767,3.4889965427025254e-05,/mnt/data/fl_alltiers_audit/outputs/sweep_mnist_topk_64/sweep_mnist_topk_64__seed9103__20261005-113711__652c6b28,0.15147785498127386,clean,9103,0.9575,0.5498046875
0.35959662570739387,0.53515625,0.517333984375,0.9354723506399607,0.8211143695014663,1960.0,e9dffe86d29405c7f48f6b0948e780bcb439900544819f32d8f73fd995799b0d,0.15980567604419776,sweep_mnist_topk_64,0.8845527346205926,xfedalign_median,192,0.33469994319864876,0.2461874910097189,/mnt/data/fl_alltiers_audit/outputs/sweep_mnist_topk_64/sweep_mnist_topk_64__seed9103__20261005-113711__652c6b28,0.15215689882494812,clean,9103,0.9575,0.5673014322916666
0.3265252349841232,0.565216064453125,0.560577392578125,0.9460458784114083,0.8960244648318043,1960.0,e9dffe86d29405c7f48f6b0948e780bcb439900544819f32d8f73fd995799b0d,0.15362079840124354,sweep_mnist_topk_64,0.8766581198064765,cluster,192,0.3560641160456085,0.10599567203842282,/mnt/data/fl_alltiers_audit/outputs/sweep_mnist_topk_64/sweep_mnist_topk_64__seed9104__20261005-115145__17d787aa,0.14768962486903242,clean,9104,0.9573,0.5707194010416666
0.23655751016412163,0.565216064453125,0.560577392578125,0.9460458784114083,0.8960244648318043,1960.0,e9dffe86d29405c7f48f6b0948e780bcb439900544819f32d8f73fd995799b0d,0.235983920740667,sweep_mnist_topk_64,0.834456894127652,fedattr_mean,192,0.0,2.0333873616959608e-17,/mnt/data/fl_alltiers_audit/outputs/sweep_mnist_topk_64/sweep_mnist_topk_64__seed9104__20261005-115145__17d787aa,0.31831818382452404,clean,9104,0.9573,0.346923828125
0.38191471595742854,0.565216064453125,0.560577392578125,0.9460458784114083,0.8960244648318043,0.0,e9dffe86d29405c7f48f6b0948e780bcb439900544819f32d8f73fd995799b0d,0.15127550393954153,sweep_mnist_topk_64,0.8774845155632647,local,192,0.4652886251292144,0.2999142987142498,/mnt/data/fl_alltiers_audit/outputs/sweep_mnist_topk_64/sweep_mnist_topk_64__seed9104__20261005-115145__17d787aa,0.12890974718791365,clean,9104,0.9573,0.5941569010416666
0.2999294885544481,0.565216064453125,0.560577392578125,0.9460458784114083,0.8960244648318043,1960.0,e9dffe86d29405c7f48f6b0948e780bcb439900544819f32d8f73fd995799b0d,0.16790511577710276,sweep_mnist_topk_64,0.8684063726500124,nc_sacpa,192,0.23401009538039738,0.008270683108009326,/mnt/data/fl_alltiers_audit/outputs/sweep_mnist_topk_64/sweep_mnist_topk_64__seed9104__20261005-115145__17d787aa,0.2668282093017258,clean,9104,0.9573,0.398681640625
0.2646615409853061,0.565216064453125,0.560577392578125,0.9460458784114083,0.8960244648318043,1960.0,e9dffe86d29405c7f48f6b0948e780bcb439900544819f32d8f73fd995799b0d,0.16770092680089876,sweep_mnist_topk_64,0.8685104073944483,sacpa_global_count,192,0.11865309607367926,0.04021722271824422,/mnt/data/fl_alltiers_audit/outputs/sweep_mnist_topk_64/sweep_mnist_topk_64__seed9104__20261005-115145__17d787aa,0.20614241437585454,clean,9104,0.9573,0.45361328125
0.38190575380095293,0.565216064453125,0.560577392578125,0.9460458784114083,0.8960244648318043,4520.0,e9dffe86d29405c7f48f6b0948e780bcb439900544819f32d8f73fd995799b0d,0.15500591794601254,sweep_mnist_topk_64,0.8745626074996835,ucpa,192,0.46527844526609363,1.2178367310694367e-06,/mnt/data/fl_alltiers_audit/outputs/sweep_mnist_topk_64/sweep_mnist_topk_64__seed9104__20261005-115145__17d787aa,0.1534863241989582,clean,9104,0.9573,0.5453287760416666
0.3772496693293092,0.565216064453125,0.560577392578125,0.9460458784114083,0.8960244648318043,4520.0,e9dffe86d29405c7f48f6b0948e780bcb439900544819f32d8f73fd995799b0d,0.15491571561821427,sweep_mnist_topk_64,0.874554746227659,ucpa_coord_only,192,0.4563787398359824,0.006922374591290744,/mnt/data/fl_alltiers_audit/outputs/sweep_mnist_topk_64/sweep_mnist_topk_64__seed9104__20261005-115145__17d787aa,0.15317613121002582,clean,9104,0.9573,0.5447591145833334
0.3817514730625716,0.565216064453125,0.560577392578125,0.9460458784114083,0.8960244648318043,4520.0,e9dffe86d29405c7f48f6b0948e780bcb439900544819f32d8f73fd995799b0d,0.15500892345977868,sweep_mnist_topk_64,0.8746022012450947,ucpa_whole_only,192,0.46509431025233566,2.8449348723847333e-05,/mnt/data/fl_alltiers_audit/outputs/sweep_mnist_topk_64/sweep_mnist_topk_64__seed9104__20261005-115145__17d787aa,0.1534674634709679,clean,9104,0.9573,0.545166015625
0.35644587759270363,0.565216064453125,0.560577392578125,0.9460458784114083,0.8960244648318043,1960.0,e9dffe86d29405c7f48f6b0948e780bcb439900544819f32d8f73fd995799b0d,0.1541979962754946,sweep_mnist_topk_64,0.8770784396790986,xfedalign_median,192,0.32654434430139684,0.23490304572219045,/mnt/data/fl_alltiers_audit/outputs/sweep_mnist_topk_64/sweep_mnist_topk_64__seed9104__20261005-115145__17d787aa,0.1538858809536826,clean,9104,0.9573,0.5577799479166667
0.3229651510014718,0.53900146484375,0.54345703125,0.9546287084885665,0.9027777777777778,1960.0,e9dffe86d29405c7f48f6b0948e780bcb439900544819f32d8f73fd995799b0d,0.16205635605955043,sweep_mnist_topk_64,0.897576908150586,cluster,192,0.3679327697326962,0.1005145087902518,/mnt/data/fl_alltiers_audit/outputs/sweep_mnist_topk_64/sweep_mnist_topk_64__seed9102__20261005-112209__60afd0ab,0.13987479982891377,clean,9102,0.9725,0.5779622395833333
0.21313864735351637,0.53900146484375,0.54345703125,0.9546287084885665,0.9027777777777778,1960.0,e9dffe86d29405c7f48f6b0948e780bcb439900544819f32d8f73fd995799b0d,0.23991546313231232,sweep_mnist_topk_64,0.8507180163731238,fedattr_mean,192,0.0,1.0834900389933732e-17,/mnt/data/fl_alltiers_audit/outputs/sweep_mnist_topk_64/sweep_mnist_topk_64__seed9102__20261005-112209__60afd0ab,0.3035520749288303,clean,9102,0.9725,0.35066731770833337
0.3765647974117337,0.53900146484375,0.54345703125,0.9546287084885665,0.9027777777777778,0.0,e9dffe86d29405c7f48f6b0948e780bcb439900544819f32d8f73fd995799b0d,0.16014369611348228,sweep_mnist_topk_64,0.8984286420036369,local,192,0.473083854948958,0.30153365518755704,/mnt/data/fl_alltiers_audit/outputs/sweep_mnist_topk_64/sweep_mnist_topk_64__seed9102__20261005-112209__60afd0ab,0.12114774844123295,clean,9102,0.9725,0.6039225260416667
0.29431410170976674,0.53900146484375,0.54345703125,0.9546287084885665,0.9027777777777778,1960.0,e9dffe86d29405c7f48f6b0948e780bcb439900544819f32d8f73fd995799b0d,0.1713122334815277,sweep_mnist_topk_64,0.8917328853550013,nc_sacpa,192,0.2518370369244156,0.009067289597549332,/mnt/data/fl_alltiers_audit/outputs/sweep_mnist_topk_64/sweep_mnist_topk_64__seed9102__20261005-112209__60afd0ab,0.25752524335927696,clean,9102,0.9725,0.4111328125
0.2519464946386929,0.53900146484375,0.54345703125,0.9546287084885665,0.9027777777777778,1960.0,e9dffe86d29405c7f48f6b0948e780bcb439900544819f32d8f73fd995799b0d,0.17229647221471017,sweep_mnist_topk_64,0.8875762386952677,sacpa_global_count,192,0.11842967614695002,0.042960894391939834,/mnt/data/fl_alltiers_audit/outputs/sweep_mnist_topk_64/sweep_mnist_topk_64__seed9102__20261005-112209__60afd0ab,0.19996505305772042,clean,9102,0.9725,0.45857747395833337
0.37655250469879364,0.53900146484375,0.54345703125,0.9546287084885665,0.9027777777777778,4520.0,e9dffe86d29405c7f48f6b0948e780bcb439900544819f32d8f73fd995799b0d,0.1620650748534596,sweep_mnist_topk_64,0.8966591854219587,ucpa,192,0.47307294615381296,1.4135543367366483e-06,/mnt/data/fl_alltiers_audit/outputs/sweep_mnist_topk_64/sweep_mnist_topk_64__seed9102__20261005-112209__60afd0ab,0.14527181240429293,clean,9102,0.9725,0.5569661458333333
0.3701654399107523,0.53900146484375,0.54345703125,0.9546287084885665,0.9027777777777778,4520.0,e9dffe86d29405c7f48f6b0948e780bcb439900544819f32d8f73fd995799b0d,0.16236366680420058,sweep_mnist_topk_64,0.8966435881218786,ucpa_coord_only,192,0.4626461864998238,0.009682982228207316,/mnt/data/fl_alltiers_audit/outputs/sweep_mnist_topk_64/sweep_mnist_topk_64__seed9102__20261005-112209__60afd0ab,0.14474605815080863,clean,9102,0.9725,0.556884765625
0.3763127927987856,0.53900146484375,0.54345703125,0.9546287084885665,0.9027777777777778,4520.0,e9dffe86d29405c7f48f6b0948e780bcb439900544819f32d8f73fd995799b0d,0.1620695543103466,sweep_mnist_topk_64,0.8966516822837245,ucpa_whole_only,192,0.4728285969897593,4.369026038198667e-05,/mnt/data/fl_alltiers_audit/outputs/sweep_mnist_topk_64/sweep_mnist_topk_64__seed9102__20261005-112209__60afd0ab,0.145252682614476,clean,9102,0.9725,0.5570475260416666
0.352973424165416,0.53900146484375,0.54345703125,0.9546287084885665,0.9027777777777778,1960.0,e9dffe86d29405c7f48f6b0948e780bcb439900544819f32d8f73fd995799b0d,0.1611831068660346,sweep_mnist_topk_64,0.8974638990480647,xfedalign_median,192,0.3339819490603693,0.2367253036984621,/mnt/data/fl_alltiers_audit/outputs/sweep_mnist_topk_64/sweep_mnist_topk_64__seed9102__20261005-112209__60afd0ab,0.14572479348761502,clean,9102,0.9725,0.5721028645833334
0.32386927465174764,0.553802490234375,0.545013427734375,0.9537549522016767,0.9204152249134948,1960.0,e9dffe86d29405c7f48f6b0948e780bcb439900544819f32d8f73fd995799b0d,0.16442950121654576,sweep_mnist_topk_64,0.8872825584957449,cluster,192,0.3639561776482073,0.12834712910814708,/mnt/data/fl_alltiers_audit/outputs/sweep_mnist_topk_64/sweep_mnist_topk_64__seed9105__20261005-120703__280f703f,0.14236676539401552,clean,9105,0.9692,0.5904134114583334
0.23265313987344144,0.553802490234375,0.545013427734375,0.9537549522016767,0.9204152249134948,1960.0,e9dffe86d29405c7f48f6b0948e780bcb439900544819f32d8f73fd995799b0d,0.2640880748681866,sweep_mnist_topk_64,0.8177840333134844,fedattr_mean,192,0.0,8.71240591010624e-18,/mnt/data/fl_alltiers_audit/outputs/sweep_mnist_topk_64/sweep_mnist_topk_64__seed9105__20261005-120703__280f703f,0.3271432826135049,clean,9105,0.9692,0.32731119791666663
0.3900058377625599,0.553802490234375,0.545013427734375,0.9537549522016767,0.9204152249134948,0.0,e9dffe86d29405c7f48f6b0948e780bcb439900544819f32d8f73fd995799b0d,0.16184060547275295,sweep_mnist_topk_64,0.88868227193697,local,192,0.5017814609602123,0.3252575315149576,/mnt/data/fl_alltiers_audit/outputs/sweep_mnist_topk_64/sweep_mnist_topk_64__seed9105__20261005-120703__280f703f,0.12675596725889082,clean,9105,0.9692,0.6089680989583334
0.3025667289787073,0.553802490234375,0.545013427734375,0.9537549522016767,0.9204152249134948,1960.0,e9dffe86d29405c7f48f6b0948e780bcb439900544819f32d8f73fd995799b0d,0.1784638384758485,sweep_mnist_topk_64,0.8741965743691567,nc_sacpa,192,0.26642460981375227,0.009002125375147078,/mnt/data/fl_alltiers_audit/outputs/sweep_mnist_topk_64/sweep_mnist_topk_64__seed9105__20261005-120703__280f703f,0.26183223535175326,clean,9105,0.9692,0.4148763020833333
0.2783207466533325,0.553802490234375,0.545013427734375,0.9537549522016767,0.9204152249134948,1960.0,e9dffe86d29405c7f48f6b0948e780bcb439900544819f32d8f73fd995799b0d,0.18669554301541214,sweep_mnist_topk_64,0.8738984914564374,sacpa_global_count,192,0.13512927794684162,0.04636670592078891,/mnt/data/fl_alltiers_audit/outputs/sweep_mnist_topk_64/sweep_mnist_topk_64__seed9105__20261005-120703__280f703f,0.22169267711683305,clean,9105,0.9692,0.44401041666666663
0.390000089308178,0.553802490234375,0.545013427734375,0.9537549522016767,0.9204152249134948,4520.0,e9dffe86d29405c7f48f6b0948e780bcb439900544819f32d8f73fd995799b0d,0.16622598883183554,sweep_mnist_topk_64,0.8861035383805723,ucpa,192,0.5017750651091959,8.476671675598851e-07,/mnt/data/fl_alltiers_audit/outputs/sweep_mnist_topk_64/sweep_mnist_topk_64__seed9105__20261005-120703__280f703f,0.150646592990161,clean,9105,0.9692,0.5628255208333333
0.3839887854110262,0.553802490234375,0.545013427734375,0.9537549522016767,0.9204152249134948,4520.0,e9dffe86d29405c7f48f6b0948e780bcb439900544819f32d8f73fd995799b0d,0.16648922848577663,sweep_mnist_topk_64,0.8859869392213303,ucpa_coord_only,192,0.4914300400269629,0.009219645095953523,/mnt/data/fl_alltiers_audit/outputs/sweep_mnist_topk_64/sweep_mnist_topk_64__seed9105__20261005-120703__280f703f,0.15018103585418932,clean,9105,0.9692,0.5630696614583334
0.389895433181876,0.553802490234375,0.545013427734375,0.9537549522016767,0.9204152249134948,4520.0,e9dffe86d29405c7f48f6b0948e780bcb439900544819f32d8f73fd995799b0d,0.16622794078111836,sweep_mnist_topk_64,0.8861122407751247,ucpa_whole_only,192,0.5016649943577154,1.8575695261181124e-05,/mnt/data/fl_alltiers_audit/outputs/sweep_mnist_topk_64/sweep_mnist_topk_64__seed9105__20261005-120703__280f703f,0.15063380901921414,clean,9105,0.9692,0.5628255208333333
0.36643864060728537,0.553802490234375,0.545013427734375,0.9537549522016767,0.9204152249134948,1960.0,e9dffe86d29405c7f48f6b0948e780bcb439900544819f32d8f73fd995799b0d,0.16458821467140297,sweep_mnist_topk_64,0.8873814963611759,xfedalign_median,192,0.3597739982401923,0.2674821844677452,/mnt/data/fl_alltiers_audit/outputs/sweep_mnist_topk_64/sweep_mnist_topk_64__seed9105__20261005-120703__280f703f,0.1516696791828393,clean,9105,0.9692,0.583251953125
0.22526543902812984,0.5418701171875,0.534393310546875,0.9546287084885665,0.9027777777777778,3880.0,c2137cd226cc3f4f1e896c228ffa9eeb3b87e311f7e89adba55e0ca861d6457b,0.16189955483317436,sensitivity_ncsacpa_power_1p0,0.8981354729334271,cluster,192,0.2835291716520836,0.08220818923395966,/mnt/data/fl_alltiers_audit/outputs/sensitivity_ncsacpa_power_1p0/sensitivity_ncsacpa_power_1p0__seed9102__20261005-214527__aafc4cdc,0.13763863636916593,clean,9102,0.9725,0.7654622395833334
0.15266164072228275,0.5418701171875,0.534393310546875,0.9546287084885665,0.9027777777777778,3880.0,c2137cd226cc3f4f1e896c228ffa9eeb3b87e311f7e89adba55e0ca861d6457b,0.21125415004905035,sensitivity_ncsacpa_power_1p0,0.8687237994108727,fedattr_mean,192,0.0,1.976755699931275e-17,/mnt/data/fl_alltiers_audit/outputs/sensitivity_ncsacpa_power_1p0/sensitivity_ncsacpa_power_1p0__seed9102__20261005-214527__aafc4cdc,0.2739394153697019,clean,9102,0.9725,0.5348714192708334
0.2705430676057753,0.5418701171875,0.534393310546875,0.9546287084885665,0.9027777777777778,0.0,c2137cd226cc3f4f1e896c228ffa9eeb3b87e311f7e89adba55e0ca861d6457b,0.16014369611348228,sensitivity_ncsacpa_power_1p0,0.8984286420036369,local,192,0.3846317580937864,0.23540308225957074,/mnt/data/fl_alltiers_audit/outputs/sensitivity_ncsacpa_power_1p0/sensitivity_ncsacpa_power_1p0__seed9102__20261005-214527__aafc4cdc,0.12114774844123295,clean,9102,0.9725,0.8388671875
0.18275352507648213,0.5418701171875,0.534393310546875,0.9546287084885665,0.9027777777777778,3880.0,c2137cd226cc3f4f1e896c228ffa9eeb3b87e311f7e89adba55e0ca861d6457b,0.17962893121221746,sensitivity_ncsacpa_power_1p0,0.885386712900557,nc_sacpa,192,0.15358628297242558,0.007543571632383571,/mnt/data/fl_alltiers_audit/outputs/sensitivity_ncsacpa_power_1p0/sensitivity_ncsacpa_power_1p0__seed9102__20261005-214527__aafc4cdc,0.22568703330125992,clean,9102,0.9725,0.60009765625
0.1609298719799706,0.5418701171875,0.534393310546875,0.9546287084885665,0.9027777777777778,3880.0,c2137cd226cc3f4f1e896c228ffa9eeb3b87e311f7e89adba55e0ca861d6457b,0.17208303236283579,sensitivity_ncsacpa_power_1p0,0.8912408859173107,sacpa_global_count,192,0.07179764815503277,0.036676906736102945,/mnt/data/fl_alltiers_audit/outputs/sensitivity_ncsacpa_power_1p0/sensitivity_ncsacpa_power_1p0__seed9102__20261005-214527__aafc4cdc,0.19293379317091403,clean,9102,0.9725,0.6566569010416666
0.27045293562573713,0.5418701171875,0.534393310546875,0.9546287084885665,0.9027777777777778,9000.0,c2137cd226cc3f4f1e896c228ffa9eeb3b87e311f7e89adba55e0ca861d6457b,0.1620221195597272,sensitivity_ncsacpa_power_1p0,0.895690748135227,ucpa,192,0.3845317104927312,1.2776250680329101e-05,/mnt/data/fl_alltiers_audit/outputs/sensitivity_ncsacpa_power_1p0/sensitivity_ncsacpa_power_1p0__seed9102__20261005-214527__aafc4cdc,0.1423181465401139,clean,9102,0.9725,0.7451578776041667
0.25881404138614383,0.5418701171875,0.534393310546875,0.9546287084885665,0.9027777777777778,9000.0,c2137cd226cc3f4f1e896c228ffa9eeb3b87e311f7e89adba55e0ca861d6457b,0.16225667844370645,sensitivity_ncsacpa_power_1p0,0.8961582843994014,ucpa_coord_only,192,0.36213090693618893,0.01695191440023966,/mnt/data/fl_alltiers_audit/outputs/sensitivity_ncsacpa_power_1p0/sensitivity_ncsacpa_power_1p0__seed9102__20261005-214527__aafc4cdc,0.14135936997708545,clean,9102,0.9725,0.740234375
0.2699912375137446,0.5418701171875,0.534393310546875,0.9546287084885665,0.9027777777777778,9000.0,c2137cd226cc3f4f1e896c228ffa9eeb3b87e311f7e89adba55e0ca861d6457b,0.16204888383948252,sensitivity_ncsacpa_power_1p0,0.8956292380025237,ucpa_whole_only,192,0.38402137508910295,9.860840671599071e-05,/mnt/data/fl_alltiers_audit/outputs/sensitivity_ncsacpa_power_1p0/sensitivity_ncsacpa_power_1p0__seed9102__20261005-214527__aafc4cdc,0.14226962499760498,clean,9102,0.9725,0.7448323567708333
0.2369050677457316,0.5418701171875,0.534393310546875,0.9546287084885665,0.9027777777777778,3880.0,c2137cd226cc3f4f1e896c228ffa9eeb3b87e311f7e89adba55e0ca861d6457b,0.16246770774378091,sensitivity_ncsacpa_power_1p0,0.89811845524758,xfedalign_median,192,0.2551642158396884,0.16480440934213927,/mnt/data/fl_alltiers_audit/outputs/sensitivity_ncsacpa_power_1p0/sensitivity_ncsacpa_power_1p0__seed9102__20261005-214527__aafc4cdc,0.1364737637541962,clean,9102,0.9725,0.7694905598958334
0.23965454650601753,0.57257080078125,0.54339599609375,0.9595234691839127,0.9008620689655172,3880.0,c2137cd226cc3f4f1e896c228ffa9eeb3b87e311f7e89adba55e0ca861d6457b,0.15665923206759846,sensitivity_ncsacpa_power_1p0,0.8856528068274505,cluster,192,0.2803325322068978,0.08326586454490997,/mnt/data/fl_alltiers_audit/outputs/sensitivity_ncsacpa_power_1p0/sensitivity_ncsacpa_power_1p0__seed9101__20261005-213230__18f0c061,0.14354613821148668,clean,9101,0.9492,0.764404296875
0.17731416798514474,0.57257080078125,0.54339599609375,0.9595234691839127,0.9008620689655172,3880.0,c2137cd226cc3f4f1e896c228ffa9eeb3b87e311f7e89adba55e0ca861d6457b,0.22245094042860103,sensitivity_ncsacpa_power_1p0,0.8483556108607444,fedattr_mean,192,0.0,1.242008085290753e-17,/mnt/data/fl_alltiers_audit/outputs/sensitivity_ncsacpa_power_1p0/sensitivity_ncsacpa_power_1p0__seed9101__20261005-213230__18f0c061,0.28669288457643316,clean,9101,0.9492,0.5159098307291667
0.282023306101716,0.57257080078125,0.54339599609375,0.9595234691839127,0.9008620689655172,0.0,c2137cd226cc3f4f1e896c228ffa9eeb3b87e311f7e89adba55e0ca861d6457b,0.15462432798203735,sensitivity_ncsacpa_power_1p0,0.8871253028477895,local,192,0.3717410209434218,0.23912189832121417,/mnt/data/fl_alltiers_audit/outputs/sensitivity_ncsacpa_power_1p0/sensitivity_ncsacpa_power_1p0__seed9101__20261005-213230__18f0c061,0.12852375732574475,clean,9101,0.9492,0.8314615885416667
0.1960965897210868,0.57257080078125,0.54339599609375,0.9595234691839127,0.9008620689655172,3880.0,c2137cd226cc3f4f1e896c228ffa9eeb3b87e311f7e89adba55e0ca861d6457b,0.1799706502929136,sensitivity_ncsacpa_power_1p0,0.8697614560503402,nc_sacpa,192,0.14883939261440157,0.00742198370218122,/mnt/data/fl_alltiers_audit/outputs/sensitivity_ncsacpa_power_1p0/sensitivity_ncsacpa_power_1p0__seed9101__20261005-213230__18f0c061,0.23099157431719744,clean,9101,0.9492,0.5904947916666667
0.18353445801584253,0.57257080078125,0.54339599609375,0.9595234691839127,0.9008620689655172,3880.0,c2137cd226cc3f4f1e896c228ffa9eeb3b87e311f7e89adba55e0ca861d6457b,0.17396372648123964,sensitivity_ncsacpa_power_1p0,0.8751046613819805,sacpa_global_count,192,0.07126666790557264,0.03735448233966695,/mnt/data/fl_alltiers_audit/outputs/sensitivity_ncsacpa_power_1p0/sensitivity_ncsacpa_power_1p0__seed9101__20261005-213230__18f0c061,0.20294825928946159,clean,9101,0.9492,0.6350504557291666
0.2819442215475232,0.57257080078125,0.54339599609375,0.9595234691839127,0.9008620689655172,9000.0,c2137cd226cc3f4f1e896c228ffa9eeb3b87e311f7e89adba55e0ca861d6457b,0.15949346102091416,sensitivity_ncsacpa_power_1p0,0.8840987719089906,ucpa,192,0.3715488432865659,2.1620522454190248e-05,/mnt/data/fl_alltiers_audit/outputs/sensitivity_ncsacpa_power_1p0/sensitivity_ncsacpa_power_1p0__seed9101__20261005-213230__18f0c061,0.14963664555586625,clean,9101,0.9492,0.7385660807291667
0.27261594632673136,0.57257080078125,0.54339599609375,0.9595234691839127,0.9008620689655172,9000.0,c2137cd226cc3f4f1e896c228ffa9eeb3b87e311f7e89adba55e0ca861d6457b,0.15956074436344353,sensitivity_ncsacpa_power_1p0,0.8843312187022851,ucpa_coord_only,192,0.35119080764682714,0.013219391063651963,/mnt/data/fl_alltiers_audit/outputs/sensitivity_ncsacpa_power_1p0/sensitivity_ncsacpa_power_1p0__seed9101__20261005-213230__18f0c061,0.1485926336062996,clean,9101,0.9492,0.7349853515625
0.28158275974912306,0.57257080078125,0.54339599609375,0.9595234691839127,0.9008620689655172,9000.0,c2137cd226cc3f4f1e896c228ffa9eeb3b87e311f7e89adba55e0ca861d6457b,0.15941735216735348,sensitivity_ncsacpa_power_1p0,0.8841856515227997,ucpa_whole_only,192,0.3710511664163586,9.10984072933688e-05,/mnt/data/fl_alltiers_audit/outputs/sensitivity_ncsacpa_power_1p0/sensitivity_ncsacpa_power_1p0__seed9101__20261005-213230__18f0c061,0.1495748019625483,clean,9101,0.9492,0.7383219401041667
0.25151925056759783,0.57257080078125,0.54339599609375,0.9595234691839127,0.9008620689655172,3880.0,c2137cd226cc3f4f1e896c228ffa9eeb3b87e311f7e89adba55e0ca861d6457b,0.1583510742414243,sensitivity_ncsacpa_power_1p0,0.8851320243678855,xfedalign_median,192,0.2516741447313263,0.18022814062851333,/mnt/data/fl_alltiers_audit/outputs/sensitivity_ncsacpa_power_1p0/sensitivity_ncsacpa_power_1p0__seed9101__20261005-213230__18f0c061,0.14592968838009002,clean,9101,0.9492,0.7637532552083333
0.22886883138099795,0.57171630859375,0.568359375,0.9537549522016767,0.9204152249134948,3880.0,c2137cd226cc3f4f1e896c228ffa9eeb3b87e311f7e89adba55e0ca861d6457b,0.16470869370141372,sensitivity_ncsacpa_power_1p0,0.8876159272996257,cluster,192,0.2819885897797293,0.0972348611142863,/mnt/data/fl_alltiers_audit/outputs/sensitivity_ncsacpa_power_1p0/sensitivity_ncsacpa_power_1p0__seed9105__20261005-222458__d40e203d,0.14087787628527332,clean,9105,0.9692,0.7805989583333333
0.17410580906758816,0.57171630859375,0.568359375,0.9537549522016767,0.9204152249134948,3880.0,c2137cd226cc3f4f1e896c228ffa9eeb3b87e311f7e89adba55e0ca861d6457b,0.23371651019986645,sensitivity_ncsacpa_power_1p0,0.8458811849268083,fedattr_mean,192,0.0,1.689832128806763e-17,/mnt/data/fl_alltiers_audit/outputs/sensitivity_ncsacpa_power_1p0/sensitivity_ncsacpa_power_1p0__seed9105__20261005-222458__d40e203d,0.292978857206025,clean,9105,0.9692,0.5186767578125
0.27839839338861566,0.57171630859375,0.568359375,0.9537549522016767,0.9204152249134948,0.0,c2137cd226cc3f4f1e896c228ffa9eeb3b87e311f7e89adba55e0ca861d6457b,0.16184060547275295,sensitivity_ncsacpa_power_1p0,0.88868227193697,local,192,0.39969831391975247,0.24976964183658326,/mnt/data/fl_alltiers_audit/outputs/sensitivity_ncsacpa_power_1p0/sensitivity_ncsacpa_power_1p0__seed9105__20261005-222458__d40e203d,0.12675596725889082,clean,9105,0.9692,0.8404947916666666
0.18774751515935714,0.57171630859375,0.568359375,0.9537549522016767,0.9204152249134948,3880.0,c2137cd226cc3f4f1e896c228ffa9eeb3b87e311f7e89adba55e0ca861d6457b,0.18814163849495646,sensitivity_ncsacpa_power_1p0,0.8752019486571005,nc_sacpa,192,0.15498645036204226,0.008059915444676479,/mnt/data/fl_alltiers_audit/outputs/sensitivity_ncsacpa_power_1p0/sensitivity_ncsacpa_power_1p0__seed9105__20261005-222458__d40e203d,0.22710841349968203,clean,9105,0.9692,0.6075439453125
0.18655708330598236,0.57171630859375,0.568359375,0.9537549522016767,0.9204152249134948,3880.0,c2137cd226cc3f4f1e896c228ffa9eeb3b87e311f7e89adba55e0ca861d6457b,0.18428161477234728,sensitivity_ncsacpa_power_1p0,0.878569768698596,sacpa_global_count,192,0.07900392867849436,0.04135521678800253,/mnt/data/fl_alltiers_audit/outputs/sensitivity_ncsacpa_power_1p0/sensitivity_ncsacpa_power_1p0__seed9105__20261005-222458__d40e203d,0.20958867461103592,clean,9105,0.9692,0.6332194010416666
0.2783435251168248,0.57171630859375,0.568359375,0.9537549522016767,0.9204152249134948,9000.0,c2137cd226cc3f4f1e896c228ffa9eeb3b87e311f7e89adba55e0ca861d6457b,0.16689031686625339,sensitivity_ncsacpa_power_1p0,0.8860754697301995,ucpa,192,0.3996222512014024,8.843942349957544e-06,/mnt/data/fl_alltiers_audit/outputs/sensitivity_ncsacpa_power_1p0/sensitivity_ncsacpa_power_1p0__seed9105__20261005-222458__d40e203d,0.14712241802765058,clean,9105,0.9692,0.7462158203125
0.26739084597762386,0.57171630859375,0.568359375,0.9537549522016767,0.9204152249134948,9000.0,c2137cd226cc3f4f1e896c228ffa9eeb3b87e311f7e89adba55e0ca861d6457b,0.1659413365481972,sensitivity_ncsacpa_power_1p0,0.8862007434656306,ucpa_coord_only,192,0.37649615599356806,0.01816169996606296,/mnt/data/fl_alltiers_audit/outputs/sensitivity_ncsacpa_power_1p0/sensitivity_ncsacpa_power_1p0__seed9105__20261005-222458__d40e203d,0.14598282552435704,clean,9105,0.9692,0.7420654296875
0.27806951767431815,0.57171630859375,0.568359375,0.9537549522016767,0.9204152249134948,9000.0,c2137cd226cc3f4f1e896c228ffa9eeb3b87e311f7e89adba55e0ca861d6457b,0.16686575884771931,sensitivity_ncsacpa_power_1p0,0.8860430169937615,ucpa_whole_only,192,0.39930586791951267,5.808774692161713e-05,/mnt/data/fl_alltiers_audit/outputs/sensitivity_ncsacpa_power_1p0/sensitivity_ncsacpa_power_1p0__seed9105__20261005-222458__d40e203d,0.14706818808605907,clean,9105,0.9692,0.7458902994791667
0.24693260046034066,0.57171630859375,0.568359375,0.9537549522016767,0.9204152249134948,3880.0,c2137cd226cc3f4f1e896c228ffa9eeb3b87e311f7e89adba55e0ca861d6457b,0.16686371935008232,sensitivity_ncsacpa_power_1p0,0.8864881989428832,xfedalign_median,192,0.26805636091538926,0.18035346764806032,/mnt/data/fl_alltiers_audit/outputs/sensitivity_ncsacpa_power_1p0/sensitivity_ncsacpa_power_1p0__seed9105__20261005-222458__d40e203d,0.14361674555424697,clean,9105,0.9692,0.7720540364583334
0.2350126823304013,0.574127197265625,0.558319091796875,0.9460458784114083,0.8960244648318043,3880.0,c2137cd226cc3f4f1e896c228ffa9eeb3b87e311f7e89adba55e0ca861d6457b,0.15260673695823546,sensitivity_ncsacpa_power_1p0,0.876502858443564,cluster,192,0.27703709435526247,0.07955626740998997,/mnt/data/fl_alltiers_audit/outputs/sensitivity_ncsacpa_power_1p0/sensitivity_ncsacpa_power_1p0__seed9104__20261005-221124__979d0c9b,0.14411328183145103,clean,9104,0.9573,0.7636311848958333
0.17758408712243248,0.574127197265625,0.558319091796875,0.9460458784114083,0.8960244648318043,3880.0,c2137cd226cc3f4f1e896c228ffa9eeb3b87e311f7e89adba55e0ca861d6457b,0.20158053565176792,sensitivity_ncsacpa_power_1p0,0.8525308326232031,fedattr_mean,192,0.0,1.590030229720148e-17,/mnt/data/fl_alltiers_audit/outputs/sensitivity_ncsacpa_power_1p0/sensitivity_ncsacpa_power_1p0__seed9104__20261005-221124__979d0c9b,0.28262304738125793,clean,9104,0.9573,0.5211181640625
0.2790760050950427,0.574127197265625,0.558319091796875,0.9460458784114083,0.8960244648318043,0.0,c2137cd226cc3f4f1e896c228ffa9eeb3b87e311f7e89adba55e0ca861d6457b,0.15127550393954153,sensitivity_ncsacpa_power_1p0,0.8774845155632647,local,192,0.36799040672692157,0.23011139841205389,/mnt/data/fl_alltiers_audit/outputs/sensitivity_ncsacpa_power_1p0/sensitivity_ncsacpa_power_1p0__seed9104__20261005-221124__979d0c9b,0.12890974718791365,clean,9104,0.9573,0.8235270182291666
0.19831358408375666,0.574127197265625,0.558319091796875,0.9460458784114083,0.8960244648318043,3880.0,c2137cd226cc3f4f1e896c228ffa9eeb3b87e311f7e89adba55e0ca861d6457b,0.17455086263338065,sensitivity_ncsacpa_power_1p0,0.8643090786776763,nc_sacpa,192,0.14229276549613684,0.007232152347058009,/mnt/data/fl_alltiers_audit/outputs/sensitivity_ncsacpa_power_1p0/sensitivity_ncsacpa_power_1p0__seed9104__20261005-221124__979d0c9b,0.2314037680211329,clean,9104,0.9573,0.5906168619791667
0.18167320221430716,0.574127197265625,0.558319091796875,0.9460458784114083,0.8960244648318043,3880.0,c2137cd226cc3f4f1e896c228ffa9eeb3b87e311f7e89adba55e0ca861d6457b,0.16337543662108753,sensitivity_ncsacpa_power_1p0,0.8731616552709359,sacpa_global_count,192,0.06704191441625776,0.03522792623611297,/mnt/data/fl_alltiers_audit/outputs/sensitivity_ncsacpa_power_1p0/sensitivity_ncsacpa_power_1p0__seed9104__20261005-221124__979d0c9b,0.19646480956921364,clean,9104,0.9573,0.6429850260416667
0.27899901614280775,0.574127197265625,0.558319091796875,0.9460458784114083,0.8960244648318043,9000.0,c2137cd226cc3f4f1e896c228ffa9eeb3b87e311f7e89adba55e0ca861d6457b,0.15469419230066705,sensitivity_ncsacpa_power_1p0,0.8743905683552535,ucpa,192,0.3678789559782536,1.2356326240922157e-05,/mnt/data/fl_alltiers_audit/outputs/sensitivity_ncsacpa_power_1p0/sensitivity_ncsacpa_power_1p0__seed9104__20261005-221124__979d0c9b,0.15005418730597012,clean,9104,0.9573,0.7388509114583334
0.269070444469969,0.574127197265625,0.558319091796875,0.9460458784114083,0.8960244648318043,9000.0,c2137cd226cc3f4f1e896c228ffa9eeb3b87e311f7e89adba55e0ca861d6457b,0.15444430357420064,sensitivity_ncsacpa_power_1p0,0.8745531493659655,ucpa_coord_only,192,0.34784000715536484,0.013995602483963908,/mnt/data/fl_alltiers_audit/outputs/sensitivity_ncsacpa_power_1p0/sensitivity_ncsacpa_power_1p0__seed9104__20261005-221124__979d0c9b,0.14905774599561442,clean,9104,0.9573,0.736083984375
0.2786282247748587,0.574127197265625,0.558319091796875,0.9460458784114083,0.8960244648318043,9000.0,c2137cd226cc3f4f1e896c228ffa9eeb3b87e311f7e89adba55e0ca861d6457b,0.15471849001696683,sensitivity_ncsacpa_power_1p0,0.874418771774314,ucpa_whole_only,192,0.3673589893511109,8.374607795640988e-05,/mnt/data/fl_alltiers_audit/outputs/sensitivity_ncsacpa_power_1p0/sensitivity_ncsacpa_power_1p0__seed9104__20261005-221124__979d0c9b,0.1500042626746892,clean,9104,0.9573,0.7389322916666667
0.24724645045471938,0.574127197265625,0.558319091796875,0.9460458784114083,0.8960244648318043,3880.0,c2137cd226cc3f4f1e896c228ffa9eeb3b87e311f7e89adba55e0ca861d6457b,0.15299062222111387,sensitivity_ncsacpa_power_1p0,0.8776839034506945,xfedalign_median,192,0.24455169680754632,0.16089079835784564,/mnt/data/fl_alltiers_audit/outputs/sensitivity_ncsacpa_power_1p0/sensitivity_ncsacpa_power_1p0__seed9104__20261005-221124__979d0c9b,0.14422458727682275,clean,9104,0.9573,0.759765625
0.2366440727861142,0.534149169921875,0.510589599609375,0.9354723506399607,0.8211143695014663,3880.0,c2137cd226cc3f4f1e896c228ffa9eeb3b87e311f7e89adba55e0ca861d6457b,0.15953014090370443,sensitivity_ncsacpa_power_1p0,0.883175553344093,cluster,192,0.2848783970092391,0.08493676881668116,/mnt/data/fl_alltiers_audit/outputs/sensitivity_ncsacpa_power_1p0/sensitivity_ncsacpa_power_1p0__seed9103__20261005-215836__483b5235,0.1456399174241505,clean,9103,0.9575,0.7659505208333333
0.17574623514455454,0.534149169921875,0.510589599609375,0.9354723506399607,0.8211143695014663,3880.0,c2137cd226cc3f4f1e896c228ffa9eeb3b87e311f7e89adba55e0ca861d6457b,0.2220950978658967,sensitivity_ncsacpa_power_1p0,0.8476354848700188,fedattr_mean,192,0.0,2.1042848140171885e-17,/mnt/data/fl_alltiers_audit/outputs/sensitivity_ncsacpa_power_1p0/sensitivity_ncsacpa_power_1p0__seed9103__20261005-215836__483b5235,0.29356149374953944,clean,9103,0.9575,0.49971516927083337
0.2815509867711701,0.534149169921875,0.510589599609375,0.9354723506399607,0.8211143695014663,0.0,c2137cd226cc3f4f1e896c228ffa9eeb3b87e311f7e89adba55e0ca861d6457b,0.15839002244635292,sensitivity_ncsacpa_power_1p0,0.8844408576100251,local,192,0.37890848402800387,0.24027233605329548,/mnt/data/fl_alltiers_audit/outputs/sensitivity_ncsacpa_power_1p0/sensitivity_ncsacpa_power_1p0__seed9103__20261005-215836__483b5235,0.12684719160540853,clean,9103,0.9575,0.8369547526041667
0.1944179811282079,0.534149169921875,0.510589599609375,0.9354723506399607,0.8211143695014663,3880.0,c2137cd226cc3f4f1e896c228ffa9eeb3b87e311f7e89adba55e0ca861d6457b,0.18509964539668242,sensitivity_ncsacpa_power_1p0,0.8714299320342737,nc_sacpa,192,0.14469351771648511,0.007522186902728233,/mnt/data/fl_alltiers_audit/outputs/sensitivity_ncsacpa_power_1p0/sensitivity_ncsacpa_power_1p0__seed9103__20261005-215836__483b5235,0.23020831314152335,clean,9103,0.9575,0.5905354817708333
0.18380836338658194,0.534149169921875,0.510589599609375,0.9354723506399607,0.8211143695014663,3880.0,c2137cd226cc3f4f1e896c228ffa9eeb3b87e311f7e89adba55e0ca861d6457b,0.17447857307994735,sensitivity_ncsacpa_power_1p0,0.8754298111727015,sacpa_global_count,192,0.07295845966819181,0.038301387752902906,/mnt/data/fl_alltiers_audit/outputs/sensitivity_ncsacpa_power_1p0/sensitivity_ncsacpa_power_1p0__seed9103__20261005-215836__483b5235,0.20565766827430998,clean,9103,0.9575,0.63134765625
0.2814806959544419,0.534149169921875,0.510589599609375,0.9354723506399607,0.8211143695014663,9000.0,c2137cd226cc3f4f1e896c228ffa9eeb3b87e311f7e89adba55e0ca861d6457b,0.1614908099647437,sensitivity_ncsacpa_power_1p0,0.8822690451556507,ucpa,192,0.37880316055569135,1.1367080298455036e-05,/mnt/data/fl_alltiers_audit/outputs/sensitivity_ncsacpa_power_1p0/sensitivity_ncsacpa_power_1p0__seed9103__20261005-215836__483b5235,0.14841581858846165,clean,9103,0.9575,0.7428792317708334
0.26980716481901856,0.534149169921875,0.510589599609375,0.9354723506399607,0.8211143695014663,9000.0,c2137cd226cc3f4f1e896c228ffa9eeb3b87e311f7e89adba55e0ca861d6457b,0.16176266100689343,sensitivity_ncsacpa_power_1p0,0.8828449136571483,ucpa_coord_only,192,0.355269997796724,0.017221989205989944,/mnt/data/fl_alltiers_audit/outputs/sensitivity_ncsacpa_power_1p0/sensitivity_ncsacpa_power_1p0__seed9103__20261005-215836__483b5235,0.14724650652996907,clean,9103,0.9575,0.7394205729166667
0.28113347559767465,0.534149169921875,0.510589599609375,0.9354723506399607,0.8211143695014663,9000.0,c2137cd226cc3f4f1e896c228ffa9eeb3b87e311f7e89adba55e0ca861d6457b,0.16149568221468752,sensitivity_ncsacpa_power_1p0,0.8822726580838207,ucpa_whole_only,192,0.3783032095720416,8.5390431566293e-05,/mnt/data/fl_alltiers_audit/outputs/sensitivity_ncsacpa_power_1p0/sensitivity_ncsacpa_power_1p0__seed9103__20261005-215836__483b5235,0.14835714905037384,clean,9103,0.9575,0.7426350911458334
0.24948967895774227,0.534149169921875,0.510589599609375,0.9354723506399607,0.8211143695014663,3880.0,c2137cd226cc3f4f1e896c228ffa9eeb3b87e311f7e89adba55e0ca861d6457b,0.16057467396870684,sensitivity_ncsacpa_power_1p0,0.8843738107834118,xfedalign_median,192,0.25472398147122927,0.17207856511511652,/mnt/data/fl_alltiers_audit/outputs/sensitivity_ncsacpa_power_1p0/sensitivity_ncsacpa_power_1p0__seed9103__20261005-215836__483b5235,0.14356331458261617,clean,9103,0.9575,0.7626953125
0.2576543283230279,0.5715028804228528,0.5343737060235074,0.8690589993716651,0.4482758620689655,3880.0,003a66b023d447f83ee99a129974a023ae94cee68282b88256cd9434976a9e0b,0.15685000980180727,stress_mnist_rotation_unequal_sizes,0.8377736912336938,cluster,192,0.289303685982201,0.09955097461692591,/mnt/data/fl_alltiers_audit/outputs/stress_mnist_rotation_unequal_sizes/stress_mnist_rotation_unequal_sizes__seed9105__20261005-082147__8fbfc5fb,0.1348623908754482,clean,9105,0.9035,0.7699381510416666
0.2369277137170145,0.5715028804228528,0.5343737060235074,0.8690589993716651,0.4482758620689655,3880.0,003a66b023d447f83ee99a129974a023ae94cee68282b88256cd9434976a9e0b,0.2194037782382111,stress_mnist_rotation_unequal_sizes,0.8250879441290939,fedattr_mean,192,0.0,1.7631634992475248e-17,/mnt/data/fl_alltiers_audit/outputs/stress_mnist_rotation_unequal_sizes/stress_mnist_rotation_unequal_sizes__seed9105__20261005-082147__8fbfc5fb,0.320057371986862,clean,9105,0.9035,0.4732666015625
0.29943356816585553,0.5715028804228528,0.5343737060235074,0.8690589993716651,0.4482758620689655,0.0,003a66b023d447f83ee99a129974a023ae94cee68282b88256cd9434976a9e0b,0.1560222633195129,stress_mnist_rotation_unequal_sizes,0.8381453136900139,local,192,0.40177861949693094,0.2746132352541592,/mnt/data/fl_alltiers_audit/outputs/stress_mnist_rotation_unequal_sizes/stress_mnist_rotation_unequal_sizes__seed9105__20261005-082147__8fbfc5fb,0.1140284170859458,clean,9105,0.9035,0.8408610026041666
0.22798749819669295,0.5715028804228528,0.5343737060235074,0.8690589993716651,0.4482758620689655,3880.0,003a66b023d447f83ee99a129974a023ae94cee68282b88256cd9434976a9e0b,0.17645617549602927,stress_mnist_rotation_unequal_sizes,0.831204509526045,nc_sacpa,192,0.14107454674358844,0.008711368117213274,/mnt/data/fl_alltiers_audit/outputs/stress_mnist_rotation_unequal_sizes/stress_mnist_rotation_unequal_sizes__seed9105__20261005-082147__8fbfc5fb,0.23319671746091647,clean,9105,0.9035,0.59033203125
0.24275236974567607,0.5715028804228528,0.5343737060235074,0.8690589993716651,0.4482758620689655,3880.0,003a66b023d447f83ee99a129974a023ae94cee68282b88256cd9434976a9e0b,0.17125327437170199,stress_mnist_rotation_unequal_sizes,0.8362599725641,sacpa_global_count,192,0.08593996245660451,0.04487556359154772,/mnt/data/fl_alltiers_audit/outputs/stress_mnist_rotation_unequal_sizes/stress_mnist_rotation_unequal_sizes__seed9105__20261005-082147__8fbfc5fb,0.21575881871957397,clean,9105,0.9035,0.6258544921875
0.29937638747968265,0.5715028804228528,0.5343737060235074,0.8690589993716651,0.4482758620689655,9000.0,003a66b023d447f83ee99a129974a023ae94cee68282b88256cd9434976a9e0b,0.1576693042848395,stress_mnist_rotation_unequal_sizes,0.83721106299854,ucpa,192,0.4016886173729601,9.563404624043917e-06,/mnt/data/fl_alltiers_audit/outputs/stress_mnist_rotation_unequal_sizes/stress_mnist_rotation_unequal_sizes__seed9105__20261005-082147__8fbfc5fb,0.13411049814515558,clean,9105,0.9035,0.7547607421875
0.28852469254049207,0.5715028804228528,0.5343737060235074,0.8690589993716651,0.4482758620689655,9000.0,003a66b023d447f83ee99a129974a023ae94cee68282b88256cd9434976a9e0b,0.15807224652817242,stress_mnist_rotation_unequal_sizes,0.8374736523832932,ucpa_coord_only,192,0.3741204275980623,0.020762278124281167,/mnt/data/fl_alltiers_audit/outputs/stress_mnist_rotation_unequal_sizes/stress_mnist_rotation_unequal_sizes__seed9105__20261005-082147__8fbfc5fb,0.13372157528901962,clean,9105,0.9035,0.75048828125
0.29917660062928647,0.5715028804228528,0.5343737060235074,0.8690589993716651,0.4482758620689655,9000.0,003a66b023d447f83ee99a129974a023ae94cee68282b88256cd9434976a9e0b,0.15762874554178175,stress_mnist_rotation_unequal_sizes,0.8372564310001811,ucpa_whole_only,192,0.4014261082546708,5.04195465174637e-05,/mnt/data/fl_alltiers_audit/outputs/stress_mnist_rotation_unequal_sizes/stress_mnist_rotation_unequal_sizes__seed9105__20261005-082147__8fbfc5fb,0.13406328485862665,clean,9105,0.9035,0.754638671875
0.2773612761300013,0.5715028804228528,0.5343737060235074,0.8690589993716651,0.4482758620689655,3880.0,003a66b023d447f83ee99a129974a023ae94cee68282b88256cd9434976a9e0b,0.15812520924967732,stress_mnist_rotation_unequal_sizes,0.83743344432393,xfedalign_median,192,0.278602672253156,0.2215036681942004,/mnt/data/fl_alltiers_audit/outputs/stress_mnist_rotation_unequal_sizes/stress_mnist_rotation_unequal_sizes__seed9105__20261005-082147__8fbfc5fb,0.13549519928091855,clean,9105,0.9035,0.7821858723958334
0.22948473588324597,0.524200439453125,0.522552490234375,0.8462996877509514,0.7128712871287128,3880.0,003a66b023d447f83ee99a129974a023ae94cee68282b88256cd9434976a9e0b,0.17118501062775524,stress_mnist_rotation_unequal_sizes,0.8380803356170113,cluster,192,0.29578044874452425,0.09330964993486893,/mnt/data/fl_alltiers_audit/outputs/stress_mnist_rotation_unequal_sizes/stress_mnist_rotation_unequal_sizes__seed9102__20261005-074342__b0a6d8f0,0.1427460056459361,clean,9102,0.9106,0.7563883463541667
0.18581180887866464,0.524200439453125,0.522552490234375,0.8462996877509514,0.7128712871287128,3880.0,003a66b023d447f83ee99a129974a023ae94cee68282b88256cd9434976a9e0b,0.24113412804144427,stress_mnist_rotation_unequal_sizes,0.8104490893767433,fedattr_mean,192,0.0,1.851329572934657e-17,/mnt/data/fl_alltiers_audit/outputs/stress_mnist_rotation_unequal_sizes/stress_mnist_rotation_unequal_sizes__seed9102__20261005-074342__b0a6d8f0,0.3135472695291802,clean,9102,0.9106,0.466064453125
0.2723390001755398,0.524200439453125,0.522552490234375,0.8462996877509514,0.7128712871287128,0.0,003a66b023d447f83ee99a129974a023ae94cee68282b88256cd9434976a9e0b,0.17029978589104455,stress_mnist_rotation_unequal_sizes,0.8379435140475835,local,192,0.40092912383674545,0.2689072609214604,/mnt/data/fl_alltiers_audit/outputs/stress_mnist_rotation_unequal_sizes/stress_mnist_rotation_unequal_sizes__seed9102__20261005-074342__b0a6d8f0,0.12478388169620272,clean,9102,0.9106,0.8246663411458333
0.19404348852188558,0.524200439453125,0.522552490234375,0.8462996877509514,0.7128712871287128,3880.0,003a66b023d447f83ee99a129974a023ae94cee68282b88256cd9434976a9e0b,0.18368156971760075,stress_mnist_rotation_unequal_sizes,0.8263356057564427,nc_sacpa,192,0.1626610074175152,0.008287393592487124,/mnt/data/fl_alltiers_audit/outputs/stress_mnist_rotation_unequal_sizes/stress_mnist_rotation_unequal_sizes__seed9102__20261005-074342__b0a6d8f0,0.23948690731703734,clean,9102,0.9106,0.5690104166666666
0.1845555178660233,0.524200439453125,0.522552490234375,0.8462996877509514,0.7128712871287128,3880.0,003a66b023d447f83ee99a129974a023ae94cee68282b88256cd9434976a9e0b,0.1769107629988298,stress_mnist_rotation_unequal_sizes,0.8345073885667564,sacpa_global_count,192,0.08321836777660264,0.04042625527779159,/mnt/data/fl_alltiers_audit/outputs/stress_mnist_rotation_unequal_sizes/stress_mnist_rotation_unequal_sizes__seed9102__20261005-074342__b0a6d8f0,0.21121021940031068,clean,9102,0.9106,0.6242268880208333
0.2722985433128954,0.524200439453125,0.522552490234375,0.8462996877509514,0.7128712871287128,9000.0,003a66b023d447f83ee99a129974a023ae94cee68282b88256cd9434976a9e0b,0.174023671722019,stress_mnist_rotation_unequal_sizes,0.8366284069845279,ucpa,192,0.4008735498919388,6.021651686513381e-06,/mnt/data/fl_alltiers_audit/outputs/stress_mnist_rotation_unequal_sizes/stress_mnist_rotation_unequal_sizes__seed9102__20261005-074342__b0a6d8f0,0.14568557276102684,clean,9102,0.9106,0.7374674479166666
0.2625032453322262,0.524200439453125,0.522552490234375,0.8462996877509514,0.7128712871287128,9000.0,003a66b023d447f83ee99a129974a023ae94cee68282b88256cd9434976a9e0b,0.17448849056479504,stress_mnist_rotation_unequal_sizes,0.8368005184442457,ucpa_coord_only,192,0.383017538629424,0.011733020251690736,/mnt/data/fl_alltiers_audit/outputs/stress_mnist_rotation_unequal_sizes/stress_mnist_rotation_unequal_sizes__seed9102__20261005-074342__b0a6d8f0,0.1447057363104005,clean,9102,0.9106,0.7364095052083334
0.2720914905084333,0.524200439453125,0.522552490234375,0.8462996877509514,0.7128712871287128,9000.0,003a66b023d447f83ee99a129974a023ae94cee68282b88256cd9434976a9e0b,0.17400921213541856,stress_mnist_rotation_unequal_sizes,0.8366272180678304,ucpa_whole_only,192,0.4005711445147883,4.75550561657188e-05,/mnt/data/fl_alltiers_audit/outputs/stress_mnist_rotation_unequal_sizes/stress_mnist_rotation_unequal_sizes__seed9102__20261005-074342__b0a6d8f0,0.14564826077680396,clean,9102,0.9106,0.7372639973958333
0.24630247747460282,0.524200439453125,0.522552490234375,0.8462996877509514,0.7128712871287128,3880.0,003a66b023d447f83ee99a129974a023ae94cee68282b88256cd9434976a9e0b,0.17172677824657212,stress_mnist_rotation_unequal_sizes,0.8378519939875333,xfedalign_median,192,0.2721477572364647,0.20283050954259918,/mnt/data/fl_alltiers_audit/outputs/stress_mnist_rotation_unequal_sizes/stress_mnist_rotation_unequal_sizes__seed9102__20261005-074342__b0a6d8f0,0.14494540611099588,clean,9102,0.9106,0.7567138671875
0.22976825917803523,0.5697542688950581,0.5486588434201806,0.8880348141981376,0.7571428571428571,3880.0,003a66b023d447f83ee99a129974a023ae94cee68282b88256cd9434976a9e0b,0.1499810926877217,stress_mnist_rotation_unequal_sizes,0.8127238936838694,cluster,192,0.29011772568895877,0.0876837408476304,/mnt/data/fl_alltiers_audit/outputs/stress_mnist_rotation_unequal_sizes/stress_mnist_rotation_unequal_sizes__seed9101__20261005-073216__a47279a4,0.14335682637762914,clean,9101,0.898,0.755615234375
0.19136520665548834,0.5697542688950581,0.5486588434201806,0.8880348141981376,0.7571428571428571,3880.0,003a66b023d447f83ee99a129974a023ae94cee68282b88256cd9434976a9e0b,0.19088839362986695,stress_mnist_rotation_unequal_sizes,0.7735870289060889,fedattr_mean,192,0.0,1.6558482934898404e-17,/mnt/data/fl_alltiers_audit/outputs/stress_mnist_rotation_unequal_sizes/stress_mnist_rotation_unequal_sizes__seed9101__20261005-073216__a47279a4,0.32043470106771116,clean,9101,0.898,0.4640299479166667
0.2711135373130364,0.5697542688950581,0.5486588434201806,0.8880348141981376,0.7571428571428571,0.0,003a66b023d447f83ee99a129974a023ae94cee68282b88256cd9434976a9e0b,0.14794239999179506,stress_mnist_rotation_unequal_sizes,0.815481376456349,local,192,0.3904966128295126,0.26602370837339884,/mnt/data/fl_alltiers_audit/outputs/stress_mnist_rotation_unequal_sizes/stress_mnist_rotation_unequal_sizes__seed9101__20261005-073216__a47279a4,0.12368684871265992,clean,9101,0.898,0.8382161458333333
0.18687612919523283,0.5697542688950581,0.5486588434201806,0.8880348141981376,0.7571428571428571,3880.0,003a66b023d447f83ee99a129974a023ae94cee68282b88256cd9434976a9e0b,0.16378141113733968,stress_mnist_rotation_unequal_sizes,0.804775958870232,nc_sacpa,192,0.14761140353071012,0.00764985094793777,/mnt/data/fl_alltiers_audit/outputs/stress_mnist_rotation_unequal_sizes/stress_mnist_rotation_unequal_sizes__seed9101__20261005-073216__a47279a4,0.23238162428937587,clean,9101,0.898,0.5911051432291666
0.19274131706015965,0.5697542688950581,0.5486588434201806,0.8880348141981376,0.7571428571428571,3880.0,003a66b023d447f83ee99a129974a023ae94cee68282b88256cd9434976a9e0b,0.15533908817190725,stress_mnist_rotation_unequal_sizes,0.7999271417693914,sacpa_global_count,192,0.08162607761437718,0.04072665595364851,/mnt/data/fl_alltiers_audit/outputs/stress_mnist_rotation_unequal_sizes/stress_mnist_rotation_unequal_sizes__seed9101__20261005-073216__a47279a4,0.21686328444451658,clean,9101,0.898,0.6139322916666667
0.27104851174732447,0.5697542688950581,0.5486588434201806,0.8880348141981376,0.7571428571428571,9000.0,003a66b023d447f83ee99a129974a023ae94cee68282b88256cd9434976a9e0b,0.15086525134580975,stress_mnist_rotation_unequal_sizes,0.8120794153151414,ucpa,192,0.390394586000364,1.0273457479212823e-05,/mnt/data/fl_alltiers_audit/outputs/stress_mnist_rotation_unequal_sizes/stress_mnist_rotation_unequal_sizes__seed9101__20261005-073216__a47279a4,0.1448810103215532,clean,9101,0.898,0.7436116536458333
0.25959911915141076,0.5697542688950581,0.5486588434201806,0.8880348141981376,0.7571428571428571,9000.0,003a66b023d447f83ee99a129974a023ae94cee68282b88256cd9434976a9e0b,0.1506570532340144,stress_mnist_rotation_unequal_sizes,0.8115480010392881,ucpa_coord_only,192,0.36648584960748204,0.016874720403814526,/mnt/data/fl_alltiers_audit/outputs/stress_mnist_rotation_unequal_sizes/stress_mnist_rotation_unequal_sizes__seed9101__20261005-073216__a47279a4,0.14405935051307014,clean,9101,0.898,0.7384033203125
0.27070501041471695,0.5697542688950581,0.5486588434201806,0.8880348141981376,0.7571428571428571,9000.0,003a66b023d447f83ee99a129974a023ae94cee68282b88256cd9434976a9e0b,0.15093404435823082,stress_mnist_rotation_unequal_sizes,0.812045402698762,ucpa_whole_only,192,0.3899727009090594,5.8631722178668735e-05,/mnt/data/fl_alltiers_audit/outputs/stress_mnist_rotation_unequal_sizes/stress_mnist_rotation_unequal_sizes__seed9101__20261005-073216__a47279a4,0.14483624410785942,clean,9101,0.898,0.7433675130208333
0.250673694203608,0.5697542688950581,0.5486588434201806,0.8880348141981376,0.7571428571428571,3880.0,003a66b023d447f83ee99a129974a023ae94cee68282b88256cd9434976a9e0b,0.1501535025055394,stress_mnist_rotation_unequal_sizes,0.8153900886565679,xfedalign_median,192,0.2700123621437869,0.22354956347128996,/mnt/data/fl_alltiers_audit/outputs/stress_mnist_rotation_unequal_sizes/stress_mnist_rotation_unequal_sizes__seed9101__20261005-073216__a47279a4,0.1474219711731526,clean,9101,0.898,0.7678629557291666
0.23504897374249573,0.5523554584980896,0.5158632993042491,0.9000880001941687,0.8043478260869565,3880.0,003a66b023d447f83ee99a129974a023ae94cee68282b88256cd9434976a9e0b,0.15231849591364152,stress_mnist_rotation_unequal_sizes,0.8619488204387986,cluster,192,0.313247034310396,0.08311171128199393,/mnt/data/fl_alltiers_audit/outputs/stress_mnist_rotation_unequal_sizes/stress_mnist_rotation_unequal_sizes__seed9103__20261005-075509__1260744a,0.1381935563155143,clean,9103,0.9096,0.765869140625
0.2190498232445473,0.5523554584980896,0.5158632993042491,0.9000880001941687,0.8043478260869565,3880.0,003a66b023d447f83ee99a129974a023ae94cee68282b88256cd9434976a9e0b,0.20816117413506846,stress_mnist_rotation_unequal_sizes,0.839959577851793,fedattr_mean,192,0.0,1.7103404562959725e-17,/mnt/data/fl_alltiers_audit/outputs/stress_mnist_rotation_unequal_sizes/stress_mnist_rotation_unequal_sizes__seed9103__20261005-075509__1260744a,0.33657209744704175,clean,9103,0.9096,0.4361572265625
0.2688985215957187,0.5523554584980896,0.5158632993042491,0.9000880001941687,0.8043478260869565,0.0,003a66b023d447f83ee99a129974a023ae94cee68282b88256cd9434976a9e0b,0.1513249909049288,stress_mnist_rotation_unequal_sizes,0.8613061278209595,local,192,0.3893700482626743,0.2790258802233379,/mnt/data/fl_alltiers_audit/outputs/stress_mnist_rotation_unequal_sizes/stress_mnist_rotation_unequal_sizes__seed9103__20261005-075509__1260744a,0.11794716574987207,clean,9103,0.9096,0.8479817708333334
0.1925873900117494,0.5523554584980896,0.5158632993042491,0.9000880001941687,0.8043478260869565,3880.0,003a66b023d447f83ee99a129974a023ae94cee68282b88256cd9434976a9e0b,0.16615725269183107,stress_mnist_rotation_unequal_sizes,0.8572483394804294,nc_sacpa,192,0.1505754104098049,0.007771375737958158,/mnt/data/fl_alltiers_audit/outputs/stress_mnist_rotation_unequal_sizes/stress_mnist_rotation_unequal_sizes__seed9103__20261005-075509__1260744a,0.23243943076718362,clean,9103,0.9096,0.5928141276041667
0.20494358787328204,0.5523554584980896,0.5158632993042491,0.9000880001941687,0.8043478260869565,3880.0,003a66b023d447f83ee99a129974a023ae94cee68282b88256cd9434976a9e0b,0.15929508982947788,stress_mnist_rotation_unequal_sizes,0.8618991396161921,sacpa_global_count,192,0.08236816114463955,0.04148663068638315,/mnt/data/fl_alltiers_audit/outputs/stress_mnist_rotation_unequal_sizes/stress_mnist_rotation_unequal_sizes__seed9103__20261005-075509__1260744a,0.22013387181150887,clean,9103,0.9096,0.6148274739583333
0.2687766129381989,0.5523554584980896,0.5158632993042491,0.9000880001941687,0.8043478260869565,9000.0,003a66b023d447f83ee99a129974a023ae94cee68282b88256cd9434976a9e0b,0.1531174121367561,stress_mnist_rotation_unequal_sizes,0.8606984822278415,ucpa,192,0.38920238267045937,1.9009121982240102e-05,/mnt/data/fl_alltiers_audit/outputs/stress_mnist_rotation_unequal_sizes/stress_mnist_rotation_unequal_sizes__seed9103__20261005-075509__1260744a,0.13902687934804162,clean,9103,0.9096,0.7530110677083333
0.25790369712418615,0.5523554584980896,0.5158632993042491,0.9000880001941687,0.8043478260869565,9000.0,003a66b023d447f83ee99a129974a023ae94cee68282b88256cd9434976a9e0b,0.15249544261047654,stress_mnist_rotation_unequal_sizes,0.86097741182748,ucpa_coord_only,192,0.36413432355289577,0.017993088428514,/mnt/data/fl_alltiers_audit/outputs/stress_mnist_rotation_unequal_sizes/stress_mnist_rotation_unequal_sizes__seed9103__20261005-075509__1260744a,0.13838123240513572,clean,9103,0.9096,0.7478434244791666
0.2684505087439636,0.5523554584980896,0.5158632993042491,0.9000880001941687,0.8043478260869565,9000.0,003a66b023d447f83ee99a129974a023ae94cee68282b88256cd9434976a9e0b,0.15307948822846812,stress_mnist_rotation_unequal_sizes,0.8606734100617662,ucpa_whole_only,192,0.3886956396004321,8.966694744511918e-05,/mnt/data/fl_alltiers_audit/outputs/stress_mnist_rotation_unequal_sizes/stress_mnist_rotation_unequal_sizes__seed9103__20261005-075509__1260744a,0.13898318403237206,clean,9103,0.9096,0.7527669270833333
0.2506723345625532,0.5523554584980896,0.5158632993042491,0.9000880001941687,0.8043478260869565,3880.0,003a66b023d447f83ee99a129974a023ae94cee68282b88256cd9434976a9e0b,0.15363072106083564,stress_mnist_rotation_unequal_sizes,0.8618265085315215,xfedalign_median,192,0.26910556091855914,0.21147134195699005,/mnt/data/fl_alltiers_audit/outputs/stress_mnist_rotation_unequal_sizes/stress_mnist_rotation_unequal_sizes__seed9103__20261005-075509__1260744a,0.14187668716379015,clean,9103,0.9096,0.7844645182291666
0.2565392695344559,0.5203759380026308,0.5279588396606532,0.9403642550232153,0.8582375478927203,3880.0,003a66b023d447f83ee99a129974a023ae94cee68282b88256cd9434976a9e0b,0.15763453659043689,stress_mnist_rotation_unequal_sizes,0.8883388618438101,cluster,192,0.2846178292599729,0.08208268275941147,/mnt/data/fl_alltiers_audit/outputs/stress_mnist_rotation_unequal_sizes/stress_mnist_rotation_unequal_sizes__seed9104__20261005-080735__7a266c67,0.1393013609886615,clean,9104,0.9551,0.7611897786458334
0.1840783781630867,0.5203759380026308,0.5279588396606532,0.9403642550232153,0.8582375478927203,3880.0,003a66b023d447f83ee99a129974a023ae94cee68282b88256cd9434976a9e0b,0.2182586868822644,stress_mnist_rotation_unequal_sizes,0.8619866163302504,fedattr_mean,192,0.0,1.1762800864267421e-17,/mnt/data/fl_alltiers_audit/outputs/stress_mnist_rotation_unequal_sizes/stress_mnist_rotation_unequal_sizes__seed9104__20261005-080735__7a266c67,0.2801350855941441,clean,9104,0.9551,0.538330078125
0.2992939004008727,0.5203759380026308,0.5279588396606532,0.9403642550232153,0.8582375478927203,0.0,003a66b023d447f83ee99a129974a023ae94cee68282b88256cd9434976a9e0b,0.15389548344016174,stress_mnist_rotation_unequal_sizes,0.8896448814370159,local,192,0.3795986835359532,0.23086945053350805,/mnt/data/fl_alltiers_audit/outputs/stress_mnist_rotation_unequal_sizes/stress_mnist_rotation_unequal_sizes__seed9104__20261005-080735__7a266c67,0.12155457207195287,clean,9104,0.9551,0.8450520833333334
0.21541484920256287,0.5203759380026308,0.5279588396606532,0.9403642550232153,0.8582375478927203,3880.0,003a66b023d447f83ee99a129974a023ae94cee68282b88256cd9434976a9e0b,0.1811033491119815,stress_mnist_rotation_unequal_sizes,0.8759378192572815,nc_sacpa,192,0.1500636235012427,0.007276497157761526,/mnt/data/fl_alltiers_audit/outputs/stress_mnist_rotation_unequal_sizes/stress_mnist_rotation_unequal_sizes__seed9104__20261005-080735__7a266c67,0.22728038554660004,clean,9104,0.9551,0.6005452473958333
0.19182879240794276,0.5203759380026308,0.5279588396606532,0.9403642550232153,0.8582375478927203,3880.0,003a66b023d447f83ee99a129974a023ae94cee68282b88256cd9434976a9e0b,0.17009585840097924,stress_mnist_rotation_unequal_sizes,0.8834173641112177,sacpa_global_count,192,0.07041830270385564,0.034639136918888896,/mnt/data/fl_alltiers_audit/outputs/stress_mnist_rotation_unequal_sizes/stress_mnist_rotation_unequal_sizes__seed9104__20261005-080735__7a266c67,0.1951185381399758,clean,9104,0.9551,0.6554768880208333
0.2992375047565101,0.5203759380026308,0.5279588396606532,0.9403642550232153,0.8582375478927203,9000.0,003a66b023d447f83ee99a129974a023ae94cee68282b88256cd9434976a9e0b,0.15759310504363386,stress_mnist_rotation_unequal_sizes,0.8877779241581417,ucpa,192,0.379510139796269,9.527665952342759e-06,/mnt/data/fl_alltiers_audit/outputs/stress_mnist_rotation_unequal_sizes/stress_mnist_rotation_unequal_sizes__seed9104__20261005-080735__7a266c67,0.1422169905333216,clean,9104,0.9551,0.74755859375
0.2894858820852016,0.5203759380026308,0.5279588396606532,0.9403642550232153,0.8582375478927203,9000.0,003a66b023d447f83ee99a129974a023ae94cee68282b88256cd9434976a9e0b,0.15720282959482573,stress_mnist_rotation_unequal_sizes,0.8878535395452976,ucpa_coord_only,192,0.35909804104204346,0.014367638644498562,/mnt/data/fl_alltiers_audit/outputs/stress_mnist_rotation_unequal_sizes/stress_mnist_rotation_unequal_sizes__seed9104__20261005-080735__7a266c67,0.14164252110396258,clean,9104,0.9551,0.7392171223958334
0.29895766322026396,0.5203759380026308,0.5279588396606532,0.9403642550232153,0.8582375478927203,9000.0,003a66b023d447f83ee99a129974a023ae94cee68282b88256cd9434976a9e0b,0.15756922780225674,stress_mnist_rotation_unequal_sizes,0.8877696170362924,ucpa_whole_only,192,0.3791367048232195,5.936693191921215e-05,/mnt/data/fl_alltiers_audit/outputs/stress_mnist_rotation_unequal_sizes/stress_mnist_rotation_unequal_sizes__seed9104__20261005-080735__7a266c67,0.14217621922259185,clean,9104,0.9551,0.7473958333333334
0.2653967480832026,0.5203759380026308,0.5279588396606532,0.9403642550232153,0.8582375478927203,3880.0,003a66b023d447f83ee99a129974a023ae94cee68282b88256cd9434976a9e0b,0.15721777235194168,stress_mnist_rotation_unequal_sizes,0.8901799018697603,xfedalign_median,192,0.25247534299250346,0.165814456125386,/mnt/data/fl_alltiers_audit/outputs/stress_mnist_rotation_unequal_sizes/stress_mnist_rotation_unequal_sizes__seed9104__20261005-080735__7a266c67,0.1382980645552971,clean,9104,0.9551,0.7615966796875
0.2571213064146609,0.567840576171875,0.5565185546875,0.9537549522016767,0.9204152249134948,3880.0,cb1270f6bbcd2f4565fd9ec0b61753d40d09c8415df690844bbde5348aa3fae5,0.16429925389396277,sweep_mnist_dp_0p2,0.8866987898072651,cluster,192,0.31668846414043483,0.10961698003818635,/mnt/data/fl_alltiers_audit/outputs/sweep_mnist_dp_0p2/sweep_mnist_dp_0p2__seed9105__20261005-190726__428b1c62,0.14155855798561462,clean,9105,0.9692,0.7795003255208334
0.18677386103758092,0.567840576171875,0.5565185546875,0.9537549522016767,0.9204152249134948,3880.0,cb1270f6bbcd2f4565fd9ec0b61753d40d09c8415df690844bbde5348aa3fae5,0.23798929043271738,sweep_mnist_dp_0p2,0.8337346979244971,fedattr_mean,192,0.0,1.2172561327015162e-17,/mnt/data/fl_alltiers_audit/outputs/sweep_mnist_dp_0p2/sweep_mnist_dp_0p2__seed9105__20261005-190726__428b1c62,0.3033483354918045,clean,9105,0.9692,0.5067952473958333
0.3140750171890267,0.567840576171875,0.5565185546875,0.9537549522016767,0.9204152249134948,0.0,cb1270f6bbcd2f4565fd9ec0b61753d40d09c8415df690844bbde5348aa3fae5,0.16184060547275295,sweep_mnist_dp_0p2,0.88868227193697,local,192,0.44444404077933924,0.2802923564474624,/mnt/data/fl_alltiers_audit/outputs/sweep_mnist_dp_0p2/sweep_mnist_dp_0p2__seed9105__20261005-190726__428b1c62,0.12675596725889082,clean,9105,0.9692,0.8404947916666666
0.20361959959821868,0.567840576171875,0.5565185546875,0.9537549522016767,0.9204152249134948,3880.0,cb1270f6bbcd2f4565fd9ec0b61753d40d09c8415df690844bbde5348aa3fae5,0.18791337579111012,sweep_mnist_dp_0p2,0.8688578772127243,nc_sacpa,192,0.1664724581033914,0.011570679825335356,/mnt/data/fl_alltiers_audit/outputs/sweep_mnist_dp_0p2/sweep_mnist_dp_0p2__seed9105__20261005-190726__428b1c62,0.23467279063639382,clean,9105,0.9692,0.5974527994791667
0.2016470008984958,0.567840576171875,0.5565185546875,0.9537549522016767,0.9204152249134948,3880.0,cb1270f6bbcd2f4565fd9ec0b61753d40d09c8415df690844bbde5348aa3fae5,0.18425212919883052,sweep_mnist_dp_0p2,0.8755760766622889,sacpa_global_count,192,0.08700815570296107,0.050498180520105435,/mnt/data/fl_alltiers_audit/outputs/sweep_mnist_dp_0p2/sweep_mnist_dp_0p2__seed9105__20261005-190726__428b1c62,0.21323578973188967,clean,9105,0.9692,0.617919921875
0.3140418409412987,0.567840576171875,0.5565185546875,0.9537549522016767,0.9204152249134948,9000.0,cb1270f6bbcd2f4565fd9ec0b61753d40d09c8415df690844bbde5348aa3fae5,0.16666956857792076,sweep_mnist_dp_0p2,0.885454243493488,ucpa,192,0.44439910374845665,5.543693080574115e-06,/mnt/data/fl_alltiers_audit/outputs/sweep_mnist_dp_0p2/sweep_mnist_dp_0p2__seed9105__20261005-190726__428b1c62,0.14804715475148242,clean,9105,0.9692,0.7423095703125
0.29713169008361917,0.567840576171875,0.5565185546875,0.9537549522016767,0.9204152249134948,9000.0,cb1270f6bbcd2f4565fd9ec0b61753d40d09c8415df690844bbde5348aa3fae5,0.16663185670510455,sweep_mnist_dp_0p2,0.8854981137665163,ucpa_coord_only,192,0.4132568097784003,0.02293283242588008,/mnt/data/fl_alltiers_audit/outputs/sweep_mnist_dp_0p2/sweep_mnist_dp_0p2__seed9105__20261005-190726__428b1c62,0.14670621459577232,clean,9105,0.9692,0.7372233072916667
0.3138698183133134,0.567840576171875,0.5565185546875,0.9537549522016767,0.9204152249134948,9000.0,cb1270f6bbcd2f4565fd9ec0b61753d40d09c8415df690844bbde5348aa3fae5,0.16663604980115754,sweep_mnist_dp_0p2,0.8854611976461684,ucpa_whole_only,192,0.4442172645508053,3.2922501408932184e-05,/mnt/data/fl_alltiers_audit/outputs/sweep_mnist_dp_0p2/sweep_mnist_dp_0p2__seed9105__20261005-190726__428b1c62,0.14802904340645223,clean,9105,0.9692,0.7421468098958334
0.28177148453482875,0.567840576171875,0.5565185546875,0.9537549522016767,0.9204152249134948,3880.0,cb1270f6bbcd2f4565fd9ec0b61753d40d09c8415df690844bbde5348aa3fae5,0.16727433196577599,sweep_mnist_dp_0p2,0.8863724836834384,xfedalign_median,192,0.3059501983443836,0.21756990197430814,/mnt/data/fl_alltiers_audit/outputs/sweep_mnist_dp_0p2/sweep_mnist_dp_0p2__seed9105__20261005-190726__428b1c62,0.14601042073589737,clean,9105,0.9692,0.7818196614583334
0.2653172191071703,0.570892333984375,0.54010009765625,0.9460458784114083,0.8960244648318043,3880.0,cb1270f6bbcd2f4565fd9ec0b61753d40d09c8415df690844bbde5348aa3fae5,0.153345776534358,sweep_mnist_dp_0p2,0.875826961217778,cluster,192,0.3174403983503831,0.09077543420284526,/mnt/data/fl_alltiers_audit/outputs/sweep_mnist_dp_0p2/sweep_mnist_dp_0p2__seed9104__20261005-185357__4e841f47,0.14614146693135535,clean,9104,0.9573,0.7530517578125
0.1879542789912106,0.570892333984375,0.54010009765625,0.9460458784114083,0.8960244648318043,3880.0,cb1270f6bbcd2f4565fd9ec0b61753d40d09c8415df690844bbde5348aa3fae5,0.2033139834363586,sweep_mnist_dp_0p2,0.841226025753167,fedattr_mean,192,0.0,2.0070644033170413e-17,/mnt/data/fl_alltiers_audit/outputs/sweep_mnist_dp_0p2/sweep_mnist_dp_0p2__seed9104__20261005-185357__4e841f47,0.2905696850695594,clean,9104,0.9573,0.513671875
0.3154221917458694,0.570892333984375,0.54010009765625,0.9460458784114083,0.8960244648318043,0.0,cb1270f6bbcd2f4565fd9ec0b61753d40d09c8415df690844bbde5348aa3fae5,0.15127550393954153,sweep_mnist_dp_0p2,0.8774845155632647,local,192,0.41894257049271627,0.26297730630838934,/mnt/data/fl_alltiers_audit/outputs/sweep_mnist_dp_0p2/sweep_mnist_dp_0p2__seed9104__20261005-185357__4e841f47,0.12890974718791365,clean,9104,0.9573,0.8235270182291666
0.21205471236263632,0.570892333984375,0.54010009765625,0.9460458784114083,0.8960244648318043,3880.0,cb1270f6bbcd2f4565fd9ec0b61753d40d09c8415df690844bbde5348aa3fae5,0.17571425799287682,sweep_mnist_dp_0p2,0.8580261933148147,nc_sacpa,192,0.15331030944967639,0.010554456324483012,/mnt/data/fl_alltiers_audit/outputs/sweep_mnist_dp_0p2/sweep_mnist_dp_0p2__seed9104__20261005-185357__4e841f47,0.2384957063060009,clean,9104,0.9573,0.5836588541666667
0.1974984040085468,0.570892333984375,0.54010009765625,0.9460458784114083,0.8960244648318043,3880.0,cb1270f6bbcd2f4565fd9ec0b61753d40d09c8415df690844bbde5348aa3fae5,0.16444950110647674,sweep_mnist_dp_0p2,0.8689456817321116,sacpa_global_count,192,0.0749778647672493,0.044564872010385774,/mnt/data/fl_alltiers_audit/outputs/sweep_mnist_dp_0p2/sweep_mnist_dp_0p2__seed9104__20261005-185357__4e841f47,0.2005964437582104,clean,9104,0.9573,0.6278889973958333
0.3153783631409573,0.570892333984375,0.54010009765625,0.9460458784114083,0.8960244648318043,9000.0,cb1270f6bbcd2f4565fd9ec0b61753d40d09c8415df690844bbde5348aa3fae5,0.15482655896048528,sweep_mnist_dp_0p2,0.8738562483044007,ucpa,192,0.4188823772558268,7.021323921338931e-06,/mnt/data/fl_alltiers_audit/outputs/sweep_mnist_dp_0p2/sweep_mnist_dp_0p2__seed9104__20261005-185357__4e841f47,0.1508777312436566,clean,9104,0.9573,0.7342529296875
0.30071005358273106,0.570892333984375,0.54010009765625,0.9460458784114083,0.8960244648318043,9000.0,cb1270f6bbcd2f4565fd9ec0b61753d40d09c8415df690844bbde5348aa3fae5,0.15479077532024046,sweep_mnist_dp_0p2,0.8737894519015148,ucpa_coord_only,192,0.3923533312076838,0.017254643321672126,/mnt/data/fl_alltiers_audit/outputs/sweep_mnist_dp_0p2/sweep_mnist_dp_0p2__seed9104__20261005-185357__4e841f47,0.1498539063563885,clean,9104,0.9573,0.7315266927083333
0.3151543813730513,0.570892333984375,0.54010009765625,0.9460458784114083,0.8960244648318043,9000.0,cb1270f6bbcd2f4565fd9ec0b61753d40d09c8415df690844bbde5348aa3fae5,0.15483726662690364,sweep_mnist_dp_0p2,0.8738539005566055,ucpa_whole_only,192,0.41859607790939074,4.321416561612173e-05,/mnt/data/fl_alltiers_audit/outputs/sweep_mnist_dp_0p2/sweep_mnist_dp_0p2__seed9104__20261005-185357__4e841f47,0.1508612060377556,clean,9104,0.9573,0.7341715494791667
0.2800478624213243,0.570892333984375,0.54010009765625,0.9460458784114083,0.8960244648318043,3880.0,cb1270f6bbcd2f4565fd9ec0b61753d40d09c8415df690844bbde5348aa3fae5,0.15345024950171743,sweep_mnist_dp_0p2,0.8773808359521353,xfedalign_median,192,0.28439549600946396,0.19543592562314088,/mnt/data/fl_alltiers_audit/outputs/sweep_mnist_dp_0p2/sweep_mnist_dp_0p2__seed9104__20261005-185357__4e841f47,0.1462573887057962,clean,9104,0.9573,0.7681884765625
0.2654331957191062,0.528717041015625,0.49066162109375,0.9354723506399607,0.8211143695014663,3880.0,cb1270f6bbcd2f4565fd9ec0b61753d40d09c8415df690844bbde5348aa3fae5,0.15933146658289843,sweep_mnist_dp_0p2,0.8835980442422928,cluster,192,0.3237111193797006,0.09745725676925394,/mnt/data/fl_alltiers_audit/outputs/sweep_mnist_dp_0p2/sweep_mnist_dp_0p2__seed9103__20261005-184103__70cf392e,0.14608644869656817,clean,9103,0.9575,0.7652180989583333
0.18639480283939025,0.528717041015625,0.49066162109375,0.9354723506399607,0.8211143695014663,3880.0,cb1270f6bbcd2f4565fd9ec0b61753d40d09c8415df690844bbde5348aa3fae5,0.2250137626286109,sweep_mnist_dp_0p2,0.8389249497199974,fedattr_mean,192,0.0,1.9141706608925514e-17,/mnt/data/fl_alltiers_audit/outputs/sweep_mnist_dp_0p2/sweep_mnist_dp_0p2__seed9103__20261005-184103__70cf392e,0.30175287660865924,clean,9103,0.9575,0.4940999348958333
0.3185578669594623,0.528717041015625,0.49066162109375,0.9354723506399607,0.8211143695014663,0.0,cb1270f6bbcd2f4565fd9ec0b61753d40d09c8415df690844bbde5348aa3fae5,0.15839002244635292,sweep_mnist_dp_0p2,0.8844408576100251,local,192,0.42892753545124734,0.27277623125107664,/mnt/data/fl_alltiers_audit/outputs/sweep_mnist_dp_0p2/sweep_mnist_dp_0p2__seed9103__20261005-184103__70cf392e,0.12684719160540853,clean,9103,0.9575,0.8369547526041667
0.2084903553494993,0.528717041015625,0.49066162109375,0.9354723506399607,0.8211143695014663,3880.0,cb1270f6bbcd2f4565fd9ec0b61753d40d09c8415df690844bbde5348aa3fae5,0.18422771076172165,sweep_mnist_dp_0p2,0.8655404341994049,nc_sacpa,192,0.1569727605088989,0.011152536232710888,/mnt/data/fl_alltiers_audit/outputs/sweep_mnist_dp_0p2/sweep_mnist_dp_0p2__seed9103__20261005-184103__70cf392e,0.23765390809095333,clean,9103,0.9575,0.5829264322916667
0.1995880315474987,0.528717041015625,0.49066162109375,0.9354723506399607,0.8211143695014663,3880.0,cb1270f6bbcd2f4565fd9ec0b61753d40d09c8415df690844bbde5348aa3fae5,0.1749609322908782,sweep_mnist_dp_0p2,0.8732797686117313,sacpa_global_count,192,0.0810692097396433,0.04800650277924182,/mnt/data/fl_alltiers_audit/outputs/sweep_mnist_dp_0p2/sweep_mnist_dp_0p2__seed9103__20261005-184103__70cf392e,0.20934887669470936,clean,9103,0.9575,0.6151123046875
0.31851893231205125,0.528717041015625,0.49066162109375,0.9354723506399607,0.8211143695014663,9000.0,cb1270f6bbcd2f4565fd9ec0b61753d40d09c8415df690844bbde5348aa3fae5,0.16143671253618475,sweep_mnist_dp_0p2,0.8825869181592376,ucpa,192,0.4288727706370045,6.174545299482486e-06,/mnt/data/fl_alltiers_audit/outputs/sweep_mnist_dp_0p2/sweep_mnist_dp_0p2__seed9103__20261005-184103__70cf392e,0.14927242862204057,clean,9103,0.9575,0.7397867838541666
0.3011358718397509,0.528717041015625,0.49066162109375,0.9354723506399607,0.8211143695014663,9000.0,cb1270f6bbcd2f4565fd9ec0b61753d40d09c8415df690844bbde5348aa3fae5,0.16152077722387426,sweep_mnist_dp_0p2,0.8829080066521178,ucpa_coord_only,192,0.39771275897613245,0.021744613377163893,/mnt/data/fl_alltiers_audit/outputs/sweep_mnist_dp_0p2/sweep_mnist_dp_0p2__seed9103__20261005-184103__70cf392e,0.14806422799695312,clean,9103,0.9575,0.7367757161458334
0.31830083661197195,0.528717041015625,0.49066162109375,0.9354723506399607,0.8211143695014663,9000.0,cb1270f6bbcd2f4565fd9ec0b61753d40d09c8415df690844bbde5348aa3fae5,0.1614390829888483,sweep_mnist_dp_0p2,0.8825788243607046,ucpa_whole_only,192,0.4285823730472006,4.5906309293178455e-05,/mnt/data/fl_alltiers_audit/outputs/sweep_mnist_dp_0p2/sweep_mnist_dp_0p2__seed9103__20261005-184103__70cf392e,0.14925054998456444,clean,9103,0.9575,0.7394612630208333
0.2835367509581208,0.528717041015625,0.49066162109375,0.9354723506399607,0.8211143695014663,3880.0,cb1270f6bbcd2f4565fd9ec0b61753d40d09c8415df690844bbde5348aa3fae5,0.16047407861575874,sweep_mnist_dp_0p2,0.8838447683739408,xfedalign_median,192,0.293915530973288,0.20605554669374176,/mnt/data/fl_alltiers_audit/outputs/sweep_mnist_dp_0p2/sweep_mnist_dp_0p2__seed9103__20261005-184103__70cf392e,0.1457829755525038,clean,9103,0.9575,0.7707112630208333
0.2689849775629595,0.571624755859375,0.535003662109375,0.9595234691839127,0.9008620689655172,3880.0,cb1270f6bbcd2f4565fd9ec0b61753d40d09c8415df690844bbde5348aa3fae5,0.15688636818958912,sweep_mnist_dp_0p2,0.88452093621673,cluster,192,0.3212339066751206,0.09513337663189222,/mnt/data/fl_alltiers_audit/outputs/sweep_mnist_dp_0p2/sweep_mnist_dp_0p2__seed9101__20261005-181449__ca4bd76d,0.14425251578536485,clean,9101,0.9492,0.7604166666666667
0.18824799431407796,0.571624755859375,0.535003662109375,0.9595234691839127,0.9008620689655172,3880.0,cb1270f6bbcd2f4565fd9ec0b61753d40d09c8415df690844bbde5348aa3fae5,0.2226219072966714,sweep_mnist_dp_0p2,0.8349309823953566,fedattr_mean,192,0.0,1.2538495277891896e-17,/mnt/data/fl_alltiers_audit/outputs/sweep_mnist_dp_0p2/sweep_mnist_dp_0p2__seed9101__20261005-181449__ca4bd76d,0.2957081132342534,clean,9101,0.9492,0.5056966145833334
0.31880323220923507,0.571624755859375,0.535003662109375,0.9595234691839127,0.9008620689655172,0.0,cb1270f6bbcd2f4565fd9ec0b61753d40d09c8415df690844bbde5348aa3fae5,0.15462432798203735,sweep_mnist_dp_0p2,0.8871253028477895,local,192,0.42336719628886704,0.27182062208536834,/mnt/data/fl_alltiers_audit/outputs/sweep_mnist_dp_0p2/sweep_mnist_dp_0p2__seed9101__20261005-181449__ca4bd76d,0.12852375732574475,clean,9101,0.9492,0.8314615885416667
0.21059681075393463,0.571624755859375,0.535003662109375,0.9595234691839127,0.9008620689655172,3880.0,cb1270f6bbcd2f4565fd9ec0b61753d40d09c8415df690844bbde5348aa3fae5,0.17960603290205956,sweep_mnist_dp_0p2,0.8631793544359463,nc_sacpa,192,0.16046755574861898,0.011179988339533839,/mnt/data/fl_alltiers_audit/outputs/sweep_mnist_dp_0p2/sweep_mnist_dp_0p2__seed9101__20261005-181449__ca4bd76d,0.23751232831013058,clean,9101,0.9492,0.585205078125
0.19967182758067417,0.571624755859375,0.535003662109375,0.9595234691839127,0.9008620689655172,3880.0,cb1270f6bbcd2f4565fd9ec0b61753d40d09c8415df690844bbde5348aa3fae5,0.17423120330183034,sweep_mnist_dp_0p2,0.8705130775193235,sacpa_global_count,192,0.07976599008538475,0.047241058908490036,/mnt/data/fl_alltiers_audit/outputs/sweep_mnist_dp_0p2/sweep_mnist_dp_0p2__seed9101__20261005-181449__ca4bd76d,0.20729658668555595,clean,9101,0.9492,0.6204427083333333
0.3187564594147181,0.571624755859375,0.535003662109375,0.9595234691839127,0.9008620689655172,9000.0,cb1270f6bbcd2f4565fd9ec0b61753d40d09c8415df690844bbde5348aa3fae5,0.15870959817796879,sweep_mnist_dp_0p2,0.8830781326871299,ucpa,192,0.423257009220107,1.2840457936044473e-05,/mnt/data/fl_alltiers_audit/outputs/sweep_mnist_dp_0p2/sweep_mnist_dp_0p2__seed9101__20261005-181449__ca4bd76d,0.15055481512054894,clean,9101,0.9492,0.7343343098958333
0.30545260168169247,0.571624755859375,0.535003662109375,0.9595234691839127,0.9008620689655172,9000.0,cb1270f6bbcd2f4565fd9ec0b61753d40d09c8415df690844bbde5348aa3fae5,0.15897209449358343,sweep_mnist_dp_0p2,0.8834677936372979,ucpa_coord_only,192,0.39688166902008465,0.015986525175839688,/mnt/data/fl_alltiers_audit/outputs/sweep_mnist_dp_0p2/sweep_mnist_dp_0p2__seed9101__20261005-181449__ca4bd76d,0.1495836237379966,clean,9101,0.9492,0.7305094401041666
0.3185332089621636,0.571624755859375,0.535003662109375,0.9595234691839127,0.9008620689655172,9000.0,cb1270f6bbcd2f4565fd9ec0b61753d40d09c8415df690844bbde5348aa3fae5,0.15875024815474414,sweep_mnist_dp_0p2,0.8831029469525219,ucpa_whole_only,192,0.42297565307735896,5.242501423795436e-05,/mnt/data/fl_alltiers_audit/outputs/sweep_mnist_dp_0p2/sweep_mnist_dp_0p2__seed9101__20261005-181449__ca4bd76d,0.1505341408547554,clean,9101,0.9492,0.7342122395833334
0.2857875055780011,0.571624755859375,0.535003662109375,0.9595234691839127,0.9008620689655172,3880.0,cb1270f6bbcd2f4565fd9ec0b61753d40d09c8415df690844bbde5348aa3fae5,0.15824712569838084,sweep_mnist_dp_0p2,0.8848644717404264,xfedalign_median,192,0.29249048738196304,0.21534967036646108,/mnt/data/fl_alltiers_audit/outputs/sweep_mnist_dp_0p2/sweep_mnist_dp_0p2__seed9101__20261005-181449__ca4bd76d,0.148394595716432,clean,9101,0.9492,0.773681640625
0.2569226911748082,0.53924560546875,0.523529052734375,0.9546287084885665,0.9027777777777778,3880.0,cb1270f6bbcd2f4565fd9ec0b61753d40d09c8415df690844bbde5348aa3fae5,0.16097782108806014,sweep_mnist_dp_0p2,0.8973607274446598,cluster,192,0.32577338979150816,0.09454512778993775,/mnt/data/fl_alltiers_audit/outputs/sweep_mnist_dp_0p2/sweep_mnist_dp_0p2__seed9102__20261005-182758__2c8c3a52,0.13859495815140965,clean,9102,0.9725,0.7602945963541667
0.16396287053305314,0.53924560546875,0.523529052734375,0.9546287084885665,0.9027777777777778,3880.0,cb1270f6bbcd2f4565fd9ec0b61753d40d09c8415df690844bbde5348aa3fae5,0.2135432312593366,sweep_mnist_dp_0p2,0.8609147081030339,fedattr_mean,192,0.0,1.433481182276766e-17,/mnt/data/fl_alltiers_audit/outputs/sweep_mnist_dp_0p2/sweep_mnist_dp_0p2__seed9102__20261005-182758__2c8c3a52,0.283642508885554,clean,9102,0.9725,0.5230712890625
0.31006582962931434,0.53924560546875,0.523529052734375,0.9546287084885665,0.9027777777777778,0.0,cb1270f6bbcd2f4565fd9ec0b61753d40d09c8415df690844bbde5348aa3fae5,0.16014369611348228,sweep_mnist_dp_0p2,0.8984286420036369,local,192,0.43588763759540883,0.269906054806428,/mnt/data/fl_alltiers_audit/outputs/sweep_mnist_dp_0p2/sweep_mnist_dp_0p2__seed9102__20261005-182758__2c8c3a52,0.12114774844123295,clean,9102,0.9725,0.8388671875
0.19743579141860246,0.53924560546875,0.523529052734375,0.9546287084885665,0.9027777777777778,3880.0,cb1270f6bbcd2f4565fd9ec0b61753d40d09c8415df690844bbde5348aa3fae5,0.17932535638710762,sweep_mnist_dp_0p2,0.8783914867951049,nc_sacpa,192,0.16544829752657167,0.011139291237802686,/mnt/data/fl_alltiers_audit/outputs/sweep_mnist_dp_0p2/sweep_mnist_dp_0p2__seed9102__20261005-182758__2c8c3a52,0.23351095283426365,clean,9102,0.9725,0.594482421875
0.17818095965831637,0.53924560546875,0.523529052734375,0.9546287084885665,0.9027777777777778,3880.0,cb1270f6bbcd2f4565fd9ec0b61753d40d09c8415df690844bbde5348aa3fae5,0.1721389675745134,sweep_mnist_dp_0p2,0.8870173289130132,sacpa_global_count,192,0.08103498237871687,0.04648603406362166,/mnt/data/fl_alltiers_audit/outputs/sweep_mnist_dp_0p2/sweep_mnist_dp_0p2__seed9102__20261005-182758__2c8c3a52,0.19768730649279725,clean,9102,0.9725,0.6354573567708333
0.3100190645171047,0.53924560546875,0.523529052734375,0.9546287084885665,0.9027777777777778,9000.0,cb1270f6bbcd2f4565fd9ec0b61753d40d09c8415df690844bbde5348aa3fae5,0.16213247075763018,sweep_mnist_dp_0p2,0.895694717837129,ucpa,192,0.4358368286044245,6.658120893525783e-06,/mnt/data/fl_alltiers_audit/outputs/sweep_mnist_dp_0p2/sweep_mnist_dp_0p2__seed9102__20261005-182758__2c8c3a52,0.14354073017004487,clean,9102,0.9725,0.7436930338541666
0.29379013387261044,0.53924560546875,0.523529052734375,0.9546287084885665,0.9027777777777778,9000.0,cb1270f6bbcd2f4565fd9ec0b61753d40d09c8415df690844bbde5348aa3fae5,0.16228304842206853,sweep_mnist_dp_0p2,0.8958496798984319,ucpa_coord_only,192,0.40754823056114015,0.020426904071797418,/mnt/data/fl_alltiers_audit/outputs/sweep_mnist_dp_0p2/sweep_mnist_dp_0p2__seed9102__20261005-182758__2c8c3a52,0.1424594505631897,clean,9102,0.9725,0.73828125
0.309749185115164,0.53924560546875,0.523529052734375,0.9546287084885665,0.9027777777777778,9000.0,cb1270f6bbcd2f4565fd9ec0b61753d40d09c8415df690844bbde5348aa3fae5,0.162116513623126,sweep_mnist_dp_0p2,0.8956572784367988,ucpa_whole_only,192,0.4355777806825878,4.718440863667769e-05,/mnt/data/fl_alltiers_audit/outputs/sweep_mnist_dp_0p2/sweep_mnist_dp_0p2__seed9102__20261005-182758__2c8c3a52,0.14352389350596623,clean,9102,0.9725,0.7436930338541666
0.27284364992791477,0.53924560546875,0.523529052734375,0.9546287084885665,0.9027777777777778,3880.0,cb1270f6bbcd2f4565fd9ec0b61753d40d09c8415df690844bbde5348aa3fae5,0.1615886218628475,sweep_mnist_dp_0p2,0.8975048835544537,xfedalign_median,192,0.29697253576389576,0.2019550991716532,/mnt/data/fl_alltiers_audit/outputs/sweep_mnist_dp_0p2/sweep_mnist_dp_0p2__seed9102__20261005-182758__2c8c3a52,0.1388698035568958,clean,9102,0.9725,0.7772216796875
0.2350126823304013,0.574127197265625,0.558319091796875,0.9460458784114083,0.8960244648318043,3880.0,11aff62f9c5db2427830e28cf86d6767345e3df5ed6417b99fa4c8253217ff2f,0.15260673695823546,robust_mnist_rotation_artifact_shift,0.876502858443564,cluster,192,0.27703709435526247,0.07955626740998997,/mnt/data/fl_alltiers_audit/outputs/robust_mnist_rotation_artifact_shift/robust_mnist_rotation_artifact_shift__seed9104__20261005-152355__9982ecc4,0.14411328183145103,clean,9104,0.9573,0.7636311848958333
0.17758408712243248,0.574127197265625,0.558319091796875,0.9460458784114083,0.8960244648318043,3880.0,11aff62f9c5db2427830e28cf86d6767345e3df5ed6417b99fa4c8253217ff2f,0.20158053565176792,robust_mnist_rotation_artifact_shift,0.8525308326232031,fedattr_mean,192,0.0,1.590030229720148e-17,/mnt/data/fl_alltiers_audit/outputs/robust_mnist_rotation_artifact_shift/robust_mnist_rotation_artifact_shift__seed9104__20261005-152355__9982ecc4,0.28262304738125793,clean,9104,0.9573,0.5211181640625
0.2790760050950427,0.574127197265625,0.558319091796875,0.9460458784114083,0.8960244648318043,0.0,11aff62f9c5db2427830e28cf86d6767345e3df5ed6417b99fa4c8253217ff2f,0.15127550393954153,robust_mnist_rotation_artifact_shift,0.8774845155632647,local,192,0.36799040672692157,0.23011139841205389,/mnt/data/fl_alltiers_audit/outputs/robust_mnist_rotation_artifact_shift/robust_mnist_rotation_artifact_shift__seed9104__20261005-152355__9982ecc4,0.12890974718791365,clean,9104,0.9573,0.8235270182291666
0.19827017745197836,0.574127197265625,0.558319091796875,0.9460458784114083,0.8960244648318043,3880.0,11aff62f9c5db2427830e28cf86d6767345e3df5ed6417b99fa4c8253217ff2f,0.17473233252821957,robust_mnist_rotation_artifact_shift,0.8643017595536548,nc_sacpa,192,0.14245865679511271,0.007212629244266287,/mnt/data/fl_alltiers_audit/outputs/robust_mnist_rotation_artifact_shift/robust_mnist_rotation_artifact_shift__seed9104__20261005-152355__9982ecc4,0.2313187059734717,clean,9104,0.9573,0.5904134114583333
0.18167320221430716,0.574127197265625,0.558319091796875,0.9460458784114083,0.8960244648318043,3880.0,11aff62f9c5db2427830e28cf86d6767345e3df5ed6417b99fa4c8253217ff2f,0.16337543662108753,robust_mnist_rotation_artifact_shift,0.8731616552709359,sacpa_global_count,192,0.06704191441625776,0.03522792623611297,/mnt/data/fl_alltiers_audit/outputs/robust_mnist_rotation_artifact_shift/robust_mnist_rotation_artifact_shift__seed9104__20261005-152355__9982ecc4,0.19646480956921364,clean,9104,0.9573,0.6429850260416667
0.27899901614280775,0.574127197265625,0.558319091796875,0.9460458784114083,0.8960244648318043,9000.0,11aff62f9c5db2427830e28cf86d6767345e3df5ed6417b99fa4c8253217ff2f,0.15469419230066705,robust_mnist_rotation_artifact_shift,0.8743905683552535,ucpa,192,0.3678789559782536,1.2356326240922157e-05,/mnt/data/fl_alltiers_audit/outputs/robust_mnist_rotation_artifact_shift/robust_mnist_rotation_artifact_shift__seed9104__20261005-152355__9982ecc4,0.15005418730597012,clean,9104,0.9573,0.7388509114583334
0.269070444469969,0.574127197265625,0.558319091796875,0.9460458784114083,0.8960244648318043,9000.0,11aff62f9c5db2427830e28cf86d6767345e3df5ed6417b99fa4c8253217ff2f,0.15444430357420064,robust_mnist_rotation_artifact_shift,0.8745531493659655,ucpa_coord_only,192,0.34784000715536484,0.013995602483963908,/mnt/data/fl_alltiers_audit/outputs/robust_mnist_rotation_artifact_shift/robust_mnist_rotation_artifact_shift__seed9104__20261005-152355__9982ecc4,0.14905774599561442,clean,9104,0.9573,0.736083984375
0.2786282247748587,0.574127197265625,0.558319091796875,0.9460458784114083,0.8960244648318043,9000.0,11aff62f9c5db2427830e28cf86d6767345e3df5ed6417b99fa4c8253217ff2f,0.15471849001696683,robust_mnist_rotation_artifact_shift,0.874418771774314,ucpa_whole_only,192,0.3673589893511109,8.374607795640988e-05,/mnt/data/fl_alltiers_audit/outputs/robust_mnist_rotation_artifact_shift/robust_mnist_rotation_artifact_shift__seed9104__20261005-152355__9982ecc4,0.1500042626746892,clean,9104,0.9573,0.7389322916666667
0.24724645045471938,0.574127197265625,0.558319091796875,0.9460458784114083,0.8960244648318043,3880.0,11aff62f9c5db2427830e28cf86d6767345e3df5ed6417b99fa4c8253217ff2f,0.15299062222111387,robust_mnist_rotation_artifact_shift,0.8776839034506945,xfedalign_median,192,0.24455169680754632,0.16089079835784564,/mnt/data/fl_alltiers_audit/outputs/robust_mnist_rotation_artifact_shift/robust_mnist_rotation_artifact_shift__seed9104__20261005-152355__9982ecc4,0.14422458727682275,clean,9104,0.9573,0.759765625
0.34344841613799243,0.574127197265625,0.558319091796875,0.9460458784114083,0.8960244648318043,3880.0,11aff62f9c5db2427830e28cf86d6767345e3df5ed6417b99fa4c8253217ff2f,0.15314155510714045,robust_mnist_rotation_artifact_shift,0.8748563030469085,cluster,192,0.43936546729089054,0.08026810655748227,/mnt/data/fl_alltiers_audit/outputs/robust_mnist_rotation_artifact_shift/robust_mnist_rotation_artifact_shift__seed9104__20261005-152355__9982ecc4,0.15547591107221,attacked,9104,0.9573,0.7412516276041667
0.25350903336630426,0.574127197265625,0.558319091796875,0.9460458784114083,0.8960244648318043,3880.0,11aff62f9c5db2427830e28cf86d6767345e3df5ed6417b99fa4c8253217ff2f,0.2326432489239778,robust_mnist_rotation_artifact_shift,0.8164095047086751,fedattr_mean,192,0.0,1.4431569560265474e-17,/mnt/data/fl_alltiers_audit/outputs/robust_mnist_rotation_artifact_shift/robust_mnist_rotation_artifact_shift__seed9104__20261005-152355__9982ecc4,0.3439112529910453,attacked,9104,0.9573,0.4241943359375
0.3785144174899413,0.574127197265625,0.558319091796875,0.9460458784114083,0.8960244648318043,0.0,11aff62f9c5db2427830e28cf86d6767345e3df5ed6417b99fa4c8253217ff2f,0.15127550393954153,robust_mnist_rotation_artifact_shift,0.8774845155632647,local,192,0.5084995824784352,0.3224712688111188,/mnt/data/fl_alltiers_audit/outputs/robust_mnist_rotation_artifact_shift/robust_mnist_rotation_artifact_shift__seed9104__20261005-152355__9982ecc4,0.12890974718791365,attacked,9104,0.9573,0.8235270182291666
0.30143773090700854,0.574127197265625,0.558319091796875,0.9460458784114083,0.8960244648318043,3880.0,11aff62f9c5db2427830e28cf86d6767345e3df5ed6417b99fa4c8253217ff2f,0.1913144677700378,robust_mnist_rotation_artifact_shift,0.8388508841947139,nc_sacpa,192,0.33817786754092827,0.009032992816092279,/mnt/data/fl_alltiers_audit/outputs/robust_mnist_rotation_artifact_shift/robust_mnist_rotation_artifact_shift__seed9104__20261005-152355__9982ecc4,0.28056751245500133,attacked,9104,0.9573,0.49906412760416674
0.28125597398301816,0.574127197265625,0.558319091796875,0.9460458784114083,0.8960244648318043,3880.0,11aff62f9c5db2427830e28cf86d6767345e3df5ed6417b99fa4c8253217ff2f,0.17205216220548514,robust_mnist_rotation_artifact_shift,0.8643824721350635,sacpa_global_count,192,0.12173083925629445,0.04667105229596458,/mnt/data/fl_alltiers_audit/outputs/robust_mnist_rotation_artifact_shift/robust_mnist_rotation_artifact_shift__seed9104__20261005-152355__9982ecc4,0.23462520704932602,attacked,9104,0.9573,0.5902099609375
0.37847020449740715,0.574127197265625,0.558319091796875,0.9460458784114083,0.8960244648318043,9000.0,11aff62f9c5db2427830e28cf86d6767345e3df5ed6417b99fa4c8253217ff2f,0.15631045429618098,robust_mnist_rotation_artifact_shift,0.8728883482714687,ucpa,192,0.5084511731986836,6.793841725020929e-06,/mnt/data/fl_alltiers_audit/outputs/robust_mnist_rotation_artifact_shift/robust_mnist_rotation_artifact_shift__seed9104__20261005-152355__9982ecc4,0.1586834044686381,attacked,9104,0.9573,0.7138264973958334
0.37211987206800806,0.574127197265625,0.558319091796875,0.9460458784114083,0.8960244648318043,9000.0,11aff62f9c5db2427830e28cf86d6767345e3df5ed6417b99fa4c8253217ff2f,0.15569485404788186,robust_mnist_rotation_artifact_shift,0.8730232486469807,ucpa_coord_only,192,0.4982043833840824,0.0099446064882806,/mnt/data/fl_alltiers_audit/outputs/robust_mnist_rotation_artifact_shift/robust_mnist_rotation_artifact_shift__seed9104__20261005-152355__9982ecc4,0.15818291789611905,attacked,9104,0.9573,0.7136637369791666
0.3781853564648716,0.574127197265625,0.558319091796875,0.9460458784114083,0.8960244648318043,9000.0,11aff62f9c5db2427830e28cf86d6767345e3df5ed6417b99fa4c8253217ff2f,0.15633359319011408,robust_mnist_rotation_artifact_shift,0.8728805687700515,ucpa_whole_only,192,0.5081435190043527,6.360989035700287e-05,/mnt/data/fl_alltiers_audit/outputs/robust_mnist_rotation_artifact_shift/robust_mnist_rotation_artifact_shift__seed9104__20261005-152355__9982ecc4,0.15864205840805462,attacked,9104,0.9573,0.7138671875
0.3375424617829898,0.574127197265625,0.558319091796875,0.9460458784114083,0.8960244648318043,3880.0,11aff62f9c5db2427830e28cf86d6767345e3df5ed6417b99fa4c8253217ff2f,0.15426676873466932,robust_mnist_rotation_artifact_shift,0.8758410047212237,xfedalign_median,192,0.3593278866206436,0.26589439713598545,/mnt/data/fl_alltiers_audit/outputs/robust_mnist_rotation_artifact_shift/robust_mnist_rotation_artifact_shift__seed9104__20261005-152355__9982ecc4,0.15011678708909976,attacked,9104,0.9573,0.7751057942708334
0.23965454650601753,0.57257080078125,0.54339599609375,0.9595234691839127,0.9008620689655172,3880.0,11aff62f9c5db2427830e28cf86d6767345e3df5ed6417b99fa4c8253217ff2f,0.15665923206759846,robust_mnist_rotation_artifact_shift,0.8856528068274505,cluster,192,0.2803325322068978,0.08326586454490997,/mnt/data/fl_alltiers_audit/outputs/robust_mnist_rotation_artifact_shift/robust_mnist_rotation_artifact_shift__seed9101__20261005-143947__2ec3a6a7,0.14354613821148668,clean,9101,0.9492,0.764404296875
0.17731416798514474,0.57257080078125,0.54339599609375,0.9595234691839127,0.9008620689655172,3880.0,11aff62f9c5db2427830e28cf86d6767345e3df5ed6417b99fa4c8253217ff2f,0.22245094042860103,robust_mnist_rotation_artifact_shift,0.8483556108607444,fedattr_mean,192,0.0,1.242008085290753e-17,/mnt/data/fl_alltiers_audit/outputs/robust_mnist_rotation_artifact_shift/robust_mnist_rotation_artifact_shift__seed9101__20261005-143947__2ec3a6a7,0.28669288457643316,clean,9101,0.9492,0.5159098307291667
0.282023306101716,0.57257080078125,0.54339599609375,0.9595234691839127,0.9008620689655172,0.0,11aff62f9c5db2427830e28cf86d6767345e3df5ed6417b99fa4c8253217ff2f,0.15462432798203735,robust_mnist_rotation_artifact_shift,0.8871253028477895,local,192,0.3717410209434218,0.23912189832121417,/mnt/data/fl_alltiers_audit/outputs/robust_mnist_rotation_artifact_shift/robust_mnist_rotation_artifact_shift__seed9101__20261005-143947__2ec3a6a7,0.12852375732574475,clean,9101,0.9492,0.8314615885416667
0.19610506633200392,0.57257080078125,0.54339599609375,0.9595234691839127,0.9008620689655172,3880.0,11aff62f9c5db2427830e28cf86d6767345e3df5ed6417b99fa4c8253217ff2f,0.18030410483637146,robust_mnist_rotation_artifact_shift,0.8699075487968002,nc_sacpa,192,0.14870041972133977,0.007385614076657452,/mnt/data/fl_alltiers_audit/outputs/robust_mnist_rotation_artifact_shift/robust_mnist_rotation_artifact_shift__seed9101__20261005-143947__2ec3a6a7,0.23079624439835075,clean,9101,0.9492,0.590576171875
0.18353445801584253,0.57257080078125,0.54339599609375,0.9595234691839127,0.9008620689655172,3880.0,11aff62f9c5db2427830e28cf86d6767345e3df5ed6417b99fa4c8253217ff2f,0.17396372648123964,robust_mnist_rotation_artifact_shift,0.8751046613819805,sacpa_global_count,192,0.07126666790557264,0.03735448233966695,/mnt/data/fl_alltiers_audit/outputs/robust_mnist_rotation_artifact_shift/robust_mnist_rotation_artifact_shift__seed9101__20261005-143947__2ec3a6a7,0.20294825928946159,clean,9101,0.9492,0.6350504557291666
0.2819442215475232,0.57257080078125,0.54339599609375,0.9595234691839127,0.9008620689655172,9000.0,11aff62f9c5db2427830e28cf86d6767345e3df5ed6417b99fa4c8253217ff2f,0.15949346102091416,robust_mnist_rotation_artifact_shift,0.8840987719089906,ucpa,192,0.3715488432865659,2.1620522454190248e-05,/mnt/data/fl_alltiers_audit/outputs/robust_mnist_rotation_artifact_shift/robust_mnist_rotation_artifact_shift__seed9101__20261005-143947__2ec3a6a7,0.14963664555586625,clean,9101,0.9492,0.7385660807291667
0.27261594632673136,0.57257080078125,0.54339599609375,0.9595234691839127,0.9008620689655172,9000.0,11aff62f9c5db2427830e28cf86d6767345e3df5ed6417b99fa4c8253217ff2f,0.15956074436344353,robust_mnist_rotation_artifact_shift,0.8843312187022851,ucpa_coord_only,192,0.35119080764682714,0.013219391063651963,/mnt/data/fl_alltiers_audit/outputs/robust_mnist_rotation_artifact_shift/robust_mnist_rotation_artifact_shift__seed9101__20261005-143947__2ec3a6a7,0.1485926336062996,clean,9101,0.9492,0.7349853515625
0.28158275974912306,0.57257080078125,0.54339599609375,0.9595234691839127,0.9008620689655172,9000.0,11aff62f9c5db2427830e28cf86d6767345e3df5ed6417b99fa4c8253217ff2f,0.15941735216735348,robust_mnist_rotation_artifact_shift,0.8841856515227997,ucpa_whole_only,192,0.3710511664163586,9.10984072933688e-05,/mnt/data/fl_alltiers_audit/outputs/robust_mnist_rotation_artifact_shift/robust_mnist_rotation_artifact_shift__seed9101__20261005-143947__2ec3a6a7,0.1495748019625483,clean,9101,0.9492,0.7383219401041667
0.25151925056759783,0.57257080078125,0.54339599609375,0.9595234691839127,0.9008620689655172,3880.0,11aff62f9c5db2427830e28cf86d6767345e3df5ed6417b99fa4c8253217ff2f,0.1583510742414243,robust_mnist_rotation_artifact_shift,0.8851320243678855,xfedalign_median,192,0.2516741447313263,0.18022814062851333,/mnt/data/fl_alltiers_audit/outputs/robust_mnist_rotation_artifact_shift/robust_mnist_rotation_artifact_shift__seed9101__20261005-143947__2ec3a6a7,0.14592968838009002,clean,9101,0.9492,0.7637532552083333
0.3398610921091184,0.57257080078125,0.54339599609375,0.9595234691839127,0.9008620689655172,3880.0,11aff62f9c5db2427830e28cf86d6767345e3df5ed6417b99fa4c8253217ff2f,0.15926342060683965,robust_mnist_rotation_artifact_shift,0.8841241625593739,cluster,192,0.4431619983999895,0.09206523985018754,/mnt/data/fl_alltiers_audit/outputs/robust_mnist_rotation_artifact_shift/robust_mnist_rotation_artifact_shift__seed9101__20261005-143947__2ec3a6a7,0.15425012481385036,attacked,9101,0.9492,0.7447509765625
0.27442063067716777,0.57257080078125,0.54339599609375,0.9595234691839127,0.9008620689655172,3880.0,11aff62f9c5db2427830e28cf86d6767345e3df5ed6417b99fa4c8253217ff2f,0.27464472650107535,robust_mnist_rotation_artifact_shift,0.7826107305394279,fedattr_mean,192,0.0,1.7343195174856332e-17,/mnt/data/fl_alltiers_audit/outputs/robust_mnist_rotation_artifact_shift/robust_mnist_rotation_artifact_shift__seed9101__20261005-143947__2ec3a6a7,0.37123073883568125,attacked,9101,0.9492,0.37125651041666663
0.3773951355971749,0.57257080078125,0.54339599609375,0.9595234691839127,0.9008620689655172,0.0,11aff62f9c5db2427830e28cf86d6767345e3df5ed6417b99fa4c8253217ff2f,0.15462432798203735,robust_mnist_rotation_artifact_shift,0.8871253028477895,local,192,0.5212485974336877,0.33935474894441775,/mnt/data/fl_alltiers_audit/outputs/robust_mnist_rotation_artifact_shift/robust_mnist_rotation_artifact_shift__seed9101__20261005-143947__2ec3a6a7,0.12852375732574475,attacked,9101,0.9492,0.8314615885416667
0.30693020412098815,0.57257080078125,0.54339599609375,0.9595234691839127,0.9008620689655172,3880.0,11aff62f9c5db2427830e28cf86d6767345e3df5ed6417b99fa4c8253217ff2f,0.20412900546477128,robust_mnist_rotation_artifact_shift,0.8440624075935678,nc_sacpa,192,0.360446500420646,0.009620484668022532,/mnt/data/fl_alltiers_audit/outputs/robust_mnist_rotation_artifact_shift/robust_mnist_rotation_artifact_shift__seed9101__20261005-143947__2ec3a6a7,0.28596251472840734,attacked,9101,0.9492,0.4967854817708333
0.2786512534261742,0.57257080078125,0.54339599609375,0.9595234691839127,0.9008620689655172,3880.0,11aff62f9c5db2427830e28cf86d6767345e3df5ed6417b99fa4c8253217ff2f,0.1804657084951714,robust_mnist_rotation_artifact_shift,0.8660618286754471,sacpa_global_count,192,0.13035889576971232,0.04843064606420744,/mnt/data/fl_alltiers_audit/outputs/robust_mnist_rotation_artifact_shift/robust_mnist_rotation_artifact_shift__seed9101__20261005-143947__2ec3a6a7,0.23688555400609754,attacked,9101,0.9492,0.5805257161458334
0.37736828571516096,0.57257080078125,0.54339599609375,0.9595234691839127,0.9008620689655172,9000.0,11aff62f9c5db2427830e28cf86d6767345e3df5ed6417b99fa4c8253217ff2f,0.161661198490098,robust_mnist_rotation_artifact_shift,0.8831961571431899,ucpa,192,0.5212034747057189,8.297037779409941e-06,/mnt/data/fl_alltiers_audit/outputs/robust_mnist_rotation_artifact_shift/robust_mnist_rotation_artifact_shift__seed9101__20261005-143947__2ec3a6a7,0.15802682169870017,attacked,9101,0.9492,0.7164306640625
0.37142872602452054,0.57257080078125,0.54339599609375,0.9595234691839127,0.9008620689655172,9000.0,11aff62f9c5db2427830e28cf86d6767345e3df5ed6417b99fa4c8253217ff2f,0.1617759254201398,robust_mnist_rotation_artifact_shift,0.8828930405927319,ucpa_coord_only,192,0.5108417762193851,0.009909424593271429,/mnt/data/fl_alltiers_audit/outputs/robust_mnist_rotation_artifact_shift/robust_mnist_rotation_artifact_shift__seed9101__20261005-143947__2ec3a6a7,0.15744521050636595,attacked,9101,0.9492,0.71484375
0.37720932679979013,0.57257080078125,0.54339599609375,0.9595234691839127,0.9008620689655172,9000.0,11aff62f9c5db2427830e28cf86d6767345e3df5ed6417b99fa4c8253217ff2f,0.16166634140275465,robust_mnist_rotation_artifact_shift,0.8832428211461623,ucpa_whole_only,192,0.5210486147964918,3.424478975420101e-05,/mnt/data/fl_alltiers_audit/outputs/robust_mnist_rotation_artifact_shift/robust_mnist_rotation_artifact_shift__seed9101__20261005-143947__2ec3a6a7,0.1580026710022453,attacked,9101,0.9492,0.7162272135416667
0.34203394787750535,0.57257080078125,0.54339599609375,0.9595234691839127,0.9008620689655172,3880.0,11aff62f9c5db2427830e28cf86d6767345e3df5ed6417b99fa4c8253217ff2f,0.15934153384053693,robust_mnist_rotation_artifact_shift,0.8854357343099462,xfedalign_median,192,0.3742961684545895,0.2920712615378074,/mnt/data/fl_alltiers_audit/outputs/robust_mnist_rotation_artifact_shift/robust_mnist_rotation_artifact_shift__seed9101__20261005-143947__2ec3a6a7,0.15471763199803631,attacked,9101,0.9492,0.7766520182291667
0.22886883138099795,0.57171630859375,0.568359375,0.9537549522016767,0.9204152249134948,3880.0,11aff62f9c5db2427830e28cf86d6767345e3df5ed6417b99fa4c8253217ff2f,0.16470869370141372,robust_mnist_rotation_artifact_shift,0.8876159272996257,cluster,192,0.2819885897797293,0.0972348611142863,/mnt/data/fl_alltiers_audit/outputs/robust_mnist_rotation_artifact_shift/robust_mnist_rotation_artifact_shift__seed9105__20261005-153851__27a489f9,0.14087787628527332,clean,9105,0.9692,0.7805989583333333
0.17410580906758816,0.57171630859375,0.568359375,0.9537549522016767,0.9204152249134948,3880.0,11aff62f9c5db2427830e28cf86d6767345e3df5ed6417b99fa4c8253217ff2f,0.23371651019986645,robust_mnist_rotation_artifact_shift,0.8458811849268083,fedattr_mean,192,0.0,1.689832128806763e-17,/mnt/data/fl_alltiers_audit/outputs/robust_mnist_rotation_artifact_shift/robust_mnist_rotation_artifact_shift__seed9105__20261005-153851__27a489f9,0.292978857206025,clean,9105,0.9692,0.5186767578125
0.27839839338861566,0.57171630859375,0.568359375,0.9537549522016767,0.9204152249134948,0.0,11aff62f9c5db2427830e28cf86d6767345e3df5ed6417b99fa4c8253217ff2f,0.16184060547275295,robust_mnist_rotation_artifact_shift,0.88868227193697,local,192,0.39969831391975247,0.24976964183658326,/mnt/data/fl_alltiers_audit/outputs/robust_mnist_rotation_artifact_shift/robust_mnist_rotation_artifact_shift__seed9105__20261005-153851__27a489f9,0.12675596725889082,clean,9105,0.9692,0.8404947916666666
0.1876029422499777,0.57171630859375,0.568359375,0.9537549522016767,0.9204152249134948,3880.0,11aff62f9c5db2427830e28cf86d6767345e3df5ed6417b99fa4c8253217ff2f,0.18785746278946364,robust_mnist_rotation_artifact_shift,0.8748993433512888,nc_sacpa,192,0.1548835598174824,0.008032709023868807,/mnt/data/fl_alltiers_audit/outputs/robust_mnist_rotation_artifact_shift/robust_mnist_rotation_artifact_shift__seed9105__20261005-153851__27a489f9,0.22664642177420413,clean,9105,0.9692,0.6078694661458334
0.18655708330598236,0.57171630859375,0.568359375,0.9537549522016767,0.9204152249134948,3880.0,11aff62f9c5db2427830e28cf86d6767345e3df5ed6417b99fa4c8253217ff2f,0.18428161477234728,robust_mnist_rotation_artifact_shift,0.878569768698596,sacpa_global_count,192,0.07900392867849436,0.04135521678800253,/mnt/data/fl_alltiers_audit/outputs/robust_mnist_rotation_artifact_shift/robust_mnist_rotation_artifact_shift__seed9105__20261005-153851__27a489f9,0.20958867461103592,clean,9105,0.9692,0.6332194010416666
0.2783435251168248,0.57171630859375,0.568359375,0.9537549522016767,0.9204152249134948,9000.0,11aff62f9c5db2427830e28cf86d6767345e3df5ed6417b99fa4c8253217ff2f,0.16689031686625339,robust_mnist_rotation_artifact_shift,0.8860754697301995,ucpa,192,0.3996222512014024,8.843942349957544e-06,/mnt/data/fl_alltiers_audit/outputs/robust_mnist_rotation_artifact_shift/robust_mnist_rotation_artifact_shift__seed9105__20261005-153851__27a489f9,0.14712241802765058,clean,9105,0.9692,0.7462158203125
0.26739084597762386,0.57171630859375,0.568359375,0.9537549522016767,0.9204152249134948,9000.0,11aff62f9c5db2427830e28cf86d6767345e3df5ed6417b99fa4c8253217ff2f,0.1659413365481972,robust_mnist_rotation_artifact_shift,0.8862007434656306,ucpa_coord_only,192,0.37649615599356806,0.01816169996606296,/mnt/data/fl_alltiers_audit/outputs/robust_mnist_rotation_artifact_shift/robust_mnist_rotation_artifact_shift__seed9105__20261005-153851__27a489f9,0.14598282552435704,clean,9105,0.9692,0.7420654296875
0.27806951767431815,0.57171630859375,0.568359375,0.9537549522016767,0.9204152249134948,9000.0,11aff62f9c5db2427830e28cf86d6767345e3df5ed6417b99fa4c8253217ff2f,0.16686575884771931,robust_mnist_rotation_artifact_shift,0.8860430169937615,ucpa_whole_only,192,0.39930586791951267,5.808774692161713e-05,/mnt/data/fl_alltiers_audit/outputs/robust_mnist_rotation_artifact_shift/robust_mnist_rotation_artifact_shift__seed9105__20261005-153851__27a489f9,0.14706818808605907,clean,9105,0.9692,0.7458902994791667
0.24693260046034066,0.57171630859375,0.568359375,0.9537549522016767,0.9204152249134948,3880.0,11aff62f9c5db2427830e28cf86d6767345e3df5ed6417b99fa4c8253217ff2f,0.16686371935008232,robust_mnist_rotation_artifact_shift,0.8864881989428832,xfedalign_median,192,0.26805636091538926,0.18035346764806032,/mnt/data/fl_alltiers_audit/outputs/robust_mnist_rotation_artifact_shift/robust_mnist_rotation_artifact_shift__seed9105__20261005-153851__27a489f9,0.14361674555424697,clean,9105,0.9692,0.7720540364583334
0.3307117182238418,0.57171630859375,0.568359375,0.9537549522016767,0.9204152249134948,3880.0,11aff62f9c5db2427830e28cf86d6767345e3df5ed6417b99fa4c8253217ff2f,0.16541555427350735,robust_mnist_rotation_artifact_shift,0.8857527633987791,cluster,192,0.4311116382502202,0.09303584313198265,/mnt/data/fl_alltiers_audit/outputs/robust_mnist_rotation_artifact_shift/robust_mnist_rotation_artifact_shift__seed9105__20261005-153851__27a489f9,0.15162357200204285,attacked,9105,0.9692,0.7447509765625
0.21975965717506163,0.57171630859375,0.568359375,0.9537549522016767,0.9204152249134948,3880.0,11aff62f9c5db2427830e28cf86d6767345e3df5ed6417b99fa4c8253217ff2f,0.2509134216042071,robust_mnist_rotation_artifact_shift,0.8272159057944372,fedattr_mean,192,0.0,1.1929949406971681e-17,/mnt/data/fl_alltiers_audit/outputs/robust_mnist_rotation_artifact_shift/robust_mnist_rotation_artifact_shift__seed9105__20261005-153851__27a489f9,0.3269833800586671,attacked,9105,0.9692,0.488037109375
0.37125972158449,0.57171630859375,0.568359375,0.9537549522016767,0.9204152249134948,0.0,11aff62f9c5db2427830e28cf86d6767345e3df5ed6417b99fa4c8253217ff2f,0.16184060547275295,robust_mnist_rotation_artifact_shift,0.88868227193697,local,192,0.517460386677311,0.32611610802228314,/mnt/data/fl_alltiers_audit/outputs/robust_mnist_rotation_artifact_shift/robust_mnist_rotation_artifact_shift__seed9105__20261005-153851__27a489f9,0.12675596725889082,attacked,9105,0.9692,0.8404947916666666
0.2889486515595658,0.57171630859375,0.568359375,0.9537549522016767,0.9204152249134948,3880.0,11aff62f9c5db2427830e28cf86d6767345e3df5ed6417b99fa4c8253217ff2f,0.20185240035437652,robust_mnist_rotation_artifact_shift,0.8593155367016152,nc_sacpa,192,0.3271504248366298,0.009737740387026348,/mnt/data/fl_alltiers_audit/outputs/robust_mnist_rotation_artifact_shift/robust_mnist_rotation_artifact_shift__seed9105__20261005-153851__27a489f9,0.28559843390237005,attacked,9105,0.9692,0.5040690104166667
0.2597581141581129,0.57171630859375,0.568359375,0.9537549522016767,0.9204152249134948,3880.0,11aff62f9c5db2427830e28cf86d6767345e3df5ed6417b99fa4c8253217ff2f,0.18900720310891,robust_mnist_rotation_artifact_shift,0.8727110269569683,sacpa_global_count,192,0.13338821830046094,0.04718145211809369,/mnt/data/fl_alltiers_audit/outputs/robust_mnist_rotation_artifact_shift/robust_mnist_rotation_artifact_shift__seed9105__20261005-153851__27a489f9,0.22688129175595745,attacked,9105,0.9692,0.6053059895833334
0.37123146121951556,0.57171630859375,0.568359375,0.9537549522016767,0.9204152249134948,9000.0,11aff62f9c5db2427830e28cf86d6767345e3df5ed6417b99fa4c8253217ff2f,0.16800714697171015,robust_mnist_rotation_artifact_shift,0.8853499435402246,ucpa,192,0.5174272133697502,4.694268792669669e-06,/mnt/data/fl_alltiers_audit/outputs/robust_mnist_rotation_artifact_shift/robust_mnist_rotation_artifact_shift__seed9105__20261005-153851__27a489f9,0.1574239384631141,attacked,9105,0.9692,0.71337890625
0.3646875119073542,0.57171630859375,0.568359375,0.9537549522016767,0.9204152249134948,9000.0,11aff62f9c5db2427830e28cf86d6767345e3df5ed6417b99fa4c8253217ff2f,0.16718767518714228,robust_mnist_rotation_artifact_shift,0.8850631190057632,ucpa_coord_only,192,0.5050294805064584,0.01333943780880974,/mnt/data/fl_alltiers_audit/outputs/robust_mnist_rotation_artifact_shift/robust_mnist_rotation_artifact_shift__seed9105__20261005-153851__27a489f9,0.15690735277516166,attacked,9105,0.9692,0.7111409505208333
0.37106857464938897,0.57171630859375,0.568359375,0.9537549522016767,0.9204152249134948,9000.0,11aff62f9c5db2427830e28cf86d6767345e3df5ed6417b99fa4c8253217ff2f,0.1679702092641795,robust_mnist_rotation_artifact_shift,0.8853376210793026,ucpa_whole_only,192,0.5172817237264298,3.301121286023537e-05,/mnt/data/fl_alltiers_audit/outputs/robust_mnist_rotation_artifact_shift/robust_mnist_rotation_artifact_shift__seed9105__20261005-153851__27a489f9,0.15740212007730464,attacked,9105,0.9692,0.7132568359375
0.3303715762916547,0.57171630859375,0.568359375,0.9537549522016767,0.9204152249134948,3880.0,11aff62f9c5db2427830e28cf86d6767345e3df5ed6417b99fa4c8253217ff2f,0.16631589867805208,robust_mnist_rotation_artifact_shift,0.8854874587416381,xfedalign_median,192,0.3693022906657403,0.2765463239213317,/mnt/data/fl_alltiers_audit/outputs/robust_mnist_rotation_artifact_shift/robust_mnist_rotation_artifact_shift__seed9105__20261005-153851__27a489f9,0.14843643590625838,attacked,9105,0.9692,0.7942708333333334
0.22526543902812984,0.5418701171875,0.534393310546875,0.9546287084885665,0.9027777777777778,3880.0,11aff62f9c5db2427830e28cf86d6767345e3df5ed6417b99fa4c8253217ff2f,0.16189955483317436,robust_mnist_rotation_artifact_shift,0.8981354729334271,cluster,192,0.2835291716520836,0.08220818923395966,/mnt/data/fl_alltiers_audit/outputs/robust_mnist_rotation_artifact_shift/robust_mnist_rotation_artifact_shift__seed9102__20261005-145448__388a115c,0.13763863636916593,clean,9102,0.9725,0.7654622395833334
0.15266164072228275,0.5418701171875,0.534393310546875,0.9546287084885665,0.9027777777777778,3880.0,11aff62f9c5db2427830e28cf86d6767345e3df5ed6417b99fa4c8253217ff2f,0.21125415004905035,robust_mnist_rotation_artifact_shift,0.8687237994108727,fedattr_mean,192,0.0,1.976755699931275e-17,/mnt/data/fl_alltiers_audit/outputs/robust_mnist_rotation_artifact_shift/robust_mnist_rotation_artifact_shift__seed9102__20261005-145448__388a115c,0.2739394153697019,clean,9102,0.9725,0.5348714192708334
0.2705430676057753,0.5418701171875,0.534393310546875,0.9546287084885665,0.9027777777777778,0.0,11aff62f9c5db2427830e28cf86d6767345e3df5ed6417b99fa4c8253217ff2f,0.16014369611348228,robust_mnist_rotation_artifact_shift,0.8984286420036369,local,192,0.3846317580937864,0.23540308225957074,/mnt/data/fl_alltiers_audit/outputs/robust_mnist_rotation_artifact_shift/robust_mnist_rotation_artifact_shift__seed9102__20261005-145448__388a115c,0.12114774844123295,clean,9102,0.9725,0.8388671875
0.18265152649277033,0.5418701171875,0.534393310546875,0.9546287084885665,0.9027777777777778,3880.0,11aff62f9c5db2427830e28cf86d6767345e3df5ed6417b99fa4c8253217ff2f,0.17948998675239336,robust_mnist_rotation_artifact_shift,0.885942207287735,nc_sacpa,192,0.15373214881400343,0.007516793233940449,/mnt/data/fl_alltiers_audit/outputs/robust_mnist_rotation_artifact_shift/robust_mnist_rotation_artifact_shift__seed9102__20261005-145448__388a115c,0.22553855238857698,clean,9102,0.9725,0.6001383463541666
0.1609298719799706,0.5418701171875,0.534393310546875,0.9546287084885665,0.9027777777777778,3880.0,11aff62f9c5db2427830e28cf86d6767345e3df5ed6417b99fa4c8253217ff2f,0.17208303236283579,robust_mnist_rotation_artifact_shift,0.8912408859173107,sacpa_global_count,192,0.07179764815503277,0.036676906736102945,/mnt/data/fl_alltiers_audit/outputs/robust_mnist_rotation_artifact_shift/robust_mnist_rotation_artifact_shift__seed9102__20261005-145448__388a115c,0.19293379317091403,clean,9102,0.9725,0.6566569010416666
0.27045293562573713,0.5418701171875,0.534393310546875,0.9546287084885665,0.9027777777777778,9000.0,11aff62f9c5db2427830e28cf86d6767345e3df5ed6417b99fa4c8253217ff2f,0.1620221195597272,robust_mnist_rotation_artifact_shift,0.895690748135227,ucpa,192,0.3845317104927312,1.2776250680329101e-05,/mnt/data/fl_alltiers_audit/outputs/robust_mnist_rotation_artifact_shift/robust_mnist_rotation_artifact_shift__seed9102__20261005-145448__388a115c,0.1423181465401139,clean,9102,0.9725,0.7451578776041667
0.25881404138614383,0.5418701171875,0.534393310546875,0.9546287084885665,0.9027777777777778,9000.0,11aff62f9c5db2427830e28cf86d6767345e3df5ed6417b99fa4c8253217ff2f,0.16225667844370645,robust_mnist_rotation_artifact_shift,0.8961582843994014,ucpa_coord_only,192,0.36213090693618893,0.01695191440023966,/mnt/data/fl_alltiers_audit/outputs/robust_mnist_rotation_artifact_shift/robust_mnist_rotation_artifact_shift__seed9102__20261005-145448__388a115c,0.14135936997708545,clean,9102,0.9725,0.740234375
0.2699912375137446,0.5418701171875,0.534393310546875,0.9546287084885665,0.9027777777777778,9000.0,11aff62f9c5db2427830e28cf86d6767345e3df5ed6417b99fa4c8253217ff2f,0.16204888383948252,robust_mnist_rotation_artifact_shift,0.8956292380025237,ucpa_whole_only,192,0.38402137508910295,9.860840671599071e-05,/mnt/data/fl_alltiers_audit/outputs/robust_mnist_rotation_artifact_shift/robust_mnist_rotation_artifact_shift__seed9102__20261005-145448__388a115c,0.14226962499760498,clean,9102,0.9725,0.7448323567708333
0.2369050677457316,0.5418701171875,0.534393310546875,0.9546287084885665,0.9027777777777778,3880.0,11aff62f9c5db2427830e28cf86d6767345e3df5ed6417b99fa4c8253217ff2f,0.16246770774378091,robust_mnist_rotation_artifact_shift,0.89811845524758,xfedalign_median,192,0.2551642158396884,0.16480440934213927,/mnt/data/fl_alltiers_audit/outputs/robust_mnist_rotation_artifact_shift/robust_mnist_rotation_artifact_shift__seed9102__20261005-145448__388a115c,0.1364737637541962,clean,9102,0.9725,0.7694905598958334
0.33414920642817225,0.5418701171875,0.534393310546875,0.9546287084885665,0.9027777777777778,3880.0,11aff62f9c5db2427830e28cf86d6767345e3df5ed6417b99fa4c8253217ff2f,0.1664647705179353,robust_mnist_rotation_artifact_shift,0.8978113357839902,cluster,192,0.4419061320775707,0.08391125302513482,/mnt/data/fl_alltiers_audit/outputs/robust_mnist_rotation_artifact_shift/robust_mnist_rotation_artifact_shift__seed9102__20261005-145448__388a115c,0.1483682902428788,attacked,9102,0.9725,0.7406005859375
0.23409709846439603,0.5418701171875,0.534393310546875,0.9546287084885665,0.9027777777777778,3880.0,11aff62f9c5db2427830e28cf86d6767345e3df5ed6417b99fa4c8253217ff2f,0.24546155441787507,robust_mnist_rotation_artifact_shift,0.8336959492575261,fedattr_mean,192,0.0,1.3633788319286249e-17,/mnt/data/fl_alltiers_audit/outputs/robust_mnist_rotation_artifact_shift/robust_mnist_rotation_artifact_shift__seed9102__20261005-145448__388a115c,0.3435603067823601,attacked,9102,0.9725,0.4251302083333333
0.37382281129871664,0.5418701171875,0.534393310546875,0.9546287084885665,0.9027777777777778,0.0,11aff62f9c5db2427830e28cf86d6767345e3df5ed6417b99fa4c8253217ff2f,0.16014369611348228,robust_mnist_rotation_artifact_shift,0.8984286420036369,local,192,0.5194561103136249,0.33012715408150534,/mnt/data/fl_alltiers_audit/outputs/robust_mnist_rotation_artifact_shift/robust_mnist_rotation_artifact_shift__seed9102__20261005-145448__388a115c,0.12114774844123295,attacked,9102,0.9725,0.8388671875
0.2890465497632424,0.5418701171875,0.534393310546875,0.9546287084885665,0.9027777777777778,3880.0,11aff62f9c5db2427830e28cf86d6767345e3df5ed6417b99fa4c8253217ff2f,0.20364579089932705,robust_mnist_rotation_artifact_shift,0.8642963320671696,nc_sacpa,192,0.3337479818966303,0.009412563125061958,/mnt/data/fl_alltiers_audit/outputs/robust_mnist_rotation_artifact_shift/robust_mnist_rotation_artifact_shift__seed9102__20261005-145448__388a115c,0.2803054900052194,attacked,9102,0.9725,0.49825032552083337
0.25477752559687294,0.5418701171875,0.534393310546875,0.9546287084885665,0.9027777777777778,3880.0,11aff62f9c5db2427830e28cf86d6767345e3df5ed6417b99fa4c8253217ff2f,0.17950561667610146,robust_mnist_rotation_artifact_shift,0.8868770345551942,sacpa_global_count,192,0.12299083965701622,0.04762042829233833,/mnt/data/fl_alltiers_audit/outputs/robust_mnist_rotation_artifact_shift/robust_mnist_rotation_artifact_shift__seed9102__20261005-145448__388a115c,0.22415072862962065,attacked,9102,0.9725,0.6013997395833333
0.37378221856661054,0.5418701171875,0.534393310546875,0.9546287084885665,0.9027777777777778,9000.0,11aff62f9c5db2427830e28cf86d6767345e3df5ed6417b99fa4c8253217ff2f,0.1673152062671155,robust_mnist_rotation_artifact_shift,0.8961700232421208,ucpa,192,0.5194217174426732,5.892225004442856e-06,/mnt/data/fl_alltiers_audit/outputs/robust_mnist_rotation_artifact_shift/robust_mnist_rotation_artifact_shift__seed9102__20261005-145448__388a115c,0.1519469030409606,attacked,9102,0.9725,0.7187906901041667
0.36694333932915224,0.5418701171875,0.534393310546875,0.9546287084885665,0.9027777777777778,9000.0,11aff62f9c5db2427830e28cf86d6767345e3df5ed6417b99fa4c8253217ff2f,0.16663685092659458,robust_mnist_rotation_artifact_shift,0.89642232350634,ucpa_coord_only,192,0.5073814213047376,0.012696807594824501,/mnt/data/fl_alltiers_audit/outputs/robust_mnist_rotation_artifact_shift/robust_mnist_rotation_artifact_shift__seed9102__20261005-145448__388a115c,0.15134788393841764,attacked,9102,0.9725,0.7150065104166667
0.37350436379728946,0.5418701171875,0.534393310546875,0.9546287084885665,0.9027777777777778,9000.0,11aff62f9c5db2427830e28cf86d6767345e3df5ed6417b99fa4c8253217ff2f,0.16736397740924075,robust_mnist_rotation_artifact_shift,0.8961586639162002,ucpa_whole_only,192,0.5192076160433898,5.604835670900899e-05,/mnt/data/fl_alltiers_audit/outputs/robust_mnist_rotation_artifact_shift/robust_mnist_rotation_artifact_shift__seed9102__20261005-145448__388a115c,0.15191871856117373,attacked,9102,0.9725,0.7186279296875
0.32629928365271127,0.5418701171875,0.534393310546875,0.9546287084885665,0.9027777777777778,3880.0,11aff62f9c5db2427830e28cf86d6767345e3df5ed6417b99fa4c8253217ff2f,0.16159734318584923,robust_mnist_rotation_artifact_shift,0.8966813420476684,xfedalign_median,192,0.3669541864961006,0.26710657546274547,/mnt/data/fl_alltiers_audit/outputs/robust_mnist_rotation_artifact_shift/robust_mnist_rotation_artifact_shift__seed9102__20261005-145448__388a115c,0.14113979475891553,attacked,9102,0.9725,0.7881266276041667
0.2366440727861142,0.534149169921875,0.510589599609375,0.9354723506399607,0.8211143695014663,3880.0,11aff62f9c5db2427830e28cf86d6767345e3df5ed6417b99fa4c8253217ff2f,0.15953014090370443,robust_mnist_rotation_artifact_shift,0.883175553344093,cluster,192,0.2848783970092391,0.08493676881668116,/mnt/data/fl_alltiers_audit/outputs/robust_mnist_rotation_artifact_shift/robust_mnist_rotation_artifact_shift__seed9103__20261005-150933__bfb066f3,0.1456399174241505,clean,9103,0.9575,0.7659505208333333
0.17574623514455454,0.534149169921875,0.510589599609375,0.9354723506399607,0.8211143695014663,3880.0,11aff62f9c5db2427830e28cf86d6767345e3df5ed6417b99fa4c8253217ff2f,0.2220950978658967,robust_mnist_rotation_artifact_shift,0.8476354848700188,fedattr_mean,192,0.0,2.1042848140171885e-17,/mnt/data/fl_alltiers_audit/outputs/robust_mnist_rotation_artifact_shift/robust_mnist_rotation_artifact_shift__seed9103__20261005-150933__bfb066f3,0.29356149374953944,clean,9103,0.9575,0.49971516927083337
0.2815509867711701,0.534149169921875,0.510589599609375,0.9354723506399607,0.8211143695014663,0.0,11aff62f9c5db2427830e28cf86d6767345e3df5ed6417b99fa4c8253217ff2f,0.15839002244635292,robust_mnist_rotation_artifact_shift,0.8844408576100251,local,192,0.37890848402800387,0.24027233605329548,/mnt/data/fl_alltiers_audit/outputs/robust_mnist_rotation_artifact_shift/robust_mnist_rotation_artifact_shift__seed9103__20261005-150933__bfb066f3,0.12684719160540853,clean,9103,0.9575,0.8369547526041667
0.1943526032630149,0.534149169921875,0.510589599609375,0.9354723506399607,0.8211143695014663,3880.0,11aff62f9c5db2427830e28cf86d6767345e3df5ed6417b99fa4c8253217ff2f,0.18497842909431106,robust_mnist_rotation_artifact_shift,0.8717478766224909,nc_sacpa,192,0.14471491451641713,0.007495654982883385,/mnt/data/fl_alltiers_audit/outputs/robust_mnist_rotation_artifact_shift/robust_mnist_rotation_artifact_shift__seed9103__20261005-150933__bfb066f3,0.2300051892290897,clean,9103,0.9575,0.591064453125
0.18380836338658194,0.534149169921875,0.510589599609375,0.9354723506399607,0.8211143695014663,3880.0,11aff62f9c5db2427830e28cf86d6767345e3df5ed6417b99fa4c8253217ff2f,0.17447857307994735,robust_mnist_rotation_artifact_shift,0.8754298111727015,sacpa_global_count,192,0.07295845966819181,0.038301387752902906,/mnt/data/fl_alltiers_audit/outputs/robust_mnist_rotation_artifact_shift/robust_mnist_rotation_artifact_shift__seed9103__20261005-150933__bfb066f3,0.20565766827430998,clean,9103,0.9575,0.63134765625
0.2814806959544419,0.534149169921875,0.510589599609375,0.9354723506399607,0.8211143695014663,9000.0,11aff62f9c5db2427830e28cf86d6767345e3df5ed6417b99fa4c8253217ff2f,0.1614908099647437,robust_mnist_rotation_artifact_shift,0.8822690451556507,ucpa,192,0.37880316055569135,1.1367080298455036e-05,/mnt/data/fl_alltiers_audit/outputs/robust_mnist_rotation_artifact_shift/robust_mnist_rotation_artifact_shift__seed9103__20261005-150933__bfb066f3,0.14841581858846165,clean,9103,0.9575,0.7428792317708334
0.26980716481901856,0.534149169921875,0.510589599609375,0.9354723506399607,0.8211143695014663,9000.0,11aff62f9c5db2427830e28cf86d6767345e3df5ed6417b99fa4c8253217ff2f,0.16176266100689343,robust_mnist_rotation_artifact_shift,0.8828449136571483,ucpa_coord_only,192,0.355269997796724,0.017221989205989944,/mnt/data/fl_alltiers_audit/outputs/robust_mnist_rotation_artifact_shift/robust_mnist_rotation_artifact_shift__seed9103__20261005-150933__bfb066f3,0.14724650652996907,clean,9103,0.9575,0.7394205729166667
0.28113347559767465,0.534149169921875,0.510589599609375,0.9354723506399607,0.8211143695014663,9000.0,11aff62f9c5db2427830e28cf86d6767345e3df5ed6417b99fa4c8253217ff2f,0.16149568221468752,robust_mnist_rotation_artifact_shift,0.8822726580838207,ucpa_whole_only,192,0.3783032095720416,8.5390431566293e-05,/mnt/data/fl_alltiers_audit/outputs/robust_mnist_rotation_artifact_shift/robust_mnist_rotation_artifact_shift__seed9103__20261005-150933__bfb066f3,0.14835714905037384,clean,9103,0.9575,0.7426350911458334
0.24948967895774227,0.534149169921875,0.510589599609375,0.9354723506399607,0.8211143695014663,3880.0,11aff62f9c5db2427830e28cf86d6767345e3df5ed6417b99fa4c8253217ff2f,0.16057467396870684,robust_mnist_rotation_artifact_shift,0.8843738107834118,xfedalign_median,192,0.25472398147122927,0.17207856511511652,/mnt/data/fl_alltiers_audit/outputs/robust_mnist_rotation_artifact_shift/robust_mnist_rotation_artifact_shift__seed9103__20261005-150933__bfb066f3,0.14356331458261617,clean,9103,0.9575,0.7626953125
0.3434986299282975,0.534149169921875,0.510589599609375,0.9354723506399607,0.8211143695014663,3880.0,11aff62f9c5db2427830e28cf86d6767345e3df5ed6417b99fa4c8253217ff2f,0.16057225757313065,robust_mnist_rotation_artifact_shift,0.8829531302998173,cluster,192,0.4180759444805622,0.08149996625128118,/mnt/data/fl_alltiers_audit/outputs/robust_mnist_rotation_artifact_shift/robust_mnist_rotation_artifact_shift__seed9103__20261005-150933__bfb066f3,0.1539038034981044,attacked,9103,0.9575,0.7401123046875
0.22885606919111795,0.534149169921875,0.510589599609375,0.9354723506399607,0.8211143695014663,3880.0,11aff62f9c5db2427830e28cf86d6767345e3df5ed6417b99fa4c8253217ff2f,0.24182789482776265,robust_mnist_rotation_artifact_shift,0.8338307044518539,fedattr_mean,192,0.0,2.5105266511797397e-17,/mnt/data/fl_alltiers_audit/outputs/robust_mnist_rotation_artifact_shift/robust_mnist_rotation_artifact_shift__seed9103__20261005-150933__bfb066f3,0.33625187476311713,attacked,9103,0.9575,0.4504801432291667
0.38305540999214327,0.534149169921875,0.510589599609375,0.9354723506399607,0.8211143695014663,0.0,11aff62f9c5db2427830e28cf86d6767345e3df5ed6417b99fa4c8253217ff2f,0.15839002244635292,robust_mnist_rotation_artifact_shift,0.8844408576100251,local,192,0.49313272063420616,0.31218739590774536,/mnt/data/fl_alltiers_audit/outputs/robust_mnist_rotation_artifact_shift/robust_mnist_rotation_artifact_shift__seed9103__20261005-150933__bfb066f3,0.12684719160540853,attacked,9103,0.9575,0.8369547526041667
0.293334327863498,0.534149169921875,0.510589599609375,0.9354723506399607,0.8211143695014663,3880.0,11aff62f9c5db2427830e28cf86d6767345e3df5ed6417b99fa4c8253217ff2f,0.19704187527119454,robust_mnist_rotation_artifact_shift,0.8590193437515456,nc_sacpa,192,0.30153399075375237,0.008908541043668571,/mnt/data/fl_alltiers_audit/outputs/robust_mnist_rotation_artifact_shift/robust_mnist_rotation_artifact_shift__seed9103__20261005-150933__bfb066f3,0.27741332130995583,attacked,9103,0.9575,0.5084635416666666
0.2649119488543852,0.534149169921875,0.510589599609375,0.9354723506399607,0.8211143695014663,3880.0,11aff62f9c5db2427830e28cf86d6767345e3df5ed6417b99fa4c8253217ff2f,0.17582645543261605,robust_mnist_rotation_artifact_shift,0.8734892334551356,sacpa_global_count,192,0.12101278919494826,0.043811849277766046,/mnt/data/fl_alltiers_audit/outputs/robust_mnist_rotation_artifact_shift/robust_mnist_rotation_artifact_shift__seed9103__20261005-150933__bfb066f3,0.22429790806828961,attacked,9103,0.9575,0.6061604817708334
0.3830153314701784,0.534149169921875,0.510589599609375,0.9354723506399607,0.8211143695014663,9000.0,11aff62f9c5db2427830e28cf86d6767345e3df5ed6417b99fa4c8253217ff2f,0.16255211699778255,robust_mnist_rotation_artifact_shift,0.882009619367697,ucpa,192,0.4930782801835975,7.484904507620107e-06,/mnt/data/fl_alltiers_audit/outputs/robust_mnist_rotation_artifact_shift/robust_mnist_rotation_artifact_shift__seed9103__20261005-150933__bfb066f3,0.1579620934407691,attacked,9103,0.9575,0.7142740885416667
0.3756246113991156,0.534149169921875,0.510589599609375,0.9354723506399607,0.8211143695014663,9000.0,11aff62f9c5db2427830e28cf86d6767345e3df5ed6417b99fa4c8253217ff2f,0.16270276459957436,robust_mnist_rotation_artifact_shift,0.8822495773343688,ucpa_coord_only,192,0.47966425262008966,0.013188086440320398,/mnt/data/fl_alltiers_audit/outputs/robust_mnist_rotation_artifact_shift/robust_mnist_rotation_artifact_shift__seed9103__20261005-150933__bfb066f3,0.15734737510129876,attacked,9103,0.9575,0.7148844401041666
0.3828092236927232,0.534149169921875,0.510589599609375,0.9354723506399607,0.8211143695014663,9000.0,11aff62f9c5db2427830e28cf86d6767345e3df5ed6417b99fa4c8253217ff2f,0.1625758861703313,robust_mnist_rotation_artifact_shift,0.8820694726387349,ucpa_whole_only,192,0.492814835176792,5.2895766783411824e-05,/mnt/data/fl_alltiers_audit/outputs/robust_mnist_rotation_artifact_shift/robust_mnist_rotation_artifact_shift__seed9103__20261005-150933__bfb066f3,0.1579294058250561,attacked,9103,0.9575,0.7143961588541667
0.33660045378415704,0.534149169921875,0.510589599609375,0.9354723506399607,0.8211143695014663,3880.0,11aff62f9c5db2427830e28cf86d6767345e3df5ed6417b99fa4c8253217ff2f,0.15964784359918366,robust_mnist_rotation_artifact_shift,0.8838916890542048,xfedalign_median,192,0.34771769213197173,0.2514905151812311,/mnt/data/fl_alltiers_audit/outputs/robust_mnist_rotation_artifact_shift/robust_mnist_rotation_artifact_shift__seed9103__20261005-150933__bfb066f3,0.1481162000337415,attacked,9103,0.9575,0.7753092447916667
0.5202952588079509,0.532623291015625,0.509918212890625,0.5279548153890288,0.1902834008097166,7720.0,a2da87a1fcc901b527a383127a4c14c9161a68ca474b42013a3b7372010773fb,0.13509323915059213,core_cifar10_rotation,0.22784420898824465,cluster,192,0.5476638790641045,0.1307604918515185,/mnt/data/fl_alltiers_audit/outputs/core_cifar10_rotation/core_cifar10_rotation__seed9104__20261005-051732__131e7e8d,0.1603883794042925,clean,9104,0.5044,0.15354410807291666
0.35022874360791345,0.532623291015625,0.509918212890625,0.5279548153890288,0.1902834008097166,7720.0,a2da87a1fcc901b527a383127a4c14c9161a68ca474b42013a3b7372010773fb,0.13305051618906416,core_cifar10_rotation,0.17738927736039234,fedattr_mean,192,0.0,1.2248973186731719e-17,/mnt/data/fl_alltiers_audit/outputs/core_cifar10_rotation/core_cifar10_rotation__seed9104__20261005-051732__131e7e8d,0.39315582676148075,clean,9104,0.5044,0.10992431640625
0.5773064239420846,0.532623291015625,0.509918212890625,0.5279548153890288,0.1902834008097166,0.0,a2da87a1fcc901b527a383127a4c14c9161a68ca474b42013a3b7372010773fb,0.1387046982398412,core_cifar10_rotation,0.23120038525254738,local,192,0.6395586781960121,0.4358896660393677,/mnt/data/fl_alltiers_audit/outputs/core_cifar10_rotation/core_cifar10_rotation__seed9104__20261005-051732__131e7e8d,0.13991487100494687,clean,9104,0.5044,0.19807942708333331
0.5288871545529668,0.532623291015625,0.509918212890625,0.5279548153890288,0.1902834008097166,7720.0,a2da87a1fcc901b527a383127a4c14c9161a68ca474b42013a3b7372010773fb,0.13382025374570125,core_cifar10_rotation,0.2298290752996157,nc_sacpa,192,0.48630183634588026,0.015446679588665156,/mnt/data/fl_alltiers_audit/outputs/core_cifar10_rotation/core_cifar10_rotation__seed9104__20261005-051732__131e7e8d,0.37561248893695454,clean,9104,0.5044,0.12766520182291666
0.4574880801471525,0.532623291015625,0.509918212890625,0.5279548153890288,0.1902834008097166,7720.0,a2da87a1fcc901b527a383127a4c14c9161a68ca474b42013a3b7372010773fb,0.12914729346424186,core_cifar10_rotation,0.23333264769389642,sacpa_global_count,192,0.23251004998413602,0.057908838357606546,/mnt/data/fl_alltiers_audit/outputs/core_cifar10_rotation/core_cifar10_rotation__seed9104__20261005-051732__131e7e8d,0.24816497546292132,clean,9104,0.5044,0.11806233723958334
0.5773064041353748,0.532623291015625,0.509918212890625,0.5279548153890288,0.1902834008097166,17960.0,a2da87a1fcc901b527a383127a4c14c9161a68ca474b42013a3b7372010773fb,0.13761615564932678,core_cifar10_rotation,0.2304882691152064,ucpa,192,0.6395586658794666,2.126624630611382e-09,/mnt/data/fl_alltiers_audit/outputs/core_cifar10_rotation/core_cifar10_rotation__seed9104__20261005-051732__131e7e8d,0.1747212148133119,clean,9104,0.5044,0.16194661458333331
0.5767916278685458,0.532623291015625,0.509918212890625,0.5279548153890288,0.1902834008097166,17960.0,a2da87a1fcc901b527a383127a4c14c9161a68ca474b42013a3b7372010773fb,0.13763762509394534,core_cifar10_rotation,0.23048743037264408,ucpa_coord_only,192,0.638879167888273,0.0010045180393342356,/mnt/data/fl_alltiers_audit/outputs/core_cifar10_rotation/core_cifar10_rotation__seed9104__20261005-051732__131e7e8d,0.1747107901743868,clean,9104,0.5044,0.16192626953125
0.5773053728055813,0.532623291015625,0.509918212890625,0.5279548153890288,0.1902834008097166,17960.0,a2da87a1fcc901b527a383127a4c14c9161a68ca474b42013a3b7372010773fb,0.13761615564932678,core_cifar10_rotation,0.2304882691152064,ucpa_whole_only,192,0.6395579861103409,1.2909374078452188e-07,/mnt/data/fl_alltiers_audit/outputs/core_cifar10_rotation/core_cifar10_rotation__seed9104__20261005-051732__131e7e8d,0.1747211760618921,clean,9104,0.5044,0.16194661458333331
0.5775100435078883,0.532623291015625,0.509918212890625,0.5279548153890288,0.1902834008097166,7720.0,a2da87a1fcc901b527a383127a4c14c9161a68ca474b42013a3b7372010773fb,0.1372304291391629,core_cifar10_rotation,0.23128235733383917,xfedalign_median,192,0.5031061052727651,0.40396315332442295,/mnt/data/fl_alltiers_audit/outputs/core_cifar10_rotation/core_cifar10_rotation__seed9104__20261005-051732__131e7e8d,0.19399543336170183,clean,9104,0.5044,0.1982421875
0.5220169115173154,0.6208399155560662,0.5562623267080269,0.5596807245560012,0.18972332015810275,7720.0,a2da87a1fcc901b527a383127a4c14c9161a68ca474b42013a3b7372010773fb,0.14911990699792488,core_cifar10_rotation,0.22148175017948865,cluster,185,0.5474696431355859,0.14335768922589728,/mnt/data/fl_alltiers_audit/outputs/core_cifar10_rotation/core_cifar10_rotation__seed9102__20261005-043903__5dd57b87,0.15500227378989606,clean,9102,0.4493,0.15598312078737744
0.3724493436711528,0.6208399155560662,0.5562623267080269,0.5596807245560012,0.18972332015810275,7720.0,a2da87a1fcc901b527a383127a4c14c9161a68ca474b42013a3b7372010773fb,0.14089872202591736,core_cifar10_rotation,0.18001344455687118,fedattr_mean,185,0.0,9.444527596854039e-18,/mnt/data/fl_alltiers_audit/outputs/core_cifar10_rotation/core_cifar10_rotation__seed9102__20261005-043903__5dd57b87,0.39708109439842076,clean,9102,0.4493,0.10909136603860295
0.5839539496322721,0.6208399155560662,0.5562623267080269,0.5596807245560012,0.18972332015810275,0.0,a2da87a1fcc901b527a383127a4c14c9161a68ca474b42013a3b7372010773fb,0.15683345818912736,core_cifar10_rotation,0.22251398121704807,local,185,0.6493026806505544,0.4440107189971778,/mnt/data/fl_alltiers_audit/outputs/core_cifar10_rotation/core_cifar10_rotation__seed9102__20261005-043903__5dd57b87,0.1389219668150305,clean,9102,0.4493,0.17585066253063725
0.5439011502809865,0.6208399155560662,0.5562623267080269,0.5596807245560012,0.18972332015810275,7720.0,a2da87a1fcc901b527a383127a4c14c9161a68ca474b42013a3b7372010773fb,0.1554525078297671,core_cifar10_rotation,0.22530231285036992,nc_sacpa,185,0.5148651322866111,0.01483705206503447,/mnt/data/fl_alltiers_audit/outputs/core_cifar10_rotation/core_cifar10_rotation__seed9102__20261005-043903__5dd57b87,0.38140304053847107,clean,9102,0.4493,0.13017602060355393
0.47824744203973085,0.6208399155560662,0.5562623267080269,0.5596807245560012,0.18972332015810275,7720.0,a2da87a1fcc901b527a383127a4c14c9161a68ca474b42013a3b7372010773fb,0.1449222547554842,core_cifar10_rotation,0.22385372911325355,sacpa_global_count,185,0.258268055399749,0.05558123756609829,/mnt/data/fl_alltiers_audit/outputs/core_cifar10_rotation/core_cifar10_rotation__seed9102__20261005-043903__5dd57b87,0.24856917482333812,clean,9102,0.4493,0.1164395201439951
0.5839538781889297,0.6208399155560662,0.5562623267080269,0.5596807245560012,0.18972332015810275,17960.0,a2da87a1fcc901b527a383127a4c14c9161a68ca474b42013a3b7372010773fb,0.1570920909698472,core_cifar10_rotation,0.22258083338634738,ucpa,185,0.6493026395161291,8.226750451951e-09,/mnt/data/fl_alltiers_audit/outputs/core_cifar10_rotation/core_cifar10_rotation__seed9102__20261005-043903__5dd57b87,0.17447686813097485,clean,9102,0.4493,0.14919146369485292
0.5825029884192231,0.6208399155560662,0.5562623267080269,0.5596807245560012,0.18972332015810275,17960.0,a2da87a1fcc901b527a383127a4c14c9161a68ca474b42013a3b7372010773fb,0.15702352950292883,core_cifar10_rotation,0.22251893834266062,ucpa_coord_only,185,0.6469316305005925,0.00391963461576333,/mnt/data/fl_alltiers_audit/outputs/core_cifar10_rotation/core_cifar10_rotation__seed9102__20261005-043903__5dd57b87,0.17431710983867815,clean,9102,0.4493,0.14863257314644607
0.5839532342066638,0.6208399155560662,0.5562623267080269,0.5596807245560012,0.18972332015810275,17960.0,a2da87a1fcc901b527a383127a4c14c9161a68ca474b42013a3b7372010773fb,0.15709126327699635,core_cifar10_rotation,0.22258143920643206,ucpa_whole_only,185,0.6493022315940341,8.78859431822735e-08,/mnt/data/fl_alltiers_audit/outputs/core_cifar10_rotation/core_cifar10_rotation__seed9102__20261005-043903__5dd57b87,0.17447667966741065,clean,9102,0.4493,0.14919146369485292
0.5871553865403969,0.6208399155560662,0.5562623267080269,0.5596807245560012,0.18972332015810275,7720.0,a2da87a1fcc901b527a383127a4c14c9161a68ca474b42013a3b7372010773fb,0.15637443670339413,core_cifar10_rotation,0.2225860039026557,xfedalign_median,185,0.5243356553841506,0.40789075112226336,/mnt/data/fl_alltiers_audit/outputs/core_cifar10_rotation/core_cifar10_rotation__seed9102__20261005-043903__5dd57b87,0.18938884498002972,clean,9102,0.4493,0.1754605162377451
0.5222823054964761,0.55352783203125,0.562744140625,0.5995016410375053,0.5010309278350515,7720.0,a2da87a1fcc901b527a383127a4c14c9161a68ca474b42013a3b7372010773fb,0.18422506160762472,core_cifar10_rotation,0.2180779277184532,cluster,192,0.5398855540471371,0.14600888357093636,/mnt/data/fl_alltiers_audit/outputs/core_cifar10_rotation/core_cifar10_rotation__seed9103__20261005-045817__90331678,0.1632311316513873,clean,9103,0.5184,0.14735921223958331
0.3602680355113158,0.55352783203125,0.562744140625,0.5995016410375053,0.5010309278350515,7720.0,a2da87a1fcc901b527a383127a4c14c9161a68ca474b42013a3b7372010773fb,0.15853124991602574,core_cifar10_rotation,0.21841828525175516,fedattr_mean,192,0.0,1.3606775217037881e-17,/mnt/data/fl_alltiers_audit/outputs/core_cifar10_rotation/core_cifar10_rotation__seed9103__20261005-045817__90331678,0.39524231468321075,clean,9103,0.5184,0.11216227213541667
0.5835524055235747,0.55352783203125,0.562744140625,0.5995016410375053,0.5010309278350515,0.0,a2da87a1fcc901b527a383127a4c14c9161a68ca474b42013a3b7372010773fb,0.18695896337497592,core_cifar10_rotation,0.22114614550130984,local,192,0.6463956280863661,0.4443168008527852,/mnt/data/fl_alltiers_audit/outputs/core_cifar10_rotation/core_cifar10_rotation__seed9103__20261005-045817__90331678,0.1441195773634976,clean,9103,0.5184,0.1781005859375
0.5393646404084489,0.55352783203125,0.562744140625,0.5995016410375053,0.5010309278350515,7720.0,a2da87a1fcc901b527a383127a4c14c9161a68ca474b42013a3b7372010773fb,0.17633272265472139,core_cifar10_rotation,0.22336064451349857,nc_sacpa,192,0.5042096484997767,0.015071678039328648,/mnt/data/fl_alltiers_audit/outputs/core_cifar10_rotation/core_cifar10_rotation__seed9103__20261005-045817__90331678,0.376447484374015,clean,9103,0.5184,0.13387044270833331
0.47558142166002937,0.55352783203125,0.562744140625,0.5995016410375053,0.5010309278350515,7720.0,a2da87a1fcc901b527a383127a4c14c9161a68ca474b42013a3b7372010773fb,0.16919505183201788,core_cifar10_rotation,0.2290334303206085,sacpa_global_count,192,0.2521037876849202,0.05570066692647575,/mnt/data/fl_alltiers_audit/outputs/core_cifar10_rotation/core_cifar10_rotation__seed9103__20261005-045817__90331678,0.25082996833388166,clean,9103,0.5184,0.1214599609375
0.5835523510074999,0.55352783203125,0.562744140625,0.5995016410375053,0.5010309278350515,17960.0,a2da87a1fcc901b527a383127a4c14c9161a68ca474b42013a3b7372010773fb,0.1851803510794222,core_cifar10_rotation,0.2196606117892467,ucpa,192,0.6463955861665354,7.074955369669752e-09,/mnt/data/fl_alltiers_audit/outputs/core_cifar10_rotation/core_cifar10_rotation__seed9103__20261005-045817__90331678,0.17874345989374285,clean,9103,0.5184,0.15207926432291666
0.5826621521616846,0.55352783203125,0.562744140625,0.5995016410375053,0.5010309278350515,17960.0,a2da87a1fcc901b527a383127a4c14c9161a68ca474b42013a3b7372010773fb,0.18512181956369508,core_cifar10_rotation,0.2196481211496575,ucpa_coord_only,192,0.6446620141092277,0.0025627047753737455,/mnt/data/fl_alltiers_audit/outputs/core_cifar10_rotation/core_cifar10_rotation__seed9103__20261005-045817__90331678,0.1786544085893705,clean,9103,0.5184,0.15171305338541666
0.5835515163231338,0.55352783203125,0.562744140625,0.5995016410375053,0.5010309278350515,17960.0,a2da87a1fcc901b527a383127a4c14c9161a68ca474b42013a3b7372010773fb,0.1851803510794222,core_cifar10_rotation,0.2196606117892467,ucpa_whole_only,192,0.6463950461844277,1.0994683207427888e-07,/mnt/data/fl_alltiers_audit/outputs/core_cifar10_rotation/core_cifar10_rotation__seed9103__20261005-045817__90331678,0.17874342172649446,clean,9103,0.5184,0.15207926432291666
0.5845723159112288,0.55352783203125,0.562744140625,0.5995016410375053,0.5010309278350515,7720.0,a2da87a1fcc901b527a383127a4c14c9161a68ca474b42013a3b7372010773fb,0.18407042778126198,core_cifar10_rotation,0.22178238168683795,xfedalign_median,192,0.5100447078730732,0.4069614443476012,/mnt/data/fl_alltiers_audit/outputs/core_cifar10_rotation/core_cifar10_rotation__seed9103__20261005-045817__90331678,0.19728173900777257,clean,9103,0.5184,0.17771402994791669
0.5147074286006764,0.56005859375,0.5335693359375,0.5421546984032575,0.2824858757062147,7720.0,a2da87a1fcc901b527a383127a4c14c9161a68ca474b42013a3b7372010773fb,0.1787826850879507,core_cifar10_rotation,0.285450295885596,cluster,192,0.5322358580489887,0.14685641970506938,/mnt/data/fl_alltiers_audit/outputs/core_cifar10_rotation/core_cifar10_rotation__seed9105__20261005-053653__ae21a72b,0.15314540167434015,clean,9105,0.5765,0.15635172526041669
0.35705758112833924,0.56005859375,0.5335693359375,0.5421546984032575,0.2824858757062147,7720.0,a2da87a1fcc901b527a383127a4c14c9161a68ca474b42013a3b7372010773fb,0.18016122760418513,core_cifar10_rotation,0.25305390121557136,fedattr_mean,192,0.0,1.581145404648492e-17,/mnt/data/fl_alltiers_audit/outputs/core_cifar10_rotation/core_cifar10_rotation__seed9105__20261005-053653__ae21a72b,0.3923059771244702,clean,9105,0.5765,0.10595703125
0.5827670662864294,0.56005859375,0.5335693359375,0.5421546984032575,0.2824858757062147,0.0,a2da87a1fcc901b527a383127a4c14c9161a68ca474b42013a3b7372010773fb,0.18660278722426635,core_cifar10_rotation,0.2829131905077361,local,192,0.6430083944636414,0.44095650645898204,/mnt/data/fl_alltiers_audit/outputs/core_cifar10_rotation/core_cifar10_rotation__seed9105__20261005-053653__ae21a72b,0.1357375024038372,clean,9105,0.5765,0.18650309244791669
0.5362841537909052,0.56005859375,0.5335693359375,0.5421546984032575,0.2824858757062147,7720.0,a2da87a1fcc901b527a383127a4c14c9161a68ca474b42013a3b7372010773fb,0.1818944585212345,core_cifar10_rotation,0.2862442960947211,nc_sacpa,192,0.49969634749063857,0.014677664373918386,/mnt/data/fl_alltiers_audit/outputs/core_cifar10_rotation/core_cifar10_rotation__seed9105__20261005-053653__ae21a72b,0.374609154309161,clean,9105,0.5765,0.11798095703125
0.46670583514461084,0.56005859375,0.5335693359375,0.5421546984032575,0.2824858757062147,7720.0,a2da87a1fcc901b527a383127a4c14c9161a68ca474b42013a3b7372010773fb,0.17679565665769892,core_cifar10_rotation,0.2958963271608411,sacpa_global_count,192,0.24490391453413024,0.055666942403466306,/mnt/data/fl_alltiers_audit/outputs/core_cifar10_rotation/core_cifar10_rotation__seed9105__20261005-053653__ae21a72b,0.24334559274524653,clean,9105,0.5765,0.11881510416666666
0.5827670110166933,0.56005859375,0.5335693359375,0.5421546984032575,0.2824858757062147,17960.0,a2da87a1fcc901b527a383127a4c14c9161a68ca474b42013a3b7372010773fb,0.18435762167914618,core_cifar10_rotation,0.28032360630435277,ucpa,192,0.6430083577583323,6.365552144797504e-09,/mnt/data/fl_alltiers_audit/outputs/core_cifar10_rotation/core_cifar10_rotation__seed9105__20261005-053653__ae21a72b,0.17171293595307663,clean,9105,0.5765,0.14961751302083334
0.5819111032875376,0.56005859375,0.5335693359375,0.5421546984032575,0.2824858757062147,17960.0,a2da87a1fcc901b527a383127a4c14c9161a68ca474b42013a3b7372010773fb,0.18436241771022047,core_cifar10_rotation,0.2802697159053158,ucpa_coord_only,192,0.6415220683599668,0.002215206964695416,/mnt/data/fl_alltiers_audit/outputs/core_cifar10_rotation/core_cifar10_rotation__seed9105__20261005-053653__ae21a72b,0.17166330796704538,clean,9105,0.5765,0.14955647786458334
0.5827662567676463,0.56005859375,0.5335693359375,0.5421546984032575,0.2824858757062147,17960.0,a2da87a1fcc901b527a383127a4c14c9161a68ca474b42013a3b7372010773fb,0.18435762167914618,core_cifar10_rotation,0.28032360630435277,ucpa_whole_only,192,0.6430078721137499,9.696944099344485e-08,/mnt/data/fl_alltiers_audit/outputs/core_cifar10_rotation/core_cifar10_rotation__seed9105__20261005-053653__ae21a72b,0.17171290617406487,clean,9105,0.5765,0.14961751302083334
0.583148973391198,0.56005859375,0.5335693359375,0.5421546984032575,0.2824858757062147,7720.0,a2da87a1fcc901b527a383127a4c14c9161a68ca474b42013a3b7372010773fb,0.18445371294071722,core_cifar10_rotation,0.2822558367937385,xfedalign_median,192,0.5056589737444445,0.4029662982031384,/mnt/data/fl_alltiers_audit/outputs/core_cifar10_rotation/core_cifar10_rotation__seed9105__20261005-053653__ae21a72b,0.18970508822273044,clean,9105,0.5765,0.18473307291666669
0.5232521803404446,0.53375244140625,0.483184814453125,0.5254384761453883,0.33495145631067963,7720.0,a2da87a1fcc901b527a383127a4c14c9161a68ca474b42013a3b7372010773fb,0.15358037296391558,core_cifar10_rotation,0.27306731077017804,cluster,192,0.547429339019126,0.13413729736165997,/mnt/data/fl_alltiers_audit/outputs/core_cifar10_rotation/core_cifar10_rotation__seed9101__20261005-041949__a8ed111b,0.1640599655447741,clean,9101,0.4067,0.16245524088541666
0.3622558463416599,0.53375244140625,0.483184814453125,0.5254384761453883,0.33495145631067963,7720.0,a2da87a1fcc901b527a383127a4c14c9161a68ca474b42013a3b7372010773fb,0.15099483014443346,core_cifar10_rotation,0.22831493455729893,fedattr_mean,192,0.0,1.3359071463012427e-17,/mnt/data/fl_alltiers_audit/outputs/core_cifar10_rotation/core_cifar10_rotation__seed9101__20261005-041949__a8ed111b,0.39335059746369566,clean,9101,0.4067,0.12025960286458334
0.5821183369751541,0.53375244140625,0.483184814453125,0.5254384761453883,0.33495145631067963,0.0,a2da87a1fcc901b527a383127a4c14c9161a68ca474b42013a3b7372010773fb,0.15686428434273691,core_cifar10_rotation,0.2692740572889306,local,192,0.642289033596109,0.439118477349656,/mnt/data/fl_alltiers_audit/outputs/core_cifar10_rotation/core_cifar10_rotation__seed9101__20261005-041949__a8ed111b,0.14534211641192663,clean,9101,0.4067,0.19376627604166669
0.5362240285441784,0.53375244140625,0.483184814453125,0.5254384761453883,0.33495145631067963,7720.0,a2da87a1fcc901b527a383127a4c14c9161a68ca474b42013a3b7372010773fb,0.15494902180265246,core_cifar10_rotation,0.2732163016179887,nc_sacpa,192,0.49390071298360017,0.01478308157566951,/mnt/data/fl_alltiers_audit/outputs/core_cifar10_rotation/core_cifar10_rotation__seed9101__20261005-041949__a8ed111b,0.368608711129057,clean,9101,0.4067,0.14727783203125
0.47010919553371333,0.53375244140625,0.483184814453125,0.5254384761453883,0.33495145631067963,7720.0,a2da87a1fcc901b527a383127a4c14c9161a68ca474b42013a3b7372010773fb,0.14747539410309402,core_cifar10_rotation,0.2867023596147191,sacpa_global_count,192,0.24485635400617678,0.055793261245601716,/mnt/data/fl_alltiers_audit/outputs/core_cifar10_rotation/core_cifar10_rotation__seed9101__20261005-041949__a8ed111b,0.24804126415322242,clean,9101,0.4067,0.13559977213541666
0.5821183004331355,0.53375244140625,0.483184814453125,0.5254384761453883,0.33495145631067963,17960.0,a2da87a1fcc901b527a383127a4c14c9161a68ca474b42013a3b7372010773fb,0.15685763624011695,core_cifar10_rotation,0.26955931489016316,ucpa,192,0.6422890059126677,5.164372124309896e-09,/mnt/data/fl_alltiers_audit/outputs/core_cifar10_rotation/core_cifar10_rotation__seed9101__20261005-041949__a8ed111b,0.1790550558196941,clean,9101,0.4067,0.16636149088541666
0.5812911826632503,0.53375244140625,0.483184814453125,0.5254384761453883,0.33495145631067963,17960.0,a2da87a1fcc901b527a383127a4c14c9161a68ca474b42013a3b7372010773fb,0.1568023625635154,core_cifar10_rotation,0.2695171527423857,ucpa_coord_only,192,0.6407461107352236,0.002449560985371708,/mnt/data/fl_alltiers_audit/outputs/core_cifar10_rotation/core_cifar10_rotation__seed9101__20261005-041949__a8ed111b,0.17893738125082326,clean,9101,0.4067,0.16607666015625
0.5821174057412539,0.53375244140625,0.483184814453125,0.5254384761453883,0.33495145631067963,17960.0,a2da87a1fcc901b527a383127a4c14c9161a68ca474b42013a3b7372010773fb,0.15685688609082715,core_cifar10_rotation,0.26956089123899196,ucpa_whole_only,192,0.6422884484460064,1.09496588528917e-07,/mnt/data/fl_alltiers_audit/outputs/core_cifar10_rotation/core_cifar10_rotation__seed9101__20261005-041949__a8ed111b,0.1790549999265339,clean,9101,0.4067,0.16636149088541666
0.5831194990221764,0.53375244140625,0.483184814453125,0.5254384761453883,0.33495145631067963,7720.0,a2da87a1fcc901b527a383127a4c14c9161a68ca474b42013a3b7372010773fb,0.15687301930302056,core_cifar10_rotation,0.26903998034601195,xfedalign_median,192,0.5062764114369416,0.4057504839932467,/mnt/data/fl_alltiers_audit/outputs/core_cifar10_rotation/core_cifar10_rotation__seed9101__20261005-041949__a8ed111b,0.19563844566332644,clean,9101,0.4067,0.19419352213541669
0.2366440727861142,0.534149169921875,0.510589599609375,0.9354723506399607,0.8211143695014663,3880.0,b2fc58507877c5ccb6ec38c177be7ef478d04057ce3ff587e88d8f82d3d5361b,0.15953014090370443,robust_mnist_rotation_random_support,0.883175553344093,cluster,192,0.2848783970092391,0.08493676881668116,/mnt/data/fl_alltiers_audit/outputs/robust_mnist_rotation_random_support/robust_mnist_rotation_random_support__seed9103__20261005-162246__2220aefa,0.1456399174241505,clean,9103,0.9575,0.7659505208333333
0.17574623514455454,0.534149169921875,0.510589599609375,0.9354723506399607,0.8211143695014663,3880.0,b2fc58507877c5ccb6ec38c177be7ef478d04057ce3ff587e88d8f82d3d5361b,0.2220950978658967,robust_mnist_rotation_random_support,0.8476354848700188,fedattr_mean,192,0.0,2.1042848140171885e-17,/mnt/data/fl_alltiers_audit/outputs/robust_mnist_rotation_random_support/robust_mnist_rotation_random_support__seed9103__20261005-162246__2220aefa,0.29356149374953944,clean,9103,0.9575,0.49971516927083337
0.2815509867711701,0.534149169921875,0.510589599609375,0.9354723506399607,0.8211143695014663,0.0,b2fc58507877c5ccb6ec38c177be7ef478d04057ce3ff587e88d8f82d3d5361b,0.15839002244635292,robust_mnist_rotation_random_support,0.8844408576100251,local,192,0.37890848402800387,0.24027233605329548,/mnt/data/fl_alltiers_audit/outputs/robust_mnist_rotation_random_support/robust_mnist_rotation_random_support__seed9103__20261005-162246__2220aefa,0.12684719160540853,clean,9103,0.9575,0.8369547526041667
0.1943526032630149,0.534149169921875,0.510589599609375,0.9354723506399607,0.8211143695014663,3880.0,b2fc58507877c5ccb6ec38c177be7ef478d04057ce3ff587e88d8f82d3d5361b,0.18497842909431106,robust_mnist_rotation_random_support,0.8717478766224909,nc_sacpa,192,0.14471491451641713,0.007495654982883385,/mnt/data/fl_alltiers_audit/outputs/robust_mnist_rotation_random_support/robust_mnist_rotation_random_support__seed9103__20261005-162246__2220aefa,0.2300051892290897,clean,9103,0.9575,0.591064453125
0.18380836338658194,0.534149169921875,0.510589599609375,0.9354723506399607,0.8211143695014663,3880.0,b2fc58507877c5ccb6ec38c177be7ef478d04057ce3ff587e88d8f82d3d5361b,0.17447857307994735,robust_mnist_rotation_random_support,0.8754298111727015,sacpa_global_count,192,0.07295845966819181,0.038301387752902906,/mnt/data/fl_alltiers_audit/outputs/robust_mnist_rotation_random_support/robust_mnist_rotation_random_support__seed9103__20261005-162246__2220aefa,0.20565766827430998,clean,9103,0.9575,0.63134765625
0.2814806959544419,0.534149169921875,0.510589599609375,0.9354723506399607,0.8211143695014663,9000.0,b2fc58507877c5ccb6ec38c177be7ef478d04057ce3ff587e88d8f82d3d5361b,0.1614908099647437,robust_mnist_rotation_random_support,0.8822690451556507,ucpa,192,0.37880316055569135,1.1367080298455036e-05,/mnt/data/fl_alltiers_audit/outputs/robust_mnist_rotation_random_support/robust_mnist_rotation_random_support__seed9103__20261005-162246__2220aefa,0.14841581858846165,clean,9103,0.9575,0.7428792317708334
0.26980716481901856,0.534149169921875,0.510589599609375,0.9354723506399607,0.8211143695014663,9000.0,b2fc58507877c5ccb6ec38c177be7ef478d04057ce3ff587e88d8f82d3d5361b,0.16176266100689343,robust_mnist_rotation_random_support,0.8828449136571483,ucpa_coord_only,192,0.355269997796724,0.017221989205989944,/mnt/data/fl_alltiers_audit/outputs/robust_mnist_rotation_random_support/robust_mnist_rotation_random_support__seed9103__20261005-162246__2220aefa,0.14724650652996907,clean,9103,0.9575,0.7394205729166667
0.28113347559767465,0.534149169921875,0.510589599609375,0.9354723506399607,0.8211143695014663,9000.0,b2fc58507877c5ccb6ec38c177be7ef478d04057ce3ff587e88d8f82d3d5361b,0.16149568221468752,robust_mnist_rotation_random_support,0.8822726580838207,ucpa_whole_only,192,0.3783032095720416,8.5390431566293e-05,/mnt/data/fl_alltiers_audit/outputs/robust_mnist_rotation_random_support/robust_mnist_rotation_random_support__seed9103__20261005-162246__2220aefa,0.14835714905037384,clean,9103,0.9575,0.7426350911458334
0.24948967895774227,0.534149169921875,0.510589599609375,0.9354723506399607,0.8211143695014663,3880.0,b2fc58507877c5ccb6ec38c177be7ef478d04057ce3ff587e88d8f82d3d5361b,0.16057467396870684,robust_mnist_rotation_random_support,0.8843738107834118,xfedalign_median,192,0.25472398147122927,0.17207856511511652,/mnt/data/fl_alltiers_audit/outputs/robust_mnist_rotation_random_support/robust_mnist_rotation_random_support__seed9103__20261005-162246__2220aefa,0.14356331458261617,clean,9103,0.9575,0.7626953125
0.31638560604097704,0.534149169921875,0.510589599609375,0.9354723506399607,0.8211143695014663,3880.0,b2fc58507877c5ccb6ec38c177be7ef478d04057ce3ff587e88d8f82d3d5361b,0.1594458622029985,robust_mnist_rotation_random_support,0.8830027825793271,cluster,192,0.3859761133354682,0.08695804844980136,/mnt/data/fl_alltiers_audit/outputs/robust_mnist_rotation_random_support/robust_mnist_rotation_random_support__seed9103__20261005-162246__2220aefa,0.15062918592101426,attacked,9103,0.9575,0.7508544921875
0.20742493835024808,0.534149169921875,0.510589599609375,0.9354723506399607,0.8211143695014663,3880.0,b2fc58507877c5ccb6ec38c177be7ef478d04057ce3ff587e88d8f82d3d5361b,0.2273385274125644,robust_mnist_rotation_random_support,0.8397703762207434,fedattr_mean,192,0.0,1.9263166119192287e-17,/mnt/data/fl_alltiers_audit/outputs/robust_mnist_rotation_random_support/robust_mnist_rotation_random_support__seed9103__20261005-162246__2220aefa,0.32121969534101535,attacked,9103,0.9575,0.4876708984375
0.36105128102119766,0.534149169921875,0.510589599609375,0.9354723506399607,0.8211143695014663,0.0,b2fc58507877c5ccb6ec38c177be7ef478d04057ce3ff587e88d8f82d3d5361b,0.15839002244635292,robust_mnist_rotation_random_support,0.8844408576100251,local,192,0.47288124432676293,0.2986154873134954,/mnt/data/fl_alltiers_audit/outputs/robust_mnist_rotation_random_support/robust_mnist_rotation_random_support__seed9103__20261005-162246__2220aefa,0.12684719160540853,attacked,9103,0.9575,0.8369547526041667
0.26668569560014127,0.534149169921875,0.510589599609375,0.9354723506399607,0.8211143695014663,3880.0,b2fc58507877c5ccb6ec38c177be7ef478d04057ce3ff587e88d8f82d3d5361b,0.19476293749442752,robust_mnist_rotation_random_support,0.8593722955632377,nc_sacpa,192,0.2630063646589767,0.008005846329779246,/mnt/data/fl_alltiers_audit/outputs/robust_mnist_rotation_random_support/robust_mnist_rotation_random_support__seed9103__20261005-162246__2220aefa,0.2657875680856038,attacked,9103,0.9575,0.5207112630208334
0.23512721551702787,0.534149169921875,0.510589599609375,0.9354723506399607,0.8211143695014663,3880.0,b2fc58507877c5ccb6ec38c177be7ef478d04057ce3ff587e88d8f82d3d5361b,0.17196654515053827,robust_mnist_rotation_random_support,0.8755533260853554,sacpa_global_count,192,0.124687178826767,0.039401691545290676,/mnt/data/fl_alltiers_audit/outputs/robust_mnist_rotation_random_support/robust_mnist_rotation_random_support__seed9103__20261005-162246__2220aefa,0.21751716330967236,attacked,9103,0.9575,0.6142171223958333
0.3610120062004306,0.534149169921875,0.510589599609375,0.9354723506399607,0.8211143695014663,9000.0,b2fc58507877c5ccb6ec38c177be7ef478d04057ce3ff587e88d8f82d3d5361b,0.16168704376104873,robust_mnist_rotation_random_support,0.8818633481258682,ucpa,192,0.4728240158896815,7.088042784781718e-06,/mnt/data/fl_alltiers_audit/outputs/robust_mnist_rotation_random_support/robust_mnist_rotation_random_support__seed9103__20261005-162246__2220aefa,0.15526115067863844,attacked,9103,0.9575,0.7150065104166667
0.35336094927473904,0.534149169921875,0.510589599609375,0.9354723506399607,0.8211143695014663,9000.0,b2fc58507877c5ccb6ec38c177be7ef478d04057ce3ff587e88d8f82d3d5361b,0.16164441033712745,robust_mnist_rotation_random_support,0.8822714364530839,ucpa_coord_only,192,0.4588692535554988,0.011685031000716167,/mnt/data/fl_alltiers_audit/outputs/robust_mnist_rotation_random_support/robust_mnist_rotation_random_support__seed9103__20261005-162246__2220aefa,0.15450978724119757,attacked,9103,0.9575,0.7157389322916667
0.3608070878744929,0.534149169921875,0.510589599609375,0.9354723506399607,0.8211143695014663,9000.0,b2fc58507877c5ccb6ec38c177be7ef478d04057ce3ff587e88d8f82d3d5361b,0.16171204249864485,robust_mnist_rotation_random_support,0.8819230729830452,ucpa_whole_only,192,0.4725523520347977,5.041249267059241e-05,/mnt/data/fl_alltiers_audit/outputs/robust_mnist_rotation_random_support/robust_mnist_rotation_random_support__seed9103__20261005-162246__2220aefa,0.15522856773873855,attacked,9103,0.9575,0.7150472005208334
0.3153790683368987,0.534149169921875,0.510589599609375,0.9354723506399607,0.8211143695014663,3880.0,b2fc58507877c5ccb6ec38c177be7ef478d04057ce3ff587e88d8f82d3d5361b,0.16020321694959422,robust_mnist_rotation_random_support,0.8837693536081739,xfedalign_median,192,0.32861719159385755,0.23104390394136642,/mnt/data/fl_alltiers_audit/outputs/robust_mnist_rotation_random_support/robust_mnist_rotation_random_support__seed9103__20261005-162246__2220aefa,0.14651441165595225,attacked,9103,0.9575,0.7665608723958333
0.22886883138099795,0.57171630859375,0.568359375,0.9537549522016767,0.9204152249134948,3880.0,b2fc58507877c5ccb6ec38c177be7ef478d04057ce3ff587e88d8f82d3d5361b,0.16470869370141372,robust_mnist_rotation_random_support,0.8876159272996257,cluster,192,0.2819885897797293,0.0972348611142863,/mnt/data/fl_alltiers_audit/outputs/robust_mnist_rotation_random_support/robust_mnist_rotation_random_support__seed9105__20261005-165206__8552cafa,0.14087787628527332,clean,9105,0.9692,0.7805989583333333
0.17410580906758816,0.57171630859375,0.568359375,0.9537549522016767,0.9204152249134948,3880.0,b2fc58507877c5ccb6ec38c177be7ef478d04057ce3ff587e88d8f82d3d5361b,0.23371651019986645,robust_mnist_rotation_random_support,0.8458811849268083,fedattr_mean,192,0.0,1.689832128806763e-17,/mnt/data/fl_alltiers_audit/outputs/robust_mnist_rotation_random_support/robust_mnist_rotation_random_support__seed9105__20261005-165206__8552cafa,0.292978857206025,clean,9105,0.9692,0.5186767578125
0.27839839338861566,0.57171630859375,0.568359375,0.9537549522016767,0.9204152249134948,0.0,b2fc58507877c5ccb6ec38c177be7ef478d04057ce3ff587e88d8f82d3d5361b,0.16184060547275295,robust_mnist_rotation_random_support,0.88868227193697,local,192,0.39969831391975247,0.24976964183658326,/mnt/data/fl_alltiers_audit/outputs/robust_mnist_rotation_random_support/robust_mnist_rotation_random_support__seed9105__20261005-165206__8552cafa,0.12675596725889082,clean,9105,0.9692,0.8404947916666666
0.1876029422499777,0.57171630859375,0.568359375,0.9537549522016767,0.9204152249134948,3880.0,b2fc58507877c5ccb6ec38c177be7ef478d04057ce3ff587e88d8f82d3d5361b,0.18785746278946364,robust_mnist_rotation_random_support,0.8748993433512888,nc_sacpa,192,0.1548835598174824,0.008032709023868807,/mnt/data/fl_alltiers_audit/outputs/robust_mnist_rotation_random_support/robust_mnist_rotation_random_support__seed9105__20261005-165206__8552cafa,0.22664642177420413,clean,9105,0.9692,0.6078694661458334
0.18655708330598236,0.57171630859375,0.568359375,0.9537549522016767,0.9204152249134948,3880.0,b2fc58507877c5ccb6ec38c177be7ef478d04057ce3ff587e88d8f82d3d5361b,0.18428161477234728,robust_mnist_rotation_random_support,0.878569768698596,sacpa_global_count,192,0.07900392867849436,0.04135521678800253,/mnt/data/fl_alltiers_audit/outputs/robust_mnist_rotation_random_support/robust_mnist_rotation_random_support__seed9105__20261005-165206__8552cafa,0.20958867461103592,clean,9105,0.9692,0.6332194010416666
0.2783435251168248,0.57171630859375,0.568359375,0.9537549522016767,0.9204152249134948,9000.0,b2fc58507877c5ccb6ec38c177be7ef478d04057ce3ff587e88d8f82d3d5361b,0.16689031686625339,robust_mnist_rotation_random_support,0.8860754697301995,ucpa,192,0.3996222512014024,8.843942349957544e-06,/mnt/data/fl_alltiers_audit/outputs/robust_mnist_rotation_random_support/robust_mnist_rotation_random_support__seed9105__20261005-165206__8552cafa,0.14712241802765058,clean,9105,0.9692,0.7462158203125
0.26739084597762386,0.57171630859375,0.568359375,0.9537549522016767,0.9204152249134948,9000.0,b2fc58507877c5ccb6ec38c177be7ef478d04057ce3ff587e88d8f82d3d5361b,0.1659413365481972,robust_mnist_rotation_random_support,0.8862007434656306,ucpa_coord_only,192,0.37649615599356806,0.01816169996606296,/mnt/data/fl_alltiers_audit/outputs/robust_mnist_rotation_random_support/robust_mnist_rotation_random_support__seed9105__20261005-165206__8552cafa,0.14598282552435704,clean,9105,0.9692,0.7420654296875
0.27806951767431815,0.57171630859375,0.568359375,0.9537549522016767,0.9204152249134948,9000.0,b2fc58507877c5ccb6ec38c177be7ef478d04057ce3ff587e88d8f82d3d5361b,0.16686575884771931,robust_mnist_rotation_random_support,0.8860430169937615,ucpa_whole_only,192,0.39930586791951267,5.808774692161713e-05,/mnt/data/fl_alltiers_audit/outputs/robust_mnist_rotation_random_support/robust_mnist_rotation_random_support__seed9105__20261005-165206__8552cafa,0.14706818808605907,clean,9105,0.9692,0.7458902994791667
0.24693260046034066,0.57171630859375,0.568359375,0.9537549522016767,0.9204152249134948,3880.0,b2fc58507877c5ccb6ec38c177be7ef478d04057ce3ff587e88d8f82d3d5361b,0.16686371935008232,robust_mnist_rotation_random_support,0.8864881989428832,xfedalign_median,192,0.26805636091538926,0.18035346764806032,/mnt/data/fl_alltiers_audit/outputs/robust_mnist_rotation_random_support/robust_mnist_rotation_random_support__seed9105__20261005-165206__8552cafa,0.14361674555424697,clean,9105,0.9692,0.7720540364583334
0.3006576366580832,0.57171630859375,0.568359375,0.9537549522016767,0.9204152249134948,3880.0,b2fc58507877c5ccb6ec38c177be7ef478d04057ce3ff587e88d8f82d3d5361b,0.16366176097456747,robust_mnist_rotation_random_support,0.8857871330784126,cluster,192,0.3921618632424802,0.09683934685532572,/mnt/data/fl_alltiers_audit/outputs/robust_mnist_rotation_random_support/robust_mnist_rotation_random_support__seed9105__20261005-165206__8552cafa,0.14893335150529946,attacked,9105,0.9692,0.757080078125
0.19841850108836975,0.57171630859375,0.568359375,0.9537549522016767,0.9204152249134948,3880.0,b2fc58507877c5ccb6ec38c177be7ef478d04057ce3ff587e88d8f82d3d5361b,0.23644708616285093,robust_mnist_rotation_random_support,0.8330273787421985,fedattr_mean,192,0.0,1.8022182141204795e-17,/mnt/data/fl_alltiers_audit/outputs/robust_mnist_rotation_random_support/robust_mnist_rotation_random_support__seed9105__20261005-165206__8552cafa,0.3137046688031047,attacked,9105,0.9692,0.5194905598958333
0.3460488119949003,0.57171630859375,0.568359375,0.9537549522016767,0.9204152249134948,0.0,b2fc58507877c5ccb6ec38c177be7ef478d04057ce3ff587e88d8f82d3d5361b,0.16184060547275295,robust_mnist_rotation_random_support,0.88868227193697,local,192,0.49059321542195566,0.30804752835620164,/mnt/data/fl_alltiers_audit/outputs/robust_mnist_rotation_random_support/robust_mnist_rotation_random_support__seed9105__20261005-165206__8552cafa,0.12675596725889082,attacked,9105,0.9692,0.8404947916666666
0.2522687443818468,0.57171630859375,0.568359375,0.9537549522016767,0.9204152249134948,3880.0,b2fc58507877c5ccb6ec38c177be7ef478d04057ce3ff587e88d8f82d3d5361b,0.1982259611605211,robust_mnist_rotation_random_support,0.8592543123291762,nc_sacpa,192,0.2676752923642867,0.00848985459795457,/mnt/data/fl_alltiers_audit/outputs/robust_mnist_rotation_random_support/robust_mnist_rotation_random_support__seed9105__20261005-165206__8552cafa,0.26973456517596517,attacked,9105,0.9692,0.5254720052083333
0.22757854459636614,0.57171630859375,0.568359375,0.9537549522016767,0.9204152249134948,3880.0,b2fc58507877c5ccb6ec38c177be7ef478d04057ce3ff587e88d8f82d3d5361b,0.18187045657253598,robust_mnist_rotation_random_support,0.8740793257854363,sacpa_global_count,192,0.13089509782575917,0.04238813737443477,/mnt/data/fl_alltiers_audit/outputs/robust_mnist_rotation_random_support/robust_mnist_rotation_random_support__seed9105__20261005-165206__8552cafa,0.216184004936202,attacked,9105,0.9692,0.6236572265625
0.3460209324825417,0.57171630859375,0.568359375,0.9537549522016767,0.9204152249134948,9000.0,b2fc58507877c5ccb6ec38c177be7ef478d04057ce3ff587e88d8f82d3d5361b,0.16666713816672807,robust_mnist_rotation_random_support,0.8851759896797697,ucpa,192,0.4905580110430535,4.532256440575361e-06,/mnt/data/fl_alltiers_audit/outputs/robust_mnist_rotation_random_support/robust_mnist_rotation_random_support__seed9105__20261005-165206__8552cafa,0.15458239882336788,attacked,9105,0.9692,0.7135823567708333
0.339384185365627,0.57171630859375,0.568359375,0.9537549522016767,0.9204152249134948,9000.0,b2fc58507877c5ccb6ec38c177be7ef478d04057ce3ff587e88d8f82d3d5361b,0.16606071495198194,robust_mnist_rotation_random_support,0.8848575675536239,ucpa_coord_only,192,0.4781898754560569,0.010488074621391374,/mnt/data/fl_alltiers_audit/outputs/robust_mnist_rotation_random_support/robust_mnist_rotation_random_support__seed9105__20261005-165206__8552cafa,0.1537823429499054,attacked,9105,0.9692,0.713134765625
0.3458575834536439,0.57171630859375,0.568359375,0.9537549522016767,0.9204152249134948,9000.0,b2fc58507877c5ccb6ec38c177be7ef478d04057ce3ff587e88d8f82d3d5361b,0.16663022375972408,robust_mnist_rotation_random_support,0.8851636674361563,ucpa_whole_only,192,0.4903996914157108,3.2661371037003386e-05,/mnt/data/fl_alltiers_audit/outputs/robust_mnist_rotation_random_support/robust_mnist_rotation_random_support__seed9105__20261005-165206__8552cafa,0.1545605474680677,attacked,9105,0.9692,0.7134602864583334
0.3036472074942149,0.57171630859375,0.568359375,0.9537549522016767,0.9204152249134948,3880.0,b2fc58507877c5ccb6ec38c177be7ef478d04057ce3ff587e88d8f82d3d5361b,0.16636018250167883,robust_mnist_rotation_random_support,0.8863278239055793,xfedalign_median,192,0.3430355565094268,0.2451067925487187,/mnt/data/fl_alltiers_audit/outputs/robust_mnist_rotation_random_support/robust_mnist_rotation_random_support__seed9105__20261005-165206__8552cafa,0.14602758021493722,attacked,9105,0.9692,0.7787272135416667
0.2350126823304013,0.574127197265625,0.558319091796875,0.9460458784114083,0.8960244648318043,3880.0,b2fc58507877c5ccb6ec38c177be7ef478d04057ce3ff587e88d8f82d3d5361b,0.15260673695823546,robust_mnist_rotation_random_support,0.876502858443564,cluster,192,0.27703709435526247,0.07955626740998997,/mnt/data/fl_alltiers_audit/outputs/robust_mnist_rotation_random_support/robust_mnist_rotation_random_support__seed9104__20261005-163707__f8b6e034,0.14411328183145103,clean,9104,0.9573,0.7636311848958333
0.17758408712243248,0.574127197265625,0.558319091796875,0.9460458784114083,0.8960244648318043,3880.0,b2fc58507877c5ccb6ec38c177be7ef478d04057ce3ff587e88d8f82d3d5361b,0.20158053565176792,robust_mnist_rotation_random_support,0.8525308326232031,fedattr_mean,192,0.0,1.590030229720148e-17,/mnt/data/fl_alltiers_audit/outputs/robust_mnist_rotation_random_support/robust_mnist_rotation_random_support__seed9104__20261005-163707__f8b6e034,0.28262304738125793,clean,9104,0.9573,0.5211181640625
0.2790760050950427,0.574127197265625,0.558319091796875,0.9460458784114083,0.8960244648318043,0.0,b2fc58507877c5ccb6ec38c177be7ef478d04057ce3ff587e88d8f82d3d5361b,0.15127550393954153,robust_mnist_rotation_random_support,0.8774845155632647,local,192,0.36799040672692157,0.23011139841205389,/mnt/data/fl_alltiers_audit/outputs/robust_mnist_rotation_random_support/robust_mnist_rotation_random_support__seed9104__20261005-163707__f8b6e034,0.12890974718791365,clean,9104,0.9573,0.8235270182291666
0.19827017745197836,0.574127197265625,0.558319091796875,0.9460458784114083,0.8960244648318043,3880.0,b2fc58507877c5ccb6ec38c177be7ef478d04057ce3ff587e88d8f82d3d5361b,0.17473233252821957,robust_mnist_rotation_random_support,0.8643017595536548,nc_sacpa,192,0.14245865679511271,0.007212629244266287,/mnt/data/fl_alltiers_audit/outputs/robust_mnist_rotation_random_support/robust_mnist_rotation_random_support__seed9104__20261005-163707__f8b6e034,0.2313187059734717,clean,9104,0.9573,0.5904134114583333
0.18167320221430716,0.574127197265625,0.558319091796875,0.9460458784114083,0.8960244648318043,3880.0,b2fc58507877c5ccb6ec38c177be7ef478d04057ce3ff587e88d8f82d3d5361b,0.16337543662108753,robust_mnist_rotation_random_support,0.8731616552709359,sacpa_global_count,192,0.06704191441625776,0.03522792623611297,/mnt/data/fl_alltiers_audit/outputs/robust_mnist_rotation_random_support/robust_mnist_rotation_random_support__seed9104__20261005-163707__f8b6e034,0.19646480956921364,clean,9104,0.9573,0.6429850260416667
0.27899901614280775,0.574127197265625,0.558319091796875,0.9460458784114083,0.8960244648318043,9000.0,b2fc58507877c5ccb6ec38c177be7ef478d04057ce3ff587e88d8f82d3d5361b,0.15469419230066705,robust_mnist_rotation_random_support,0.8743905683552535,ucpa,192,0.3678789559782536,1.2356326240922157e-05,/mnt/data/fl_alltiers_audit/outputs/robust_mnist_rotation_random_support/robust_mnist_rotation_random_support__seed9104__20261005-163707__f8b6e034,0.15005418730597012,clean,9104,0.9573,0.7388509114583334
0.269070444469969,0.574127197265625,0.558319091796875,0.9460458784114083,0.8960244648318043,9000.0,b2fc58507877c5ccb6ec38c177be7ef478d04057ce3ff587e88d8f82d3d5361b,0.15444430357420064,robust_mnist_rotation_random_support,0.8745531493659655,ucpa_coord_only,192,0.34784000715536484,0.013995602483963908,/mnt/data/fl_alltiers_audit/outputs/robust_mnist_rotation_random_support/robust_mnist_rotation_random_support__seed9104__20261005-163707__f8b6e034,0.14905774599561442,clean,9104,0.9573,0.736083984375
0.2786282247748587,0.574127197265625,0.558319091796875,0.9460458784114083,0.8960244648318043,9000.0,b2fc58507877c5ccb6ec38c177be7ef478d04057ce3ff587e88d8f82d3d5361b,0.15471849001696683,robust_mnist_rotation_random_support,0.874418771774314,ucpa_whole_only,192,0.3673589893511109,8.374607795640988e-05,/mnt/data/fl_alltiers_audit/outputs/robust_mnist_rotation_random_support/robust_mnist_rotation_random_support__seed9104__20261005-163707__f8b6e034,0.1500042626746892,clean,9104,0.9573,0.7389322916666667
0.24724645045471938,0.574127197265625,0.558319091796875,0.9460458784114083,0.8960244648318043,3880.0,b2fc58507877c5ccb6ec38c177be7ef478d04057ce3ff587e88d8f82d3d5361b,0.15299062222111387,robust_mnist_rotation_random_support,0.8776839034506945,xfedalign_median,192,0.24455169680754632,0.16089079835784564,/mnt/data/fl_alltiers_audit/outputs/robust_mnist_rotation_random_support/robust_mnist_rotation_random_support__seed9104__20261005-163707__f8b6e034,0.14422458727682275,clean,9104,0.9573,0.759765625
0.31189858372300294,0.574127197265625,0.558319091796875,0.9460458784114083,0.8960244648318043,3880.0,b2fc58507877c5ccb6ec38c177be7ef478d04057ce3ff587e88d8f82d3d5361b,0.15204751090035035,robust_mnist_rotation_random_support,0.875139542167138,cluster,192,0.39749757298089866,0.08816579604093194,/mnt/data/fl_alltiers_audit/outputs/robust_mnist_rotation_random_support/robust_mnist_rotation_random_support__seed9104__20261005-163707__f8b6e034,0.15259009502237372,attacked,9104,0.9573,0.7547607421875
0.22459779297693683,0.574127197265625,0.558319091796875,0.9460458784114083,0.8960244648318043,3880.0,b2fc58507877c5ccb6ec38c177be7ef478d04057ce3ff587e88d8f82d3d5361b,0.21438638580248154,robust_mnist_rotation_random_support,0.8239265271039207,fedattr_mean,192,0.0,1.4123536692089922e-17,/mnt/data/fl_alltiers_audit/outputs/robust_mnist_rotation_random_support/robust_mnist_rotation_random_support__seed9104__20261005-163707__f8b6e034,0.3234741860448026,attacked,9104,0.9573,0.47998046875
0.35206356694780644,0.574127197265625,0.558319091796875,0.9460458784114083,0.8960244648318043,0.0,b2fc58507877c5ccb6ec38c177be7ef478d04057ce3ff587e88d8f82d3d5361b,0.15127550393954153,robust_mnist_rotation_random_support,0.8774845155632647,local,192,0.48051964386269375,0.3056272486345847,/mnt/data/fl_alltiers_audit/outputs/robust_mnist_rotation_random_support/robust_mnist_rotation_random_support__seed9104__20261005-163707__f8b6e034,0.12890974718791365,attacked,9104,0.9573,0.8235270182291666
0.26467123542964427,0.574127197265625,0.558319091796875,0.9460458784114083,0.8960244648318043,3880.0,b2fc58507877c5ccb6ec38c177be7ef478d04057ce3ff587e88d8f82d3d5361b,0.18204715369380817,robust_mnist_rotation_random_support,0.8440259547121363,nc_sacpa,192,0.27761429840509216,0.007640689476531599,/mnt/data/fl_alltiers_audit/outputs/robust_mnist_rotation_random_support/robust_mnist_rotation_random_support__seed9104__20261005-163707__f8b6e034,0.2620532403815919,attacked,9104,0.9573,0.5277099609375
0.24207045475630354,0.574127197265625,0.558319091796875,0.9460458784114083,0.8960244648318043,3880.0,b2fc58507877c5ccb6ec38c177be7ef478d04057ce3ff587e88d8f82d3d5361b,0.16615566829714226,robust_mnist_rotation_random_support,0.8691914353097673,sacpa_global_count,192,0.13085776583073577,0.03940685532429573,/mnt/data/fl_alltiers_audit/outputs/robust_mnist_rotation_random_support/robust_mnist_rotation_random_support__seed9104__20261005-163707__f8b6e034,0.21682468645883107,attacked,9104,0.9573,0.6116943359375
0.35202020422158864,0.574127197265625,0.558319091796875,0.9460458784114083,0.8960244648318043,9000.0,b2fc58507877c5ccb6ec38c177be7ef478d04057ce3ff587e88d8f82d3d5361b,0.15510790271461397,robust_mnist_rotation_random_support,0.8728734543886578,ucpa,192,0.48046866966730445,6.554784280907778e-06,/mnt/data/fl_alltiers_audit/outputs/robust_mnist_rotation_random_support/robust_mnist_rotation_random_support__seed9104__20261005-163707__f8b6e034,0.1558239903197492,attacked,9104,0.9573,0.7161458333333334
0.3453256243550521,0.574127197265625,0.558319091796875,0.9460458784114083,0.8960244648318043,9000.0,b2fc58507877c5ccb6ec38c177be7ef478d04057ce3ff587e88d8f82d3d5361b,0.1551739638656727,robust_mnist_rotation_random_support,0.8729827079174963,ucpa_coord_only,192,0.4692466427478886,0.009090524899950074,/mnt/data/fl_alltiers_audit/outputs/robust_mnist_rotation_random_support/robust_mnist_rotation_random_support__seed9104__20261005-163707__f8b6e034,0.15520606215460686,attacked,9104,0.9573,0.7156168619791667
0.3517359549862047,0.574127197265625,0.558319091796875,0.9460458784114083,0.8960244648318043,9000.0,b2fc58507877c5ccb6ec38c177be7ef478d04057ce3ff587e88d8f82d3d5361b,0.15513006285448985,robust_mnist_rotation_random_support,0.8728656759272174,ucpa_whole_only,192,0.4801406219979062,6.265126883763073e-05,/mnt/data/fl_alltiers_audit/outputs/robust_mnist_rotation_random_support/robust_mnist_rotation_random_support__seed9104__20261005-163707__f8b6e034,0.15578276367552485,attacked,9104,0.9573,0.7161865234375
0.31227604103319173,0.574127197265625,0.558319091796875,0.9460458784114083,0.8960244648318043,3880.0,b2fc58507877c5ccb6ec38c177be7ef478d04057ce3ff587e88d8f82d3d5361b,0.15383815017800467,robust_mnist_rotation_random_support,0.8763634380668617,xfedalign_median,192,0.3346992518988369,0.23784387594203069,/mnt/data/fl_alltiers_audit/outputs/robust_mnist_rotation_random_support/robust_mnist_rotation_random_support__seed9104__20261005-163707__f8b6e034,0.148067107044554,attacked,9104,0.9573,0.7646484375
0.22526543902812984,0.5418701171875,0.534393310546875,0.9546287084885665,0.9027777777777778,3880.0,b2fc58507877c5ccb6ec38c177be7ef478d04057ce3ff587e88d8f82d3d5361b,0.16189955483317436,robust_mnist_rotation_random_support,0.8981354729334271,cluster,192,0.2835291716520836,0.08220818923395966,/mnt/data/fl_alltiers_audit/outputs/robust_mnist_rotation_random_support/robust_mnist_rotation_random_support__seed9102__20261005-160813__0800d4d2,0.13763863636916593,clean,9102,0.9725,0.7654622395833334
0.15266164072228275,0.5418701171875,0.534393310546875,0.9546287084885665,0.9027777777777778,3880.0,b2fc58507877c5ccb6ec38c177be7ef478d04057ce3ff587e88d8f82d3d5361b,0.21125415004905035,robust_mnist_rotation_random_support,0.8687237994108727,fedattr_mean,192,0.0,1.976755699931275e-17,/mnt/data/fl_alltiers_audit/outputs/robust_mnist_rotation_random_support/robust_mnist_rotation_random_support__seed9102__20261005-160813__0800d4d2,0.2739394153697019,clean,9102,0.9725,0.5348714192708334
0.2705430676057753,0.5418701171875,0.534393310546875,0.9546287084885665,0.9027777777777778,0.0,b2fc58507877c5ccb6ec38c177be7ef478d04057ce3ff587e88d8f82d3d5361b,0.16014369611348228,robust_mnist_rotation_random_support,0.8984286420036369,local,192,0.3846317580937864,0.23540308225957074,/mnt/data/fl_alltiers_audit/outputs/robust_mnist_rotation_random_support/robust_mnist_rotation_random_support__seed9102__20261005-160813__0800d4d2,0.12114774844123295,clean,9102,0.9725,0.8388671875
0.18265152649277033,0.5418701171875,0.534393310546875,0.9546287084885665,0.9027777777777778,3880.0,b2fc58507877c5ccb6ec38c177be7ef478d04057ce3ff587e88d8f82d3d5361b,0.17948998675239336,robust_mnist_rotation_random_support,0.885942207287735,nc_sacpa,192,0.15373214881400343,0.007516793233940449,/mnt/data/fl_alltiers_audit/outputs/robust_mnist_rotation_random_support/robust_mnist_rotation_random_support__seed9102__20261005-160813__0800d4d2,0.22553855238857698,clean,9102,0.9725,0.6001383463541666
0.1609298719799706,0.5418701171875,0.534393310546875,0.9546287084885665,0.9027777777777778,3880.0,b2fc58507877c5ccb6ec38c177be7ef478d04057ce3ff587e88d8f82d3d5361b,0.17208303236283579,robust_mnist_rotation_random_support,0.8912408859173107,sacpa_global_count,192,0.07179764815503277,0.036676906736102945,/mnt/data/fl_alltiers_audit/outputs/robust_mnist_rotation_random_support/robust_mnist_rotation_random_support__seed9102__20261005-160813__0800d4d2,0.19293379317091403,clean,9102,0.9725,0.6566569010416666
0.27045293562573713,0.5418701171875,0.534393310546875,0.9546287084885665,0.9027777777777778,9000.0,b2fc58507877c5ccb6ec38c177be7ef478d04057ce3ff587e88d8f82d3d5361b,0.1620221195597272,robust_mnist_rotation_random_support,0.895690748135227,ucpa,192,0.3845317104927312,1.2776250680329101e-05,/mnt/data/fl_alltiers_audit/outputs/robust_mnist_rotation_random_support/robust_mnist_rotation_random_support__seed9102__20261005-160813__0800d4d2,0.1423181465401139,clean,9102,0.9725,0.7451578776041667
0.25881404138614383,0.5418701171875,0.534393310546875,0.9546287084885665,0.9027777777777778,9000.0,b2fc58507877c5ccb6ec38c177be7ef478d04057ce3ff587e88d8f82d3d5361b,0.16225667844370645,robust_mnist_rotation_random_support,0.8961582843994014,ucpa_coord_only,192,0.36213090693618893,0.01695191440023966,/mnt/data/fl_alltiers_audit/outputs/robust_mnist_rotation_random_support/robust_mnist_rotation_random_support__seed9102__20261005-160813__0800d4d2,0.14135936997708545,clean,9102,0.9725,0.740234375
0.2699912375137446,0.5418701171875,0.534393310546875,0.9546287084885665,0.9027777777777778,9000.0,b2fc58507877c5ccb6ec38c177be7ef478d04057ce3ff587e88d8f82d3d5361b,0.16204888383948252,robust_mnist_rotation_random_support,0.8956292380025237,ucpa_whole_only,192,0.38402137508910295,9.860840671599071e-05,/mnt/data/fl_alltiers_audit/outputs/robust_mnist_rotation_random_support/robust_mnist_rotation_random_support__seed9102__20261005-160813__0800d4d2,0.14226962499760498,clean,9102,0.9725,0.7448323567708333
0.2369050677457316,0.5418701171875,0.534393310546875,0.9546287084885665,0.9027777777777778,3880.0,b2fc58507877c5ccb6ec38c177be7ef478d04057ce3ff587e88d8f82d3d5361b,0.16246770774378091,robust_mnist_rotation_random_support,0.89811845524758,xfedalign_median,192,0.2551642158396884,0.16480440934213927,/mnt/data/fl_alltiers_audit/outputs/robust_mnist_rotation_random_support/robust_mnist_rotation_random_support__seed9102__20261005-160813__0800d4d2,0.1364737637541962,clean,9102,0.9725,0.7694905598958334
0.2999806691558791,0.5418701171875,0.534393310546875,0.9546287084885665,0.9027777777777778,3880.0,b2fc58507877c5ccb6ec38c177be7ef478d04057ce3ff587e88d8f82d3d5361b,0.16550022152108188,robust_mnist_rotation_random_support,0.8979364401418328,cluster,192,0.4000471695731668,0.09196113510828502,/mnt/data/fl_alltiers_audit/outputs/robust_mnist_rotation_random_support/robust_mnist_rotation_random_support__seed9102__20261005-160813__0800d4d2,0.1444353999369219,attacked,9102,0.9725,0.7589518229166667
0.20101818248283587,0.5418701171875,0.534393310546875,0.9546287084885665,0.9027777777777778,3880.0,b2fc58507877c5ccb6ec38c177be7ef478d04057ce3ff587e88d8f82d3d5361b,0.22706906301236057,robust_mnist_rotation_random_support,0.8418173526217289,fedattr_mean,192,0.0,8.626139817906639e-18,/mnt/data/fl_alltiers_audit/outputs/robust_mnist_rotation_random_support/robust_mnist_rotation_random_support__seed9102__20261005-160813__0800d4d2,0.3203938796329553,attacked,9102,0.9725,0.49149576822916663
0.3459655684227163,0.5418701171875,0.534393310546875,0.9546287084885665,0.9027777777777778,0.0,b2fc58507877c5ccb6ec38c177be7ef478d04057ce3ff587e88d8f82d3d5361b,0.16014369611348228,robust_mnist_rotation_random_support,0.8984286420036369,local,192,0.4936879077312816,0.31341358948895126,/mnt/data/fl_alltiers_audit/outputs/robust_mnist_rotation_random_support/robust_mnist_rotation_random_support__seed9102__20261005-160813__0800d4d2,0.12114774844123295,attacked,9102,0.9725,0.8388671875
0.25698709951449716,0.5418701171875,0.534393310546875,0.9546287084885665,0.9027777777777778,3880.0,b2fc58507877c5ccb6ec38c177be7ef478d04057ce3ff587e88d8f82d3d5361b,0.19963421495085643,robust_mnist_rotation_random_support,0.8703718611815323,nc_sacpa,192,0.2891840969220902,0.008004743498620683,/mnt/data/fl_alltiers_audit/outputs/robust_mnist_rotation_random_support/robust_mnist_rotation_random_support__seed9102__20261005-160813__0800d4d2,0.2633582784301049,attacked,9102,0.9725,0.5264892578125
0.21439959191858776,0.5418701171875,0.534393310546875,0.9546287084885665,0.9027777777777778,3880.0,b2fc58507877c5ccb6ec38c177be7ef478d04057ce3ff587e88d8f82d3d5361b,0.1737753857905394,robust_mnist_rotation_random_support,0.8892001235013596,sacpa_global_count,192,0.13289026957003303,0.04017004434966087,/mnt/data/fl_alltiers_audit/outputs/robust_mnist_rotation_random_support/robust_mnist_rotation_random_support__seed9102__20261005-160813__0800d4d2,0.20828893164642875,attacked,9102,0.9725,0.6331380208333333
0.34592601494756925,0.5418701171875,0.534393310546875,0.9546287084885665,0.9027777777777778,9000.0,b2fc58507877c5ccb6ec38c177be7ef478d04057ce3ff587e88d8f82d3d5361b,0.16621190992521712,robust_mnist_rotation_random_support,0.8962789083553919,ucpa,192,0.4936522583593252,5.331893656113473e-06,/mnt/data/fl_alltiers_audit/outputs/robust_mnist_rotation_random_support/robust_mnist_rotation_random_support__seed9102__20261005-160813__0800d4d2,0.14847719774607357,attacked,9102,0.9725,0.7237548828125
0.3387093979763659,0.5418701171875,0.534393310546875,0.9546287084885665,0.9027777777777778,9000.0,b2fc58507877c5ccb6ec38c177be7ef478d04057ce3ff587e88d8f82d3d5361b,0.1660404059349882,robust_mnist_rotation_random_support,0.8964753077908123,ucpa_coord_only,192,0.4808119526601159,0.011446775197644796,/mnt/data/fl_alltiers_audit/outputs/robust_mnist_rotation_random_support/robust_mnist_rotation_random_support__seed9102__20261005-160813__0800d4d2,0.14776865116682344,attacked,9102,0.9725,0.7220052083333333
0.34564922676563814,0.5418701171875,0.534393310546875,0.9546287084885665,0.9027777777777778,9000.0,b2fc58507877c5ccb6ec38c177be7ef478d04057ce3ff587e88d8f82d3d5361b,0.16622709337561903,robust_mnist_rotation_random_support,0.8962647086353173,ucpa_whole_only,192,0.4934256262303497,5.3592152518587174e-05,/mnt/data/fl_alltiers_audit/outputs/robust_mnist_rotation_random_support/robust_mnist_rotation_random_support__seed9102__20261005-160813__0800d4d2,0.1484491110538775,attacked,9102,0.9725,0.7235921223958334
0.29846175504296585,0.5418701171875,0.534393310546875,0.9546287084885665,0.9027777777777778,3880.0,b2fc58507877c5ccb6ec38c177be7ef478d04057ce3ff587e88d8f82d3d5361b,0.16199725920729788,robust_mnist_rotation_random_support,0.8971133544796127,xfedalign_median,192,0.34319729815160416,0.23925664123841403,/mnt/data/fl_alltiers_audit/outputs/robust_mnist_rotation_random_support/robust_mnist_rotation_random_support__seed9102__20261005-160813__0800d4d2,0.139312554941509,attacked,9102,0.9725,0.781982421875
0.23965454650601753,0.57257080078125,0.54339599609375,0.9595234691839127,0.9008620689655172,3880.0,b2fc58507877c5ccb6ec38c177be7ef478d04057ce3ff587e88d8f82d3d5361b,0.15665923206759846,robust_mnist_rotation_random_support,0.8856528068274505,cluster,192,0.2803325322068978,0.08326586454490997,/mnt/data/fl_alltiers_audit/outputs/robust_mnist_rotation_random_support/robust_mnist_rotation_random_support__seed9101__20261005-155342__a55a13eb,0.14354613821148668,clean,9101,0.9492,0.764404296875
0.17731416798514474,0.57257080078125,0.54339599609375,0.9595234691839127,0.9008620689655172,3880.0,b2fc58507877c5ccb6ec38c177be7ef478d04057ce3ff587e88d8f82d3d5361b,0.22245094042860103,robust_mnist_rotation_random_support,0.8483556108607444,fedattr_mean,192,0.0,1.242008085290753e-17,/mnt/data/fl_alltiers_audit/outputs/robust_mnist_rotation_random_support/robust_mnist_rotation_random_support__seed9101__20261005-155342__a55a13eb,0.28669288457643316,clean,9101,0.9492,0.5159098307291667
0.282023306101716,0.57257080078125,0.54339599609375,0.9595234691839127,0.9008620689655172,0.0,b2fc58507877c5ccb6ec38c177be7ef478d04057ce3ff587e88d8f82d3d5361b,0.15462432798203735,robust_mnist_rotation_random_support,0.8871253028477895,local,192,0.3717410209434218,0.23912189832121417,/mnt/data/fl_alltiers_audit/outputs/robust_mnist_rotation_random_support/robust_mnist_rotation_random_support__seed9101__20261005-155342__a55a13eb,0.12852375732574475,clean,9101,0.9492,0.8314615885416667
0.19610506633200392,0.57257080078125,0.54339599609375,0.9595234691839127,0.9008620689655172,3880.0,b2fc58507877c5ccb6ec38c177be7ef478d04057ce3ff587e88d8f82d3d5361b,0.18030410483637146,robust_mnist_rotation_random_support,0.8699075487968002,nc_sacpa,192,0.14870041972133977,0.007385614076657452,/mnt/data/fl_alltiers_audit/outputs/robust_mnist_rotation_random_support/robust_mnist_rotation_random_support__seed9101__20261005-155342__a55a13eb,0.23079624439835075,clean,9101,0.9492,0.590576171875
0.18353445801584253,0.57257080078125,0.54339599609375,0.9595234691839127,0.9008620689655172,3880.0,b2fc58507877c5ccb6ec38c177be7ef478d04057ce3ff587e88d8f82d3d5361b,0.17396372648123964,robust_mnist_rotation_random_support,0.8751046613819805,sacpa_global_count,192,0.07126666790557264,0.03735448233966695,/mnt/data/fl_alltiers_audit/outputs/robust_mnist_rotation_random_support/robust_mnist_rotation_random_support__seed9101__20261005-155342__a55a13eb,0.20294825928946159,clean,9101,0.9492,0.6350504557291666
0.2819442215475232,0.57257080078125,0.54339599609375,0.9595234691839127,0.9008620689655172,9000.0,b2fc58507877c5ccb6ec38c177be7ef478d04057ce3ff587e88d8f82d3d5361b,0.15949346102091416,robust_mnist_rotation_random_support,0.8840987719089906,ucpa,192,0.3715488432865659,2.1620522454190248e-05,/mnt/data/fl_alltiers_audit/outputs/robust_mnist_rotation_random_support/robust_mnist_rotation_random_support__seed9101__20261005-155342__a55a13eb,0.14963664555586625,clean,9101,0.9492,0.7385660807291667
0.27261594632673136,0.57257080078125,0.54339599609375,0.9595234691839127,0.9008620689655172,9000.0,b2fc58507877c5ccb6ec38c177be7ef478d04057ce3ff587e88d8f82d3d5361b,0.15956074436344353,robust_mnist_rotation_random_support,0.8843312187022851,ucpa_coord_only,192,0.35119080764682714,0.013219391063651963,/mnt/data/fl_alltiers_audit/outputs/robust_mnist_rotation_random_support/robust_mnist_rotation_random_support__seed9101__20261005-155342__a55a13eb,0.1485926336062996,clean,9101,0.9492,0.7349853515625
0.28158275974912306,0.57257080078125,0.54339599609375,0.9595234691839127,0.9008620689655172,9000.0,b2fc58507877c5ccb6ec38c177be7ef478d04057ce3ff587e88d8f82d3d5361b,0.15941735216735348,robust_mnist_rotation_random_support,0.8841856515227997,ucpa_whole_only,192,0.3710511664163586,9.10984072933688e-05,/mnt/data/fl_alltiers_audit/outputs/robust_mnist_rotation_random_support/robust_mnist_rotation_random_support__seed9101__20261005-155342__a55a13eb,0.1495748019625483,clean,9101,0.9492,0.7383219401041667
0.25151925056759783,0.57257080078125,0.54339599609375,0.9595234691839127,0.9008620689655172,3880.0,b2fc58507877c5ccb6ec38c177be7ef478d04057ce3ff587e88d8f82d3d5361b,0.1583510742414243,robust_mnist_rotation_random_support,0.8851320243678855,xfedalign_median,192,0.2516741447313263,0.18022814062851333,/mnt/data/fl_alltiers_audit/outputs/robust_mnist_rotation_random_support/robust_mnist_rotation_random_support__seed9101__20261005-155342__a55a13eb,0.14592968838009002,clean,9101,0.9492,0.7637532552083333
0.31188323145860075,0.57257080078125,0.54339599609375,0.9595234691839127,0.9008620689655172,3880.0,b2fc58507877c5ccb6ec38c177be7ef478d04057ce3ff587e88d8f82d3d5361b,0.1578570386943587,robust_mnist_rotation_random_support,0.8849825372832281,cluster,192,0.40139047667303385,0.10151078915507457,/mnt/data/fl_alltiers_audit/outputs/robust_mnist_rotation_random_support/robust_mnist_rotation_random_support__seed9101__20261005-155342__a55a13eb,0.1517265867397662,attacked,9101,0.9492,0.760498046875
0.24215403936112473,0.57257080078125,0.54339599609375,0.9595234691839127,0.9008620689655172,3880.0,b2fc58507877c5ccb6ec38c177be7ef478d04057ce3ff587e88d8f82d3d5361b,0.24413757321566815,robust_mnist_rotation_random_support,0.7990471987846225,fedattr_mean,192,0.0,8.498146268257168e-18,/mnt/data/fl_alltiers_audit/outputs/robust_mnist_rotation_random_support/robust_mnist_rotation_random_support__seed9101__20261005-155342__a55a13eb,0.3452145394875268,attacked,9101,0.9492,0.452392578125
0.3553574770590584,0.57257080078125,0.54339599609375,0.9595234691839127,0.9008620689655172,0.0,b2fc58507877c5ccb6ec38c177be7ef478d04057ce3ff587e88d8f82d3d5361b,0.15462432798203735,robust_mnist_rotation_random_support,0.8871253028477895,local,192,0.49693369846739327,0.325611684457528,/mnt/data/fl_alltiers_audit/outputs/robust_mnist_rotation_random_support/robust_mnist_rotation_random_support__seed9101__20261005-155342__a55a13eb,0.12852375732574475,attacked,9101,0.9492,0.8314615885416667
0.2699091090772565,0.57257080078125,0.54339599609375,0.9595234691839127,0.9008620689655172,3880.0,b2fc58507877c5ccb6ec38c177be7ef478d04057ce3ff587e88d8f82d3d5361b,0.19551458347971978,robust_mnist_rotation_random_support,0.8529340215341412,nc_sacpa,192,0.2916900091281925,0.008070495837002692,/mnt/data/fl_alltiers_audit/outputs/robust_mnist_rotation_random_support/robust_mnist_rotation_random_support__seed9101__20261005-155342__a55a13eb,0.2643338471949038,attacked,9101,0.9492,0.5276692708333333
0.24127487278893175,0.57257080078125,0.54339599609375,0.9595234691839127,0.9008620689655172,3880.0,b2fc58507877c5ccb6ec38c177be7ef478d04057ce3ff587e88d8f82d3d5361b,0.17671801966752507,robust_mnist_rotation_random_support,0.8701734642767937,sacpa_global_count,192,0.14185626357682068,0.04153124678795279,/mnt/data/fl_alltiers_audit/outputs/robust_mnist_rotation_random_support/robust_mnist_rotation_random_support__seed9101__20261005-155342__a55a13eb,0.2199463052199642,attacked,9101,0.9492,0.6104329427083333
0.35533139652939694,0.57257080078125,0.54339599609375,0.9595234691839127,0.9008620689655172,9000.0,b2fc58507877c5ccb6ec38c177be7ef478d04057ce3ff587e88d8f82d3d5361b,0.16081368865591988,robust_mnist_rotation_random_support,0.8842536277505284,ucpa,192,0.49689615068144827,4.402959397050462e-06,/mnt/data/fl_alltiers_audit/outputs/robust_mnist_rotation_random_support/robust_mnist_rotation_random_support__seed9101__20261005-155342__a55a13eb,0.1558402536364062,attacked,9101,0.9492,0.7195638020833334
0.3492156930731881,0.57257080078125,0.54339599609375,0.9595234691839127,0.9008620689655172,9000.0,b2fc58507877c5ccb6ec38c177be7ef478d04057ce3ff587e88d8f82d3d5361b,0.16074564116734108,robust_mnist_rotation_random_support,0.8842921421224825,ucpa_coord_only,192,0.48626316351832,0.008189564477811138,/mnt/data/fl_alltiers_audit/outputs/robust_mnist_rotation_random_support/robust_mnist_rotation_random_support__seed9101__20261005-155342__a55a13eb,0.1551733908288533,attacked,9101,0.9492,0.7176513671875
0.3551765884981022,0.57257080078125,0.54339599609375,0.9595234691839127,0.9008620689655172,9000.0,b2fc58507877c5ccb6ec38c177be7ef478d04057ce3ff587e88d8f82d3d5361b,0.1608173191380653,robust_mnist_rotation_random_support,0.8843364391688283,ucpa_whole_only,192,0.49673988725181584,2.6864659254468228e-05,/mnt/data/fl_alltiers_audit/outputs/robust_mnist_rotation_random_support/robust_mnist_rotation_random_support__seed9101__20261005-155342__a55a13eb,0.1558171445666739,attacked,9101,0.9492,0.7194010416666667
0.3167499636854521,0.57257080078125,0.54339599609375,0.9595234691839127,0.9008620689655172,3880.0,b2fc58507877c5ccb6ec38c177be7ef478d04057ce3ff587e88d8f82d3d5361b,0.15835668522971294,robust_mnist_rotation_random_support,0.8855597926484128,xfedalign_median,192,0.3521386567791764,0.26501511345985534,/mnt/data/fl_alltiers_audit/outputs/robust_mnist_rotation_random_support/robust_mnist_rotation_random_support__seed9101__20261005-155342__a55a13eb,0.14998896892919894,attacked,9101,0.9492,0.7736002604166667
0.22857245675667454,0.576507568359375,0.547821044921875,0.828380349165156,0.4882747068676717,3880.0,b5d17019a6036aa3bed496fd9a6f820f34dac9a522e8c7ea998ea8a26adfa3b5,0.13088744847118505,stress_mnist_rotation_partial_task_participation,0.7407350987123209,cluster,192,0.28052228528633333,0.07910526109925241,/mnt/data/fl_alltiers_audit/outputs/stress_mnist_rotation_partial_task_participation/stress_mnist_rotation_partial_task_participation__seed9104__20261005-103158__3a5a28a1,0.13737637580966625,clean,9104,0.8385,0.76220703125
0.1552790845450818,0.576507568359375,0.547821044921875,0.828380349165156,0.4882747068676717,3880.0,b5d17019a6036aa3bed496fd9a6f820f34dac9a522e8c7ea998ea8a26adfa3b5,0.15807516459414428,stress_mnist_rotation_partial_task_participation,0.721934330281753,fedattr_mean,192,0.0,2.120634673160118e-17,/mnt/data/fl_alltiers_audit/outputs/stress_mnist_rotation_partial_task_participation/stress_mnist_rotation_partial_task_participation__seed9104__20261005-103158__3a5a28a1,0.26582602988407555,clean,9104,0.8385,0.541259765625
0.27563164037272814,0.576507568359375,0.547821044921875,0.828380349165156,0.4882747068676717,0.0,b5d17019a6036aa3bed496fd9a6f820f34dac9a522e8c7ea998ea8a26adfa3b5,0.12986663460493825,stress_mnist_rotation_partial_task_participation,0.7415104556734149,local,192,0.377478706719904,0.22674063983497292,/mnt/data/fl_alltiers_audit/outputs/stress_mnist_rotation_partial_task_participation/stress_mnist_rotation_partial_task_participation__seed9104__20261005-103158__3a5a28a1,0.12288375217538793,clean,9104,0.8385,0.82373046875
0.1898662935477426,0.576507568359375,0.547821044921875,0.828380349165156,0.4882747068676717,3880.0,b5d17019a6036aa3bed496fd9a6f820f34dac9a522e8c7ea998ea8a26adfa3b5,0.14246146686928113,stress_mnist_rotation_partial_task_participation,0.7308224823920683,nc_sacpa,192,0.14817629433073556,0.007020305290523827,/mnt/data/fl_alltiers_audit/outputs/stress_mnist_rotation_partial_task_participation/stress_mnist_rotation_partial_task_participation__seed9104__20261005-103158__3a5a28a1,0.22402235230022083,clean,9104,0.8385,0.590576171875
0.1622450721259721,0.576507568359375,0.547821044921875,0.828380349165156,0.4882747068676717,3880.0,b5d17019a6036aa3bed496fd9a6f820f34dac9a522e8c7ea998ea8a26adfa3b5,0.1336727481650693,stress_mnist_rotation_partial_task_participation,0.739151727135201,sacpa_global_count,192,0.06970173391377564,0.03345663091092609,/mnt/data/fl_alltiers_audit/outputs/stress_mnist_rotation_partial_task_participation/stress_mnist_rotation_partial_task_participation__seed9104__20261005-103158__3a5a28a1,0.18316598837623468,clean,9104,0.8385,0.6602783203125
0.2755631970285788,0.576507568359375,0.547821044921875,0.828380349165156,0.4882747068676717,9000.0,b5d17019a6036aa3bed496fd9a6f820f34dac9a522e8c7ea998ea8a26adfa3b5,0.1321131329027897,stress_mnist_rotation_partial_task_participation,0.7382611828759156,ucpa,192,0.3773851455155771,1.0690476061412082e-05,/mnt/data/fl_alltiers_audit/outputs/stress_mnist_rotation_partial_task_participation/stress_mnist_rotation_partial_task_participation__seed9104__20261005-103158__3a5a28a1,0.14375324601714837,clean,9104,0.8385,0.7350667317708334
0.2662952227579228,0.576507568359375,0.547821044921875,0.828380349165156,0.4882747068676717,9000.0,b5d17019a6036aa3bed496fd9a6f820f34dac9a522e8c7ea998ea8a26adfa3b5,0.13203267253168938,stress_mnist_rotation_partial_task_participation,0.7388079482785543,ucpa_coord_only,192,0.35879054485630396,0.012830173670737294,/mnt/data/fl_alltiers_audit/outputs/stress_mnist_rotation_partial_task_participation/stress_mnist_rotation_partial_task_participation__seed9104__20261005-103158__3a5a28a1,0.14284716218721688,clean,9104,0.8385,0.7333577473958334
0.2752250289345374,0.576507568359375,0.547821044921875,0.828380349165156,0.4882747068676717,9000.0,b5d17019a6036aa3bed496fd9a6f820f34dac9a522e8c7ea998ea8a26adfa3b5,0.13213087297893558,stress_mnist_rotation_partial_task_participation,0.7383344666974154,ucpa_whole_only,192,0.37692711776329296,7.888893712395748e-05,/mnt/data/fl_alltiers_audit/outputs/stress_mnist_rotation_partial_task_participation/stress_mnist_rotation_partial_task_participation__seed9104__20261005-103158__3a5a28a1,0.14370223436197754,clean,9104,0.8385,0.7350260416666666
0.23879733013116988,0.576507568359375,0.547821044921875,0.828380349165156,0.4882747068676717,3880.0,b5d17019a6036aa3bed496fd9a6f820f34dac9a522e8c7ea998ea8a26adfa3b5,0.131300502797482,stress_mnist_rotation_partial_task_participation,0.7432452901703073,xfedalign_median,192,0.2483732408318589,0.16463070293943902,/mnt/data/fl_alltiers_audit/outputs/stress_mnist_rotation_partial_task_participation/stress_mnist_rotation_partial_task_participation__seed9104__20261005-103158__3a5a28a1,0.13699436243125518,clean,9104,0.8385,0.75146484375
0.23755293945433445,0.55615234375,0.582275390625,0.9424848624037994,0.8755916159567275,3880.0,b5d17019a6036aa3bed496fd9a6f820f34dac9a522e8c7ea998ea8a26adfa3b5,0.1643992068132017,stress_mnist_rotation_partial_task_participation,0.8860854026067804,cluster,192,0.2814680287131872,0.09483318604279808,/mnt/data/fl_alltiers_audit/outputs/stress_mnist_rotation_partial_task_participation/stress_mnist_rotation_partial_task_participation__seed9105__20261005-104219__9904933b,0.13861757075097353,clean,9105,0.9302,0.7777913411458334
0.1775585585144568,0.55615234375,0.582275390625,0.9424848624037994,0.8755916159567275,3880.0,b5d17019a6036aa3bed496fd9a6f820f34dac9a522e8c7ea998ea8a26adfa3b5,0.22814576684426507,stress_mnist_rotation_partial_task_participation,0.8465781066383555,fedattr_mean,192,0.0,1.601506420671896e-17,/mnt/data/fl_alltiers_audit/outputs/stress_mnist_rotation_partial_task_participation/stress_mnist_rotation_partial_task_participation__seed9105__20261005-104219__9904933b,0.28083077017111624,clean,9105,0.9302,0.5328776041666666
0.2824120452080681,0.55615234375,0.582275390625,0.9424848624037994,0.8755916159567275,0.0,b5d17019a6036aa3bed496fd9a6f820f34dac9a522e8c7ea998ea8a26adfa3b5,0.16288645103365224,stress_mnist_rotation_partial_task_participation,0.8874865718637163,local,192,0.38875467892712623,0.24303088717681925,/mnt/data/fl_alltiers_audit/outputs/stress_mnist_rotation_partial_task_participation/stress_mnist_rotation_partial_task_participation__seed9105__20261005-104219__9904933b,0.12198984802085397,clean,9105,0.9302,0.8406982421875
0.19409327616811023,0.55615234375,0.582275390625,0.9424848624037994,0.8755916159567275,3880.0,b5d17019a6036aa3bed496fd9a6f820f34dac9a522e8c7ea998ea8a26adfa3b5,0.18177404812546835,stress_mnist_rotation_partial_task_participation,0.8717472942315377,nc_sacpa,192,0.15995372504396838,0.007842174971907083,/mnt/data/fl_alltiers_audit/outputs/stress_mnist_rotation_partial_task_participation/stress_mnist_rotation_partial_task_participation__seed9105__20261005-104219__9904933b,0.22588081044686337,clean,9105,0.9302,0.6059163411458334
0.19189395081332095,0.55615234375,0.582275390625,0.9424848624037994,0.8755916159567275,3880.0,b5d17019a6036aa3bed496fd9a6f820f34dac9a522e8c7ea998ea8a26adfa3b5,0.1785043406819265,stress_mnist_rotation_partial_task_participation,0.8805644605770644,sacpa_global_count,192,0.07486947478148895,0.03956137633581077,/mnt/data/fl_alltiers_audit/outputs/stress_mnist_rotation_partial_task_participation/stress_mnist_rotation_partial_task_participation__seed9105__20261005-104219__9904933b,0.20050872409976772,clean,9105,0.9302,0.6466471354166667
0.2823581590564314,0.55615234375,0.582275390625,0.9424848624037994,0.8755916159567275,9000.0,b5d17019a6036aa3bed496fd9a6f820f34dac9a522e8c7ea998ea8a26adfa3b5,0.1662575625118431,stress_mnist_rotation_partial_task_participation,0.8860841837825774,ucpa,192,0.38867836095530656,8.157015651611946e-06,/mnt/data/fl_alltiers_audit/outputs/stress_mnist_rotation_partial_task_participation/stress_mnist_rotation_partial_task_participation__seed9105__20261005-104219__9904933b,0.14181755112653477,clean,9105,0.9302,0.7478434244791667
0.27204791200830963,0.55615234375,0.582275390625,0.9424848624037994,0.8755916159567275,9000.0,b5d17019a6036aa3bed496fd9a6f820f34dac9a522e8c7ea998ea8a26adfa3b5,0.16648759441213767,stress_mnist_rotation_partial_task_participation,0.8864327348711716,ucpa_coord_only,192,0.36770932737195205,0.015632843802311936,/mnt/data/fl_alltiers_audit/outputs/stress_mnist_rotation_partial_task_participation/stress_mnist_rotation_partial_task_participation__seed9105__20261005-104219__9904933b,0.1411956628814041,clean,9105,0.9302,0.7430419921875
0.2820252310674715,0.55615234375,0.582275390625,0.9424848624037994,0.8755916159567275,9000.0,b5d17019a6036aa3bed496fd9a6f820f34dac9a522e8c7ea998ea8a26adfa3b5,0.16625445751293835,stress_mnist_rotation_partial_task_participation,0.8862010749985985,ucpa_whole_only,192,0.38825353815931374,6.790261762594601e-05,/mnt/data/fl_alltiers_audit/outputs/stress_mnist_rotation_partial_task_participation/stress_mnist_rotation_partial_task_participation__seed9105__20261005-104219__9904933b,0.1417483267224178,clean,9105,0.9302,0.7476399739583333
0.2519130508495009,0.55615234375,0.582275390625,0.9424848624037994,0.8755916159567275,3880.0,b5d17019a6036aa3bed496fd9a6f820f34dac9a522e8c7ea998ea8a26adfa3b5,0.16532763589745325,stress_mnist_rotation_partial_task_participation,0.8876146446266213,xfedalign_median,192,0.2621729508876902,0.18591853826676155,/mnt/data/fl_alltiers_audit/outputs/stress_mnist_rotation_partial_task_participation/stress_mnist_rotation_partial_task_participation__seed9105__20261005-104219__9904933b,0.13865109159191957,clean,9105,0.9302,0.769775390625
0.22639881287751726,0.5400390625,0.534423828125,0.8591995763456419,0.5806451612903226,3880.0,b5d17019a6036aa3bed496fd9a6f820f34dac9a522e8c7ea998ea8a26adfa3b5,0.14755715832046312,stress_mnist_rotation_partial_task_participation,0.8209240259704529,cluster,192,0.28852895001427276,0.07856997803629533,/mnt/data/fl_alltiers_audit/outputs/stress_mnist_rotation_partial_task_participation/stress_mnist_rotation_partial_task_participation__seed9103__20261005-102212__fb31e62c,0.14345534857842637,clean,9103,0.8966,0.7620035807291667
0.16704188262353603,0.5400390625,0.534423828125,0.8591995763456419,0.5806451612903226,3880.0,b5d17019a6036aa3bed496fd9a6f820f34dac9a522e8c7ea998ea8a26adfa3b5,0.19767929889284613,stress_mnist_rotation_partial_task_participation,0.7882732228982301,fedattr_mean,192,0.0,1.1032921770316828e-17,/mnt/data/fl_alltiers_audit/outputs/stress_mnist_rotation_partial_task_participation/stress_mnist_rotation_partial_task_participation__seed9103__20261005-102212__fb31e62c,0.2868341954931802,clean,9103,0.8966,0.5105387369791667
0.2707765107800225,0.5400390625,0.534423828125,0.8591995763456419,0.5806451612903226,0.0,b5d17019a6036aa3bed496fd9a6f820f34dac9a522e8c7ea998ea8a26adfa3b5,0.14492345961237638,stress_mnist_rotation_partial_task_participation,0.8197926229777901,local,192,0.38197988243485076,0.23642370501570922,/mnt/data/fl_alltiers_audit/outputs/stress_mnist_rotation_partial_task_participation/stress_mnist_rotation_partial_task_participation__seed9103__20261005-102212__fb31e62c,0.12695246898144708,clean,9103,0.8966,0.8341878255208334
0.1882381149248353,0.5400390625,0.534423828125,0.8591995763456419,0.5806451612903226,3880.0,b5d17019a6036aa3bed496fd9a6f820f34dac9a522e8c7ea998ea8a26adfa3b5,0.1638918728434267,stress_mnist_rotation_partial_task_participation,0.8054135510596097,nc_sacpa,192,0.1513089822558945,0.007343261321604311,/mnt/data/fl_alltiers_audit/outputs/stress_mnist_rotation_partial_task_participation/stress_mnist_rotation_partial_task_participation__seed9103__20261005-102212__fb31e62c,0.23203288352156312,clean,9103,0.8966,0.58203125
0.16357475131990956,0.5400390625,0.534423828125,0.8591995763456419,0.5806451612903226,3880.0,b5d17019a6036aa3bed496fd9a6f820f34dac9a522e8c7ea998ea8a26adfa3b5,0.1557033591550559,stress_mnist_rotation_partial_task_participation,0.8139276062244487,sacpa_global_count,192,0.06930121931684283,0.03531085378305611,/mnt/data/fl_alltiers_audit/outputs/stress_mnist_rotation_partial_task_participation/stress_mnist_rotation_partial_task_participation__seed9103__20261005-102212__fb31e62c,0.19417229445098072,clean,9103,0.8966,0.6504720052083334
0.27070324893286335,0.5400390625,0.534423828125,0.8591995763456419,0.5806451612903226,9000.0,b5d17019a6036aa3bed496fd9a6f820f34dac9a522e8c7ea998ea8a26adfa3b5,0.14787550614200884,stress_mnist_rotation_partial_task_participation,0.8177775161195313,ucpa,192,0.3818738242820464,1.1912682934060857e-05,/mnt/data/fl_alltiers_audit/outputs/stress_mnist_rotation_partial_task_participation/stress_mnist_rotation_partial_task_participation__seed9103__20261005-102212__fb31e62c,0.14882936555181409,clean,9103,0.8966,0.7383626302083334
0.26056065704967263,0.5400390625,0.534423828125,0.8591995763456419,0.5806451612903226,9000.0,b5d17019a6036aa3bed496fd9a6f820f34dac9a522e8c7ea998ea8a26adfa3b5,0.14751612432082767,stress_mnist_rotation_partial_task_participation,0.8177940097613221,ucpa_coord_only,192,0.36165859897078645,0.014903502649579058,/mnt/data/fl_alltiers_audit/outputs/stress_mnist_rotation_partial_task_participation/stress_mnist_rotation_partial_task_participation__seed9103__20261005-102212__fb31e62c,0.14762871703573074,clean,9103,0.8966,0.7350260416666667
0.27034089541123557,0.5400390625,0.534423828125,0.8591995763456419,0.5806451612903226,9000.0,b5d17019a6036aa3bed496fd9a6f820f34dac9a522e8c7ea998ea8a26adfa3b5,0.14786502435890725,stress_mnist_rotation_partial_task_participation,0.8177723678013232,ucpa_whole_only,192,0.3813145233166706,9.118666648328736e-05,/mnt/data/fl_alltiers_audit/outputs/stress_mnist_rotation_partial_task_participation/stress_mnist_rotation_partial_task_participation__seed9103__20261005-102212__fb31e62c,0.1487677752767229,clean,9103,0.8966,0.7384440104166667
0.23783899224186666,0.5400390625,0.534423828125,0.8591995763456419,0.5806451612903226,3880.0,b5d17019a6036aa3bed496fd9a6f820f34dac9a522e8c7ea998ea8a26adfa3b5,0.1463548920376828,stress_mnist_rotation_partial_task_participation,0.8215011445664762,xfedalign_median,192,0.2529194420164528,0.17290268148611432,/mnt/data/fl_alltiers_audit/outputs/stress_mnist_rotation_partial_task_participation/stress_mnist_rotation_partial_task_participation__seed9103__20261005-102212__fb31e62c,0.14363520836274185,clean,9103,0.8966,0.7533772786458334
0.21865578900081017,0.572174072265625,0.533935546875,0.8023941404561126,0.40086206896551724,3880.0,b5d17019a6036aa3bed496fd9a6f820f34dac9a522e8c7ea998ea8a26adfa3b5,0.15605540348121094,stress_mnist_rotation_partial_task_participation,0.8520277195125042,cluster,192,0.2746793053941017,0.08010196254081757,/mnt/data/fl_alltiers_audit/outputs/stress_mnist_rotation_partial_task_participation/stress_mnist_rotation_partial_task_participation__seed9101__20261005-100229__fb87cbf1,0.1435949559831594,clean,9101,0.7871,0.756103515625
0.15929155443706594,0.572174072265625,0.533935546875,0.8023941404561126,0.40086206896551724,3880.0,b5d17019a6036aa3bed496fd9a6f820f34dac9a522e8c7ea998ea8a26adfa3b5,0.20230541828521256,stress_mnist_rotation_partial_task_participation,0.8456208676914685,fedattr_mean,192,0.0,1.0893943079959477e-17,/mnt/data/fl_alltiers_audit/outputs/stress_mnist_rotation_partial_task_participation/stress_mnist_rotation_partial_task_participation__seed9101__20261005-100229__fb87cbf1,0.2860602173442895,clean,9101,0.7871,0.5174560546875
0.2583309609901818,0.572174072265625,0.533935546875,0.8023941404561126,0.40086206896551724,0.0,b5d17019a6036aa3bed496fd9a6f820f34dac9a522e8c7ea998ea8a26adfa3b5,0.15421664988971318,stress_mnist_rotation_partial_task_participation,0.8518804851022045,local,192,0.36024792834815755,0.22892798690498503,/mnt/data/fl_alltiers_audit/outputs/stress_mnist_rotation_partial_task_participation/stress_mnist_rotation_partial_task_participation__seed9101__20261005-100229__fb87cbf1,0.1274149417008514,clean,9101,0.7871,0.8304850260416667
0.18002563899486396,0.572174072265625,0.533935546875,0.8023941404561126,0.40086206896551724,3880.0,b5d17019a6036aa3bed496fd9a6f820f34dac9a522e8c7ea998ea8a26adfa3b5,0.17758780613037667,stress_mnist_rotation_partial_task_participation,0.8460111370513914,nc_sacpa,192,0.143755287745491,0.007188880347105172,/mnt/data/fl_alltiers_audit/outputs/stress_mnist_rotation_partial_task_participation/stress_mnist_rotation_partial_task_participation__seed9101__20261005-100229__fb87cbf1,0.23147858013133402,clean,9101,0.7871,0.5842692057291666
0.16209152732228144,0.572174072265625,0.533935546875,0.8023941404561126,0.40086206896551724,3880.0,b5d17019a6036aa3bed496fd9a6f820f34dac9a522e8c7ea998ea8a26adfa3b5,0.16822517802337794,stress_mnist_rotation_partial_task_participation,0.8526741151096454,sacpa_global_count,192,0.06945372439378983,0.03477684608228762,/mnt/data/fl_alltiers_audit/outputs/stress_mnist_rotation_partial_task_participation/stress_mnist_rotation_partial_task_participation__seed9101__20261005-100229__fb87cbf1,0.19739493648102985,clean,9101,0.7871,0.6409912109375
0.25822825015405865,0.572174072265625,0.533935546875,0.8023941404561126,0.40086206896551724,9000.0,b5d17019a6036aa3bed496fd9a6f820f34dac9a522e8c7ea998ea8a26adfa3b5,0.15801347802710858,stress_mnist_rotation_partial_task_participation,0.8506954849270794,ucpa,192,0.3600943397254205,1.497323628342298e-05,/mnt/data/fl_alltiers_audit/outputs/stress_mnist_rotation_partial_task_participation/stress_mnist_rotation_partial_task_participation__seed9101__20261005-100229__fb87cbf1,0.147810421835628,clean,9101,0.7871,0.7391764322916667
0.24942106571198835,0.572174072265625,0.533935546875,0.8023941404561126,0.40086206896551724,9000.0,b5d17019a6036aa3bed496fd9a6f820f34dac9a522e8c7ea998ea8a26adfa3b5,0.1579377849298908,stress_mnist_rotation_partial_task_participation,0.8508763307700671,ucpa_coord_only,192,0.34077937605206254,0.013864764215176158,/mnt/data/fl_alltiers_audit/outputs/stress_mnist_rotation_partial_task_participation/stress_mnist_rotation_partial_task_participation__seed9101__20261005-100229__fb87cbf1,0.14707460467680464,clean,9101,0.7871,0.7342529296875
0.2577431065613975,0.572174072265625,0.533935546875,0.8023941404561126,0.40086206896551724,9000.0,b5d17019a6036aa3bed496fd9a6f820f34dac9a522e8c7ea998ea8a26adfa3b5,0.15804935337449327,stress_mnist_rotation_partial_task_participation,0.8507600524035903,ucpa_whole_only,192,0.35942064798439183,0.00011434739860228248,/mnt/data/fl_alltiers_audit/outputs/stress_mnist_rotation_partial_task_participation/stress_mnist_rotation_partial_task_participation__seed9101__20261005-100229__fb87cbf1,0.1477575269451002,clean,9101,0.7871,0.7387288411458334
0.2282854230904071,0.572174072265625,0.533935546875,0.8023941404561126,0.40086206896551724,3880.0,b5d17019a6036aa3bed496fd9a6f820f34dac9a522e8c7ea998ea8a26adfa3b5,0.1571508827704141,stress_mnist_rotation_partial_task_participation,0.8542880794663992,xfedalign_median,192,0.2416838206934695,0.17316273730646684,/mnt/data/fl_alltiers_audit/outputs/stress_mnist_rotation_partial_task_participation/stress_mnist_rotation_partial_task_participation__seed9101__20261005-100229__fb87cbf1,0.1444547590416834,clean,9101,0.7871,0.756591796875
0.23171941756118047,0.540771484375,0.546478271484375,0.8957424480638313,0.7435897435897436,3880.0,b5d17019a6036aa3bed496fd9a6f820f34dac9a522e8c7ea998ea8a26adfa3b5,0.16703300985826292,stress_mnist_rotation_partial_task_participation,0.8590839592521662,cluster,192,0.2841092187408401,0.08314731767135788,/mnt/data/fl_alltiers_audit/outputs/stress_mnist_rotation_partial_task_participation/stress_mnist_rotation_partial_task_participation__seed9102__20261005-101222__618c85a3,0.13711096208345508,clean,9102,0.9262,0.7632242838541666
0.17035201969375327,0.540771484375,0.546478271484375,0.8957424480638313,0.7435897435897436,3880.0,b5d17019a6036aa3bed496fd9a6f820f34dac9a522e8c7ea998ea8a26adfa3b5,0.21472478873088224,stress_mnist_rotation_partial_task_participation,0.8296646901670708,fedattr_mean,192,0.0,1.6168810634424723e-17,/mnt/data/fl_alltiers_audit/outputs/stress_mnist_rotation_partial_task_participation/stress_mnist_rotation_partial_task_participation__seed9102__20261005-101222__618c85a3,0.2802374118970649,clean,9102,0.9262,0.5145670572916667
0.2739442028509489,0.540771484375,0.546478271484375,0.8957424480638313,0.7435897435897436,0.0,b5d17019a6036aa3bed496fd9a6f820f34dac9a522e8c7ea998ea8a26adfa3b5,0.16375763739154842,stress_mnist_rotation_partial_task_participation,0.8607075692588901,local,192,0.38063494852857555,0.2384771204112939,/mnt/data/fl_alltiers_audit/outputs/stress_mnist_rotation_partial_task_participation/stress_mnist_rotation_partial_task_participation__seed9102__20261005-101222__618c85a3,0.12064799190071207,clean,9102,0.9262,0.83740234375
0.19004136837047625,0.540771484375,0.546478271484375,0.8957424480638313,0.7435897435897436,3880.0,b5d17019a6036aa3bed496fd9a6f820f34dac9a522e8c7ea998ea8a26adfa3b5,0.18055799064236455,stress_mnist_rotation_partial_task_participation,0.8489511799089087,nc_sacpa,192,0.14741220177350825,0.00743210095539968,/mnt/data/fl_alltiers_audit/outputs/stress_mnist_rotation_partial_task_participation/stress_mnist_rotation_partial_task_participation__seed9102__20261005-101222__618c85a3,0.22273966039584314,clean,9102,0.9262,0.5996907552083334
0.17410162738243568,0.540771484375,0.546478271484375,0.8957424480638313,0.7435897435897436,3880.0,b5d17019a6036aa3bed496fd9a6f820f34dac9a522e8c7ea998ea8a26adfa3b5,0.1735365212004808,stress_mnist_rotation_partial_task_participation,0.8544719977657527,sacpa_global_count,192,0.07065348727909637,0.037051887595251805,/mnt/data/fl_alltiers_audit/outputs/stress_mnist_rotation_partial_task_participation/stress_mnist_rotation_partial_task_participation__seed9102__20261005-101222__618c85a3,0.19550911297451382,clean,9102,0.9262,0.6451822916666666
0.27386150079470895,0.540771484375,0.546478271484375,0.8957424480638313,0.7435897435897436,9000.0,b5d17019a6036aa3bed496fd9a6f820f34dac9a522e8c7ea998ea8a26adfa3b5,0.16644086107973333,stress_mnist_rotation_partial_task_participation,0.8589663927855631,ucpa,192,0.380533716201117,1.3191173912678427e-05,/mnt/data/fl_alltiers_audit/outputs/stress_mnist_rotation_partial_task_participation/stress_mnist_rotation_partial_task_participation__seed9102__20261005-101222__618c85a3,0.1410228678072205,clean,9102,0.9262,0.7450358072916667
0.2641501085392534,0.540771484375,0.546478271484375,0.8957424480638313,0.7435897435897436,9000.0,b5d17019a6036aa3bed496fd9a6f820f34dac9a522e8c7ea998ea8a26adfa3b5,0.16631130127328408,stress_mnist_rotation_partial_task_participation,0.8590336051524596,ucpa_coord_only,192,0.36253202644179294,0.012107993612826688,/mnt/data/fl_alltiers_audit/outputs/stress_mnist_rotation_partial_task_participation/stress_mnist_rotation_partial_task_participation__seed9102__20261005-101222__618c85a3,0.14032059510823264,clean,9102,0.9262,0.7431640625
0.27340547608335136,0.540771484375,0.546478271484375,0.8957424480638313,0.7435897435897436,9000.0,b5d17019a6036aa3bed496fd9a6f820f34dac9a522e8c7ea998ea8a26adfa3b5,0.16640393782079932,stress_mnist_rotation_partial_task_participation,0.8589835069894132,ucpa_whole_only,192,0.37993728953251743,0.00011560822675641697,/mnt/data/fl_alltiers_audit/outputs/stress_mnist_rotation_partial_task_participation/stress_mnist_rotation_partial_task_participation__seed9102__20261005-101222__618c85a3,0.14096953900817993,clean,9102,0.9262,0.7450358072916666
0.24172046203554926,0.540771484375,0.546478271484375,0.8957424480638313,0.7435897435897436,3880.0,b5d17019a6036aa3bed496fd9a6f820f34dac9a522e8c7ea998ea8a26adfa3b5,0.16650561735485403,stress_mnist_rotation_partial_task_participation,0.8598336541397051,xfedalign_median,192,0.2529338994085312,0.16924005293365985,/mnt/data/fl_alltiers_audit/outputs/stress_mnist_rotation_partial_task_participation/stress_mnist_rotation_partial_task_participation__seed9102__20261005-101222__618c85a3,0.1362513981385014,clean,9102,0.9262,0.7666422526041666
0.2350126823304013,0.574127197265625,0.558319091796875,0.9460458784114083,0.8960244648318043,3880.0,76f355195b226e31f30f9a7919191225fc328b06cfb351947f856cc79049cff3,0.15260673695823546,sensitivity_ncsacpa_beta_0p6,0.876502858443564,cluster,192,0.27703709435526247,0.07955626740998997,/mnt/data/fl_alltiers_audit/outputs/sensitivity_ncsacpa_beta_0p6/sensitivity_ncsacpa_beta_0p6__seed9104__20261005-195946__1586a0ea,0.14411328183145103,clean,9104,0.9573,0.7636311848958333
0.17758408712243248,0.574127197265625,0.558319091796875,0.9460458784114083,0.8960244648318043,3880.0,76f355195b226e31f30f9a7919191225fc328b06cfb351947f856cc79049cff3,0.20158053565176792,sensitivity_ncsacpa_beta_0p6,0.8525308326232031,fedattr_mean,192,0.0,1.590030229720148e-17,/mnt/data/fl_alltiers_audit/outputs/sensitivity_ncsacpa_beta_0p6/sensitivity_ncsacpa_beta_0p6__seed9104__20261005-195946__1586a0ea,0.28262304738125793,clean,9104,0.9573,0.5211181640625
0.2790760050950427,0.574127197265625,0.558319091796875,0.9460458784114083,0.8960244648318043,0.0,76f355195b226e31f30f9a7919191225fc328b06cfb351947f856cc79049cff3,0.15127550393954153,sensitivity_ncsacpa_beta_0p6,0.8774845155632647,local,192,0.36799040672692157,0.23011139841205389,/mnt/data/fl_alltiers_audit/outputs/sensitivity_ncsacpa_beta_0p6/sensitivity_ncsacpa_beta_0p6__seed9104__20261005-195946__1586a0ea,0.12890974718791365,clean,9104,0.9573,0.8235270182291666
0.19988595502736012,0.574127197265625,0.558319091796875,0.9460458784114083,0.8960244648318043,3880.0,76f355195b226e31f30f9a7919191225fc328b06cfb351947f856cc79049cff3,0.1645571850972677,sensitivity_ncsacpa_beta_0p6,0.8728100950483166,nc_sacpa,192,0.16090351742337466,0.02424686850140057,/mnt/data/fl_alltiers_audit/outputs/sensitivity_ncsacpa_beta_0p6/sensitivity_ncsacpa_beta_0p6__seed9104__20261005-195946__1586a0ea,0.19242525036457514,clean,9104,0.9573,0.6327311197916667
0.18167320221430716,0.574127197265625,0.558319091796875,0.9460458784114083,0.8960244648318043,3880.0,76f355195b226e31f30f9a7919191225fc328b06cfb351947f856cc79049cff3,0.16337543662108753,sensitivity_ncsacpa_beta_0p6,0.8731616552709359,sacpa_global_count,192,0.06704191441625776,0.03522792623611297,/mnt/data/fl_alltiers_audit/outputs/sensitivity_ncsacpa_beta_0p6/sensitivity_ncsacpa_beta_0p6__seed9104__20261005-195946__1586a0ea,0.19646480956921364,clean,9104,0.9573,0.6429850260416667
0.27899901614280775,0.574127197265625,0.558319091796875,0.9460458784114083,0.8960244648318043,9000.0,76f355195b226e31f30f9a7919191225fc328b06cfb351947f856cc79049cff3,0.15469419230066705,sensitivity_ncsacpa_beta_0p6,0.8743905683552535,ucpa,192,0.3678789559782536,1.2356326240922157e-05,/mnt/data/fl_alltiers_audit/outputs/sensitivity_ncsacpa_beta_0p6/sensitivity_ncsacpa_beta_0p6__seed9104__20261005-195946__1586a0ea,0.15005418730597012,clean,9104,0.9573,0.7388509114583334
0.269070444469969,0.574127197265625,0.558319091796875,0.9460458784114083,0.8960244648318043,9000.0,76f355195b226e31f30f9a7919191225fc328b06cfb351947f856cc79049cff3,0.15444430357420064,sensitivity_ncsacpa_beta_0p6,0.8745531493659655,ucpa_coord_only,192,0.34784000715536484,0.013995602483963908,/mnt/data/fl_alltiers_audit/outputs/sensitivity_ncsacpa_beta_0p6/sensitivity_ncsacpa_beta_0p6__seed9104__20261005-195946__1586a0ea,0.14905774599561442,clean,9104,0.9573,0.736083984375
0.2786282247748587,0.574127197265625,0.558319091796875,0.9460458784114083,0.8960244648318043,9000.0,76f355195b226e31f30f9a7919191225fc328b06cfb351947f856cc79049cff3,0.15471849001696683,sensitivity_ncsacpa_beta_0p6,0.874418771774314,ucpa_whole_only,192,0.3673589893511109,8.374607795640988e-05,/mnt/data/fl_alltiers_audit/outputs/sensitivity_ncsacpa_beta_0p6/sensitivity_ncsacpa_beta_0p6__seed9104__20261005-195946__1586a0ea,0.1500042626746892,clean,9104,0.9573,0.7389322916666667
0.24724645045471938,0.574127197265625,0.558319091796875,0.9460458784114083,0.8960244648318043,3880.0,76f355195b226e31f30f9a7919191225fc328b06cfb351947f856cc79049cff3,0.15299062222111387,sensitivity_ncsacpa_beta_0p6,0.8776839034506945,xfedalign_median,192,0.24455169680754632,0.16089079835784564,/mnt/data/fl_alltiers_audit/outputs/sensitivity_ncsacpa_beta_0p6/sensitivity_ncsacpa_beta_0p6__seed9104__20261005-195946__1586a0ea,0.14422458727682275,clean,9104,0.9573,0.759765625
0.22526543902812984,0.5418701171875,0.534393310546875,0.9546287084885665,0.9027777777777778,3880.0,76f355195b226e31f30f9a7919191225fc328b06cfb351947f856cc79049cff3,0.16189955483317436,sensitivity_ncsacpa_beta_0p6,0.8981354729334271,cluster,192,0.2835291716520836,0.08220818923395966,/mnt/data/fl_alltiers_audit/outputs/sensitivity_ncsacpa_beta_0p6/sensitivity_ncsacpa_beta_0p6__seed9102__20261005-193346__a0fa8110,0.13763863636916593,clean,9102,0.9725,0.7654622395833334
0.15266164072228275,0.5418701171875,0.534393310546875,0.9546287084885665,0.9027777777777778,3880.0,76f355195b226e31f30f9a7919191225fc328b06cfb351947f856cc79049cff3,0.21125415004905035,sensitivity_ncsacpa_beta_0p6,0.8687237994108727,fedattr_mean,192,0.0,1.976755699931275e-17,/mnt/data/fl_alltiers_audit/outputs/sensitivity_ncsacpa_beta_0p6/sensitivity_ncsacpa_beta_0p6__seed9102__20261005-193346__a0fa8110,0.2739394153697019,clean,9102,0.9725,0.5348714192708334
0.2705430676057753,0.5418701171875,0.534393310546875,0.9546287084885665,0.9027777777777778,0.0,76f355195b226e31f30f9a7919191225fc328b06cfb351947f856cc79049cff3,0.16014369611348228,sensitivity_ncsacpa_beta_0p6,0.8984286420036369,local,192,0.3846317580937864,0.23540308225957074,/mnt/data/fl_alltiers_audit/outputs/sensitivity_ncsacpa_beta_0p6/sensitivity_ncsacpa_beta_0p6__seed9102__20261005-193346__a0fa8110,0.12114774844123295,clean,9102,0.9725,0.8388671875
0.1851229250919697,0.5418701171875,0.534393310546875,0.9546287084885665,0.9027777777777778,3880.0,76f355195b226e31f30f9a7919191225fc328b06cfb351947f856cc79049cff3,0.17217893748100627,sensitivity_ncsacpa_beta_0p6,0.8940034439146984,nc_sacpa,192,0.1730064977824543,0.02510094709247959,/mnt/data/fl_alltiers_audit/outputs/sensitivity_ncsacpa_beta_0p6/sensitivity_ncsacpa_beta_0p6__seed9102__20261005-193346__a0fa8110,0.18670552167132567,clean,9102,0.9725,0.6403401692708333
0.1609298719799706,0.5418701171875,0.534393310546875,0.9546287084885665,0.9027777777777778,3880.0,76f355195b226e31f30f9a7919191225fc328b06cfb351947f856cc79049cff3,0.17208303236283579,sensitivity_ncsacpa_beta_0p6,0.8912408859173107,sacpa_global_count,192,0.07179764815503277,0.036676906736102945,/mnt/data/fl_alltiers_audit/outputs/sensitivity_ncsacpa_beta_0p6/sensitivity_ncsacpa_beta_0p6__seed9102__20261005-193346__a0fa8110,0.19293379317091403,clean,9102,0.9725,0.6566569010416666
0.27045293562573713,0.5418701171875,0.534393310546875,0.9546287084885665,0.9027777777777778,9000.0,76f355195b226e31f30f9a7919191225fc328b06cfb351947f856cc79049cff3,0.1620221195597272,sensitivity_ncsacpa_beta_0p6,0.895690748135227,ucpa,192,0.3845317104927312,1.2776250680329101e-05,/mnt/data/fl_alltiers_audit/outputs/sensitivity_ncsacpa_beta_0p6/sensitivity_ncsacpa_beta_0p6__seed9102__20261005-193346__a0fa8110,0.1423181465401139,clean,9102,0.9725,0.7451578776041667
0.25881404138614383,0.5418701171875,0.534393310546875,0.9546287084885665,0.9027777777777778,9000.0,76f355195b226e31f30f9a7919191225fc328b06cfb351947f856cc79049cff3,0.16225667844370645,sensitivity_ncsacpa_beta_0p6,0.8961582843994014,ucpa_coord_only,192,0.36213090693618893,0.01695191440023966,/mnt/data/fl_alltiers_audit/outputs/sensitivity_ncsacpa_beta_0p6/sensitivity_ncsacpa_beta_0p6__seed9102__20261005-193346__a0fa8110,0.14135936997708545,clean,9102,0.9725,0.740234375
0.2699912375137446,0.5418701171875,0.534393310546875,0.9546287084885665,0.9027777777777778,9000.0,76f355195b226e31f30f9a7919191225fc328b06cfb351947f856cc79049cff3,0.16204888383948252,sensitivity_ncsacpa_beta_0p6,0.8956292380025237,ucpa_whole_only,192,0.38402137508910295,9.860840671599071e-05,/mnt/data/fl_alltiers_audit/outputs/sensitivity_ncsacpa_beta_0p6/sensitivity_ncsacpa_beta_0p6__seed9102__20261005-193346__a0fa8110,0.14226962499760498,clean,9102,0.9725,0.7448323567708333
0.2369050677457316,0.5418701171875,0.534393310546875,0.9546287084885665,0.9027777777777778,3880.0,76f355195b226e31f30f9a7919191225fc328b06cfb351947f856cc79049cff3,0.16246770774378091,sensitivity_ncsacpa_beta_0p6,0.89811845524758,xfedalign_median,192,0.2551642158396884,0.16480440934213927,/mnt/data/fl_alltiers_audit/outputs/sensitivity_ncsacpa_beta_0p6/sensitivity_ncsacpa_beta_0p6__seed9102__20261005-193346__a0fa8110,0.1364737637541962,clean,9102,0.9725,0.7694905598958334
0.2366440727861142,0.534149169921875,0.510589599609375,0.9354723506399607,0.8211143695014663,3880.0,76f355195b226e31f30f9a7919191225fc328b06cfb351947f856cc79049cff3,0.15953014090370443,sensitivity_ncsacpa_beta_0p6,0.883175553344093,cluster,192,0.2848783970092391,0.08493676881668116,/mnt/data/fl_alltiers_audit/outputs/sensitivity_ncsacpa_beta_0p6/sensitivity_ncsacpa_beta_0p6__seed9103__20261005-194653__b76a1160,0.1456399174241505,clean,9103,0.9575,0.7659505208333333
0.17574623514455454,0.534149169921875,0.510589599609375,0.9354723506399607,0.8211143695014663,3880.0,76f355195b226e31f30f9a7919191225fc328b06cfb351947f856cc79049cff3,0.2220950978658967,sensitivity_ncsacpa_beta_0p6,0.8476354848700188,fedattr_mean,192,0.0,2.1042848140171885e-17,/mnt/data/fl_alltiers_audit/outputs/sensitivity_ncsacpa_beta_0p6/sensitivity_ncsacpa_beta_0p6__seed9103__20261005-194653__b76a1160,0.29356149374953944,clean,9103,0.9575,0.49971516927083337
0.2815509867711701,0.534149169921875,0.510589599609375,0.9354723506399607,0.8211143695014663,0.0,76f355195b226e31f30f9a7919191225fc328b06cfb351947f856cc79049cff3,0.15839002244635292,sensitivity_ncsacpa_beta_0p6,0.8844408576100251,local,192,0.37890848402800387,0.24027233605329548,/mnt/data/fl_alltiers_audit/outputs/sensitivity_ncsacpa_beta_0p6/sensitivity_ncsacpa_beta_0p6__seed9103__20261005-194653__b76a1160,0.12684719160540853,clean,9103,0.9575,0.8369547526041667
0.19669544222279514,0.534149169921875,0.510589599609375,0.9354723506399607,0.8211143695014663,3880.0,76f355195b226e31f30f9a7919191225fc328b06cfb351947f856cc79049cff3,0.17428746922729865,sensitivity_ncsacpa_beta_0p6,0.8786759803594275,nc_sacpa,192,0.16461211776085663,0.02501337038139334,/mnt/data/fl_alltiers_audit/outputs/sensitivity_ncsacpa_beta_0p6/sensitivity_ncsacpa_beta_0p6__seed9103__20261005-194653__b76a1160,0.19074889832490374,clean,9103,0.9575,0.6335856119791667
0.18380836338658194,0.534149169921875,0.510589599609375,0.9354723506399607,0.8211143695014663,3880.0,76f355195b226e31f30f9a7919191225fc328b06cfb351947f856cc79049cff3,0.17447857307994735,sensitivity_ncsacpa_beta_0p6,0.8754298111727015,sacpa_global_count,192,0.07295845966819181,0.038301387752902906,/mnt/data/fl_alltiers_audit/outputs/sensitivity_ncsacpa_beta_0p6/sensitivity_ncsacpa_beta_0p6__seed9103__20261005-194653__b76a1160,0.20565766827430998,clean,9103,0.9575,0.63134765625
0.2814806959544419,0.534149169921875,0.510589599609375,0.9354723506399607,0.8211143695014663,9000.0,76f355195b226e31f30f9a7919191225fc328b06cfb351947f856cc79049cff3,0.1614908099647437,sensitivity_ncsacpa_beta_0p6,0.8822690451556507,ucpa,192,0.37880316055569135,1.1367080298455036e-05,/mnt/data/fl_alltiers_audit/outputs/sensitivity_ncsacpa_beta_0p6/sensitivity_ncsacpa_beta_0p6__seed9103__20261005-194653__b76a1160,0.14841581858846165,clean,9103,0.9575,0.7428792317708334
0.26980716481901856,0.534149169921875,0.510589599609375,0.9354723506399607,0.8211143695014663,9000.0,76f355195b226e31f30f9a7919191225fc328b06cfb351947f856cc79049cff3,0.16176266100689343,sensitivity_ncsacpa_beta_0p6,0.8828449136571483,ucpa_coord_only,192,0.355269997796724,0.017221989205989944,/mnt/data/fl_alltiers_audit/outputs/sensitivity_ncsacpa_beta_0p6/sensitivity_ncsacpa_beta_0p6__seed9103__20261005-194653__b76a1160,0.14724650652996907,clean,9103,0.9575,0.7394205729166667
0.28113347559767465,0.534149169921875,0.510589599609375,0.9354723506399607,0.8211143695014663,9000.0,76f355195b226e31f30f9a7919191225fc328b06cfb351947f856cc79049cff3,0.16149568221468752,sensitivity_ncsacpa_beta_0p6,0.8822726580838207,ucpa_whole_only,192,0.3783032095720416,8.5390431566293e-05,/mnt/data/fl_alltiers_audit/outputs/sensitivity_ncsacpa_beta_0p6/sensitivity_ncsacpa_beta_0p6__seed9103__20261005-194653__b76a1160,0.14835714905037384,clean,9103,0.9575,0.7426350911458334
0.24948967895774227,0.534149169921875,0.510589599609375,0.9354723506399607,0.8211143695014663,3880.0,76f355195b226e31f30f9a7919191225fc328b06cfb351947f856cc79049cff3,0.16057467396870684,sensitivity_ncsacpa_beta_0p6,0.8843738107834118,xfedalign_median,192,0.25472398147122927,0.17207856511511652,/mnt/data/fl_alltiers_audit/outputs/sensitivity_ncsacpa_beta_0p6/sensitivity_ncsacpa_beta_0p6__seed9103__20261005-194653__b76a1160,0.14356331458261617,clean,9103,0.9575,0.7626953125
0.23965454650601753,0.57257080078125,0.54339599609375,0.9595234691839127,0.9008620689655172,3880.0,76f355195b226e31f30f9a7919191225fc328b06cfb351947f856cc79049cff3,0.15665923206759846,sensitivity_ncsacpa_beta_0p6,0.8856528068274505,cluster,192,0.2803325322068978,0.08326586454490997,/mnt/data/fl_alltiers_audit/outputs/sensitivity_ncsacpa_beta_0p6/sensitivity_ncsacpa_beta_0p6__seed9101__20261005-192046__b63b9f21,0.14354613821148668,clean,9101,0.9492,0.764404296875
0.17731416798514474,0.57257080078125,0.54339599609375,0.9595234691839127,0.9008620689655172,3880.0,76f355195b226e31f30f9a7919191225fc328b06cfb351947f856cc79049cff3,0.22245094042860103,sensitivity_ncsacpa_beta_0p6,0.8483556108607444,fedattr_mean,192,0.0,1.242008085290753e-17,/mnt/data/fl_alltiers_audit/outputs/sensitivity_ncsacpa_beta_0p6/sensitivity_ncsacpa_beta_0p6__seed9101__20261005-192046__b63b9f21,0.28669288457643316,clean,9101,0.9492,0.5159098307291667
0.282023306101716,0.57257080078125,0.54339599609375,0.9595234691839127,0.9008620689655172,0.0,76f355195b226e31f30f9a7919191225fc328b06cfb351947f856cc79049cff3,0.15462432798203735,sensitivity_ncsacpa_beta_0p6,0.8871253028477895,local,192,0.3717410209434218,0.23912189832121417,/mnt/data/fl_alltiers_audit/outputs/sensitivity_ncsacpa_beta_0p6/sensitivity_ncsacpa_beta_0p6__seed9101__20261005-192046__b63b9f21,0.12852375732574475,clean,9101,0.9492,0.8314615885416667
0.1987455431056624,0.57257080078125,0.54339599609375,0.9595234691839127,0.9008620689655172,3880.0,76f355195b226e31f30f9a7919191225fc328b06cfb351947f856cc79049cff3,0.1710173246439202,sensitivity_ncsacpa_beta_0p6,0.8785277445952715,nc_sacpa,192,0.16611588325647642,0.024638386767769107,/mnt/data/fl_alltiers_audit/outputs/sensitivity_ncsacpa_beta_0p6/sensitivity_ncsacpa_beta_0p6__seed9101__20261005-192046__b63b9f21,0.1922113726512676,clean,9101,0.9492,0.6294759114583333
0.18353445801584253,0.57257080078125,0.54339599609375,0.9595234691839127,0.9008620689655172,3880.0,76f355195b226e31f30f9a7919191225fc328b06cfb351947f856cc79049cff3,0.17396372648123964,sensitivity_ncsacpa_beta_0p6,0.8751046613819805,sacpa_global_count,192,0.07126666790557264,0.03735448233966695,/mnt/data/fl_alltiers_audit/outputs/sensitivity_ncsacpa_beta_0p6/sensitivity_ncsacpa_beta_0p6__seed9101__20261005-192046__b63b9f21,0.20294825928946159,clean,9101,0.9492,0.6350504557291666
0.2819442215475232,0.57257080078125,0.54339599609375,0.9595234691839127,0.9008620689655172,9000.0,76f355195b226e31f30f9a7919191225fc328b06cfb351947f856cc79049cff3,0.15949346102091416,sensitivity_ncsacpa_beta_0p6,0.8840987719089906,ucpa,192,0.3715488432865659,2.1620522454190248e-05,/mnt/data/fl_alltiers_audit/outputs/sensitivity_ncsacpa_beta_0p6/sensitivity_ncsacpa_beta_0p6__seed9101__20261005-192046__b63b9f21,0.14963664555586625,clean,9101,0.9492,0.7385660807291667
0.27261594632673136,0.57257080078125,0.54339599609375,0.9595234691839127,0.9008620689655172,9000.0,76f355195b226e31f30f9a7919191225fc328b06cfb351947f856cc79049cff3,0.15956074436344353,sensitivity_ncsacpa_beta_0p6,0.8843312187022851,ucpa_coord_only,192,0.35119080764682714,0.013219391063651963,/mnt/data/fl_alltiers_audit/outputs/sensitivity_ncsacpa_beta_0p6/sensitivity_ncsacpa_beta_0p6__seed9101__20261005-192046__b63b9f21,0.1485926336062996,clean,9101,0.9492,0.7349853515625
0.28158275974912306,0.57257080078125,0.54339599609375,0.9595234691839127,0.9008620689655172,9000.0,76f355195b226e31f30f9a7919191225fc328b06cfb351947f856cc79049cff3,0.15941735216735348,sensitivity_ncsacpa_beta_0p6,0.8841856515227997,ucpa_whole_only,192,0.3710511664163586,9.10984072933688e-05,/mnt/data/fl_alltiers_audit/outputs/sensitivity_ncsacpa_beta_0p6/sensitivity_ncsacpa_beta_0p6__seed9101__20261005-192046__b63b9f21,0.1495748019625483,clean,9101,0.9492,0.7383219401041667
0.25151925056759783,0.57257080078125,0.54339599609375,0.9595234691839127,0.9008620689655172,3880.0,76f355195b226e31f30f9a7919191225fc328b06cfb351947f856cc79049cff3,0.1583510742414243,sensitivity_ncsacpa_beta_0p6,0.8851320243678855,xfedalign_median,192,0.2516741447313263,0.18022814062851333,/mnt/data/fl_alltiers_audit/outputs/sensitivity_ncsacpa_beta_0p6/sensitivity_ncsacpa_beta_0p6__seed9101__20261005-192046__b63b9f21,0.14592968838009002,clean,9101,0.9492,0.7637532552083333
0.22886883138099795,0.57171630859375,0.568359375,0.9537549522016767,0.9204152249134948,3880.0,76f355195b226e31f30f9a7919191225fc328b06cfb351947f856cc79049cff3,0.16470869370141372,sensitivity_ncsacpa_beta_0p6,0.8876159272996257,cluster,192,0.2819885897797293,0.0972348611142863,/mnt/data/fl_alltiers_audit/outputs/sensitivity_ncsacpa_beta_0p6/sensitivity_ncsacpa_beta_0p6__seed9105__20261005-201320__e7846697,0.14087787628527332,clean,9105,0.9692,0.7805989583333333
0.17410580906758816,0.57171630859375,0.568359375,0.9537549522016767,0.9204152249134948,3880.0,76f355195b226e31f30f9a7919191225fc328b06cfb351947f856cc79049cff3,0.23371651019986645,sensitivity_ncsacpa_beta_0p6,0.8458811849268083,fedattr_mean,192,0.0,1.689832128806763e-17,/mnt/data/fl_alltiers_audit/outputs/sensitivity_ncsacpa_beta_0p6/sensitivity_ncsacpa_beta_0p6__seed9105__20261005-201320__e7846697,0.292978857206025,clean,9105,0.9692,0.5186767578125
0.27839839338861566,0.57171630859375,0.568359375,0.9537549522016767,0.9204152249134948,0.0,76f355195b226e31f30f9a7919191225fc328b06cfb351947f856cc79049cff3,0.16184060547275295,sensitivity_ncsacpa_beta_0p6,0.88868227193697,local,192,0.39969831391975247,0.24976964183658326,/mnt/data/fl_alltiers_audit/outputs/sensitivity_ncsacpa_beta_0p6/sensitivity_ncsacpa_beta_0p6__seed9105__20261005-201320__e7846697,0.12675596725889082,clean,9105,0.9692,0.8404947916666666
0.190176098213735,0.57171630859375,0.568359375,0.9537549522016767,0.9204152249134948,3880.0,76f355195b226e31f30f9a7919191225fc328b06cfb351947f856cc79049cff3,0.18002539827561653,sensitivity_ncsacpa_beta_0p6,0.8824242006283763,nc_sacpa,192,0.1758127354011391,0.026483869190204738,/mnt/data/fl_alltiers_audit/outputs/sensitivity_ncsacpa_beta_0p6/sensitivity_ncsacpa_beta_0p6__seed9105__20261005-201320__e7846697,0.1884010588953851,clean,9105,0.9692,0.6474609375
0.18655708330598236,0.57171630859375,0.568359375,0.9537549522016767,0.9204152249134948,3880.0,76f355195b226e31f30f9a7919191225fc328b06cfb351947f856cc79049cff3,0.18428161477234728,sensitivity_ncsacpa_beta_0p6,0.878569768698596,sacpa_global_count,192,0.07900392867849436,0.04135521678800253,/mnt/data/fl_alltiers_audit/outputs/sensitivity_ncsacpa_beta_0p6/sensitivity_ncsacpa_beta_0p6__seed9105__20261005-201320__e7846697,0.20958867461103592,clean,9105,0.9692,0.6332194010416666
0.2783435251168248,0.57171630859375,0.568359375,0.9537549522016767,0.9204152249134948,9000.0,76f355195b226e31f30f9a7919191225fc328b06cfb351947f856cc79049cff3,0.16689031686625339,sensitivity_ncsacpa_beta_0p6,0.8860754697301995,ucpa,192,0.3996222512014024,8.843942349957544e-06,/mnt/data/fl_alltiers_audit/outputs/sensitivity_ncsacpa_beta_0p6/sensitivity_ncsacpa_beta_0p6__seed9105__20261005-201320__e7846697,0.14712241802765058,clean,9105,0.9692,0.7462158203125
0.26739084597762386,0.57171630859375,0.568359375,0.9537549522016767,0.9204152249134948,9000.0,76f355195b226e31f30f9a7919191225fc328b06cfb351947f856cc79049cff3,0.1659413365481972,sensitivity_ncsacpa_beta_0p6,0.8862007434656306,ucpa_coord_only,192,0.37649615599356806,0.01816169996606296,/mnt/data/fl_alltiers_audit/outputs/sensitivity_ncsacpa_beta_0p6/sensitivity_ncsacpa_beta_0p6__seed9105__20261005-201320__e7846697,0.14598282552435704,clean,9105,0.9692,0.7420654296875
0.27806951767431815,0.57171630859375,0.568359375,0.9537549522016767,0.9204152249134948,9000.0,76f355195b226e31f30f9a7919191225fc328b06cfb351947f856cc79049cff3,0.16686575884771931,sensitivity_ncsacpa_beta_0p6,0.8860430169937615,ucpa_whole_only,192,0.39930586791951267,5.808774692161713e-05,/mnt/data/fl_alltiers_audit/outputs/sensitivity_ncsacpa_beta_0p6/sensitivity_ncsacpa_beta_0p6__seed9105__20261005-201320__e7846697,0.14706818808605907,clean,9105,0.9692,0.7458902994791667
0.24693260046034066,0.57171630859375,0.568359375,0.9537549522016767,0.9204152249134948,3880.0,76f355195b226e31f30f9a7919191225fc328b06cfb351947f856cc79049cff3,0.16686371935008232,sensitivity_ncsacpa_beta_0p6,0.8864881989428832,xfedalign_median,192,0.26805636091538926,0.18035346764806032,/mnt/data/fl_alltiers_audit/outputs/sensitivity_ncsacpa_beta_0p6/sensitivity_ncsacpa_beta_0p6__seed9105__20261005-201320__e7846697,0.14361674555424697,clean,9105,0.9692,0.7720540364583334
0.2350126823304013,0.574127197265625,0.558319091796875,0.9460458784114083,0.8960244648318043,3880.0,74a52e0d420c6bf5037063c34b9a4b1f8ef99ebd8f3a0ac3966bda36e1419bcc,0.15260673695823546,sensitivity_ncsacpa_neighborhood_2,0.876502858443564,cluster,192,0.27703709435526247,0.07955626740998997,/mnt/data/fl_alltiers_audit/outputs/sensitivity_ncsacpa_neighborhood_2/sensitivity_ncsacpa_neighborhood_2__seed9104__20261006-002302__24fc7962,0.14411328183145103,clean,9104,0.9573,0.7636311848958333
0.17758408712243248,0.574127197265625,0.558319091796875,0.9460458784114083,0.8960244648318043,3880.0,74a52e0d420c6bf5037063c34b9a4b1f8ef99ebd8f3a0ac3966bda36e1419bcc,0.20158053565176792,sensitivity_ncsacpa_neighborhood_2,0.8525308326232031,fedattr_mean,192,0.0,1.590030229720148e-17,/mnt/data/fl_alltiers_audit/outputs/sensitivity_ncsacpa_neighborhood_2/sensitivity_ncsacpa_neighborhood_2__seed9104__20261006-002302__24fc7962,0.28262304738125793,clean,9104,0.9573,0.5211181640625
0.2790760050950427,0.574127197265625,0.558319091796875,0.9460458784114083,0.8960244648318043,0.0,74a52e0d420c6bf5037063c34b9a4b1f8ef99ebd8f3a0ac3966bda36e1419bcc,0.15127550393954153,sensitivity_ncsacpa_neighborhood_2,0.8774845155632647,local,192,0.36799040672692157,0.23011139841205389,/mnt/data/fl_alltiers_audit/outputs/sensitivity_ncsacpa_neighborhood_2/sensitivity_ncsacpa_neighborhood_2__seed9104__20261006-002302__24fc7962,0.12890974718791365,clean,9104,0.9573,0.8235270182291666
0.21872105958365204,0.574127197265625,0.558319091796875,0.9460458784114083,0.8960244648318043,3880.0,74a52e0d420c6bf5037063c34b9a4b1f8ef99ebd8f3a0ac3966bda36e1419bcc,0.17540101511694955,sensitivity_ncsacpa_neighborhood_2,0.8620886314745198,nc_sacpa,192,0.1982157681679652,0.006251891872084096,/mnt/data/fl_alltiers_audit/outputs/sensitivity_ncsacpa_neighborhood_2/sensitivity_ncsacpa_neighborhood_2__seed9104__20261006-002302__24fc7962,0.24108735736685225,clean,9104,0.9573,0.5826009114583334
0.18167320221430716,0.574127197265625,0.558319091796875,0.9460458784114083,0.8960244648318043,3880.0,74a52e0d420c6bf5037063c34b9a4b1f8ef99ebd8f3a0ac3966bda36e1419bcc,0.16337543662108753,sensitivity_ncsacpa_neighborhood_2,0.8731616552709359,sacpa_global_count,192,0.06704191441625776,0.03522792623611297,/mnt/data/fl_alltiers_audit/outputs/sensitivity_ncsacpa_neighborhood_2/sensitivity_ncsacpa_neighborhood_2__seed9104__20261006-002302__24fc7962,0.19646480956921364,clean,9104,0.9573,0.6429850260416667
0.27899901614280775,0.574127197265625,0.558319091796875,0.9460458784114083,0.8960244648318043,9000.0,74a52e0d420c6bf5037063c34b9a4b1f8ef99ebd8f3a0ac3966bda36e1419bcc,0.15469419230066705,sensitivity_ncsacpa_neighborhood_2,0.8743905683552535,ucpa,192,0.3678789559782536,1.2356326240922157e-05,/mnt/data/fl_alltiers_audit/outputs/sensitivity_ncsacpa_neighborhood_2/sensitivity_ncsacpa_neighborhood_2__seed9104__20261006-002302__24fc7962,0.15005418730597012,clean,9104,0.9573,0.7388509114583334
0.269070444469969,0.574127197265625,0.558319091796875,0.9460458784114083,0.8960244648318043,9000.0,74a52e0d420c6bf5037063c34b9a4b1f8ef99ebd8f3a0ac3966bda36e1419bcc,0.15444430357420064,sensitivity_ncsacpa_neighborhood_2,0.8745531493659655,ucpa_coord_only,192,0.34784000715536484,0.013995602483963908,/mnt/data/fl_alltiers_audit/outputs/sensitivity_ncsacpa_neighborhood_2/sensitivity_ncsacpa_neighborhood_2__seed9104__20261006-002302__24fc7962,0.14905774599561442,clean,9104,0.9573,0.736083984375
0.2786282247748587,0.574127197265625,0.558319091796875,0.9460458784114083,0.8960244648318043,9000.0,74a52e0d420c6bf5037063c34b9a4b1f8ef99ebd8f3a0ac3966bda36e1419bcc,0.15471849001696683,sensitivity_ncsacpa_neighborhood_2,0.874418771774314,ucpa_whole_only,192,0.3673589893511109,8.374607795640988e-05,/mnt/data/fl_alltiers_audit/outputs/sensitivity_ncsacpa_neighborhood_2/sensitivity_ncsacpa_neighborhood_2__seed9104__20261006-002302__24fc7962,0.1500042626746892,clean,9104,0.9573,0.7389322916666667
0.24724645045471938,0.574127197265625,0.558319091796875,0.9460458784114083,0.8960244648318043,3880.0,74a52e0d420c6bf5037063c34b9a4b1f8ef99ebd8f3a0ac3966bda36e1419bcc,0.15299062222111387,sensitivity_ncsacpa_neighborhood_2,0.8776839034506945,xfedalign_median,192,0.24455169680754632,0.16089079835784564,/mnt/data/fl_alltiers_audit/outputs/sensitivity_ncsacpa_neighborhood_2/sensitivity_ncsacpa_neighborhood_2__seed9104__20261006-002302__24fc7962,0.14422458727682275,clean,9104,0.9573,0.759765625
0.2366440727861142,0.534149169921875,0.510589599609375,0.9354723506399607,0.8211143695014663,3880.0,74a52e0d420c6bf5037063c34b9a4b1f8ef99ebd8f3a0ac3966bda36e1419bcc,0.15953014090370443,sensitivity_ncsacpa_neighborhood_2,0.883175553344093,cluster,192,0.2848783970092391,0.08493676881668116,/mnt/data/fl_alltiers_audit/outputs/sensitivity_ncsacpa_neighborhood_2/sensitivity_ncsacpa_neighborhood_2__seed9103__20261006-001016__9c625957,0.1456399174241505,clean,9103,0.9575,0.7659505208333333
0.17574623514455454,0.534149169921875,0.510589599609375,0.9354723506399607,0.8211143695014663,3880.0,74a52e0d420c6bf5037063c34b9a4b1f8ef99ebd8f3a0ac3966bda36e1419bcc,0.2220950978658967,sensitivity_ncsacpa_neighborhood_2,0.8476354848700188,fedattr_mean,192,0.0,2.1042848140171885e-17,/mnt/data/fl_alltiers_audit/outputs/sensitivity_ncsacpa_neighborhood_2/sensitivity_ncsacpa_neighborhood_2__seed9103__20261006-001016__9c625957,0.29356149374953944,clean,9103,0.9575,0.49971516927083337
0.2815509867711701,0.534149169921875,0.510589599609375,0.9354723506399607,0.8211143695014663,0.0,74a52e0d420c6bf5037063c34b9a4b1f8ef99ebd8f3a0ac3966bda36e1419bcc,0.15839002244635292,sensitivity_ncsacpa_neighborhood_2,0.8844408576100251,local,192,0.37890848402800387,0.24027233605329548,/mnt/data/fl_alltiers_audit/outputs/sensitivity_ncsacpa_neighborhood_2/sensitivity_ncsacpa_neighborhood_2__seed9103__20261006-001016__9c625957,0.12684719160540853,clean,9103,0.9575,0.8369547526041667
0.21504661842809814,0.534149169921875,0.510589599609375,0.9354723506399607,0.8211143695014663,3880.0,74a52e0d420c6bf5037063c34b9a4b1f8ef99ebd8f3a0ac3966bda36e1419bcc,0.1834921014493375,sensitivity_ncsacpa_neighborhood_2,0.8730786657736946,nc_sacpa,192,0.20541610498635474,0.006490191094692583,/mnt/data/fl_alltiers_audit/outputs/sensitivity_ncsacpa_neighborhood_2/sensitivity_ncsacpa_neighborhood_2__seed9103__20261006-001016__9c625957,0.23698507271080652,clean,9103,0.9575,0.5854085286458333
0.18380836338658194,0.534149169921875,0.510589599609375,0.9354723506399607,0.8211143695014663,3880.0,74a52e0d420c6bf5037063c34b9a4b1f8ef99ebd8f3a0ac3966bda36e1419bcc,0.17447857307994735,sensitivity_ncsacpa_neighborhood_2,0.8754298111727015,sacpa_global_count,192,0.07295845966819181,0.038301387752902906,/mnt/data/fl_alltiers_audit/outputs/sensitivity_ncsacpa_neighborhood_2/sensitivity_ncsacpa_neighborhood_2__seed9103__20261006-001016__9c625957,0.20565766827430998,clean,9103,0.9575,0.63134765625
0.2814806959544419,0.534149169921875,0.510589599609375,0.9354723506399607,0.8211143695014663,9000.0,74a52e0d420c6bf5037063c34b9a4b1f8ef99ebd8f3a0ac3966bda36e1419bcc,0.1614908099647437,sensitivity_ncsacpa_neighborhood_2,0.8822690451556507,ucpa,192,0.37880316055569135,1.1367080298455036e-05,/mnt/data/fl_alltiers_audit/outputs/sensitivity_ncsacpa_neighborhood_2/sensitivity_ncsacpa_neighborhood_2__seed9103__20261006-001016__9c625957,0.14841581858846165,clean,9103,0.9575,0.7428792317708334
0.26980716481901856,0.534149169921875,0.510589599609375,0.9354723506399607,0.8211143695014663,9000.0,74a52e0d420c6bf5037063c34b9a4b1f8ef99ebd8f3a0ac3966bda36e1419bcc,0.16176266100689343,sensitivity_ncsacpa_neighborhood_2,0.8828449136571483,ucpa_coord_only,192,0.355269997796724,0.017221989205989944,/mnt/data/fl_alltiers_audit/outputs/sensitivity_ncsacpa_neighborhood_2/sensitivity_ncsacpa_neighborhood_2__seed9103__20261006-001016__9c625957,0.14724650652996907,clean,9103,0.9575,0.7394205729166667
0.28113347559767465,0.534149169921875,0.510589599609375,0.9354723506399607,0.8211143695014663,9000.0,74a52e0d420c6bf5037063c34b9a4b1f8ef99ebd8f3a0ac3966bda36e1419bcc,0.16149568221468752,sensitivity_ncsacpa_neighborhood_2,0.8822726580838207,ucpa_whole_only,192,0.3783032095720416,8.5390431566293e-05,/mnt/data/fl_alltiers_audit/outputs/sensitivity_ncsacpa_neighborhood_2/sensitivity_ncsacpa_neighborhood_2__seed9103__20261006-001016__9c625957,0.14835714905037384,clean,9103,0.9575,0.7426350911458334
0.24948967895774227,0.534149169921875,0.510589599609375,0.9354723506399607,0.8211143695014663,3880.0,74a52e0d420c6bf5037063c34b9a4b1f8ef99ebd8f3a0ac3966bda36e1419bcc,0.16057467396870684,sensitivity_ncsacpa_neighborhood_2,0.8843738107834118,xfedalign_median,192,0.25472398147122927,0.17207856511511652,/mnt/data/fl_alltiers_audit/outputs/sensitivity_ncsacpa_neighborhood_2/sensitivity_ncsacpa_neighborhood_2__seed9103__20261006-001016__9c625957,0.14356331458261617,clean,9103,0.9575,0.7626953125
0.22886883138099795,0.57171630859375,0.568359375,0.9537549522016767,0.9204152249134948,3880.0,74a52e0d420c6bf5037063c34b9a4b1f8ef99ebd8f3a0ac3966bda36e1419bcc,0.16470869370141372,sensitivity_ncsacpa_neighborhood_2,0.8876159272996257,cluster,192,0.2819885897797293,0.0972348611142863,/mnt/data/fl_alltiers_audit/outputs/sensitivity_ncsacpa_neighborhood_2/sensitivity_ncsacpa_neighborhood_2__seed9105__20261006-003632__b7cddc1f,0.14087787628527332,clean,9105,0.9692,0.7805989583333333
0.17410580906758816,0.57171630859375,0.568359375,0.9537549522016767,0.9204152249134948,3880.0,74a52e0d420c6bf5037063c34b9a4b1f8ef99ebd8f3a0ac3966bda36e1419bcc,0.23371651019986645,sensitivity_ncsacpa_neighborhood_2,0.8458811849268083,fedattr_mean,192,0.0,1.689832128806763e-17,/mnt/data/fl_alltiers_audit/outputs/sensitivity_ncsacpa_neighborhood_2/sensitivity_ncsacpa_neighborhood_2__seed9105__20261006-003632__b7cddc1f,0.292978857206025,clean,9105,0.9692,0.5186767578125
0.27839839338861566,0.57171630859375,0.568359375,0.9537549522016767,0.9204152249134948,0.0,74a52e0d420c6bf5037063c34b9a4b1f8ef99ebd8f3a0ac3966bda36e1419bcc,0.16184060547275295,sensitivity_ncsacpa_neighborhood_2,0.88868227193697,local,192,0.39969831391975247,0.24976964183658326,/mnt/data/fl_alltiers_audit/outputs/sensitivity_ncsacpa_neighborhood_2/sensitivity_ncsacpa_neighborhood_2__seed9105__20261006-003632__b7cddc1f,0.12675596725889082,clean,9105,0.9692,0.8404947916666666
0.2106071326483721,0.57171630859375,0.568359375,0.9537549522016767,0.9204152249134948,3880.0,74a52e0d420c6bf5037063c34b9a4b1f8ef99ebd8f3a0ac3966bda36e1419bcc,0.18790963120207682,sensitivity_ncsacpa_neighborhood_2,0.8769582700497798,nc_sacpa,192,0.21750894319901404,0.006966546436550043,/mnt/data/fl_alltiers_audit/outputs/sensitivity_ncsacpa_neighborhood_2/sensitivity_ncsacpa_neighborhood_2__seed9105__20261006-003632__b7cddc1f,0.23321953685341207,clean,9105,0.9692,0.6024983723958334
0.18655708330598236,0.57171630859375,0.568359375,0.9537549522016767,0.9204152249134948,3880.0,74a52e0d420c6bf5037063c34b9a4b1f8ef99ebd8f3a0ac3966bda36e1419bcc,0.18428161477234728,sensitivity_ncsacpa_neighborhood_2,0.878569768698596,sacpa_global_count,192,0.07900392867849436,0.04135521678800253,/mnt/data/fl_alltiers_audit/outputs/sensitivity_ncsacpa_neighborhood_2/sensitivity_ncsacpa_neighborhood_2__seed9105__20261006-003632__b7cddc1f,0.20958867461103592,clean,9105,0.9692,0.6332194010416666
0.2783435251168248,0.57171630859375,0.568359375,0.9537549522016767,0.9204152249134948,9000.0,74a52e0d420c6bf5037063c34b9a4b1f8ef99ebd8f3a0ac3966bda36e1419bcc,0.16689031686625339,sensitivity_ncsacpa_neighborhood_2,0.8860754697301995,ucpa,192,0.3996222512014024,8.843942349957544e-06,/mnt/data/fl_alltiers_audit/outputs/sensitivity_ncsacpa_neighborhood_2/sensitivity_ncsacpa_neighborhood_2__seed9105__20261006-003632__b7cddc1f,0.14712241802765058,clean,9105,0.9692,0.7462158203125
0.26739084597762386,0.57171630859375,0.568359375,0.9537549522016767,0.9204152249134948,9000.0,74a52e0d420c6bf5037063c34b9a4b1f8ef99ebd8f3a0ac3966bda36e1419bcc,0.1659413365481972,sensitivity_ncsacpa_neighborhood_2,0.8862007434656306,ucpa_coord_only,192,0.37649615599356806,0.01816169996606296,/mnt/data/fl_alltiers_audit/outputs/sensitivity_ncsacpa_neighborhood_2/sensitivity_ncsacpa_neighborhood_2__seed9105__20261006-003632__b7cddc1f,0.14598282552435704,clean,9105,0.9692,0.7420654296875
0.27806951767431815,0.57171630859375,0.568359375,0.9537549522016767,0.9204152249134948,9000.0,74a52e0d420c6bf5037063c34b9a4b1f8ef99ebd8f3a0ac3966bda36e1419bcc,0.16686575884771931,sensitivity_ncsacpa_neighborhood_2,0.8860430169937615,ucpa_whole_only,192,0.39930586791951267,5.808774692161713e-05,/mnt/data/fl_alltiers_audit/outputs/sensitivity_ncsacpa_neighborhood_2/sensitivity_ncsacpa_neighborhood_2__seed9105__20261006-003632__b7cddc1f,0.14706818808605907,clean,9105,0.9692,0.7458902994791667
0.24693260046034066,0.57171630859375,0.568359375,0.9537549522016767,0.9204152249134948,3880.0,74a52e0d420c6bf5037063c34b9a4b1f8ef99ebd8f3a0ac3966bda36e1419bcc,0.16686371935008232,sensitivity_ncsacpa_neighborhood_2,0.8864881989428832,xfedalign_median,192,0.26805636091538926,0.18035346764806032,/mnt/data/fl_alltiers_audit/outputs/sensitivity_ncsacpa_neighborhood_2/sensitivity_ncsacpa_neighborhood_2__seed9105__20261006-003632__b7cddc1f,0.14361674555424697,clean,9105,0.9692,0.7720540364583334
0.23965454650601753,0.57257080078125,0.54339599609375,0.9595234691839127,0.9008620689655172,3880.0,74a52e0d420c6bf5037063c34b9a4b1f8ef99ebd8f3a0ac3966bda36e1419bcc,0.15665923206759846,sensitivity_ncsacpa_neighborhood_2,0.8856528068274505,cluster,192,0.2803325322068978,0.08326586454490997,/mnt/data/fl_alltiers_audit/outputs/sensitivity_ncsacpa_neighborhood_2/sensitivity_ncsacpa_neighborhood_2__seed9101__20261005-234413__66a4c55a,0.14354613821148668,clean,9101,0.9492,0.764404296875
0.17731416798514474,0.57257080078125,0.54339599609375,0.9595234691839127,0.9008620689655172,3880.0,74a52e0d420c6bf5037063c34b9a4b1f8ef99ebd8f3a0ac3966bda36e1419bcc,0.22245094042860103,sensitivity_ncsacpa_neighborhood_2,0.8483556108607444,fedattr_mean,192,0.0,1.242008085290753e-17,/mnt/data/fl_alltiers_audit/outputs/sensitivity_ncsacpa_neighborhood_2/sensitivity_ncsacpa_neighborhood_2__seed9101__20261005-234413__66a4c55a,0.28669288457643316,clean,9101,0.9492,0.5159098307291667
0.282023306101716,0.57257080078125,0.54339599609375,0.9595234691839127,0.9008620689655172,0.0,74a52e0d420c6bf5037063c34b9a4b1f8ef99ebd8f3a0ac3966bda36e1419bcc,0.15462432798203735,sensitivity_ncsacpa_neighborhood_2,0.8871253028477895,local,192,0.3717410209434218,0.23912189832121417,/mnt/data/fl_alltiers_audit/outputs/sensitivity_ncsacpa_neighborhood_2/sensitivity_ncsacpa_neighborhood_2__seed9101__20261005-234413__66a4c55a,0.12852375732574475,clean,9101,0.9492,0.8314615885416667
0.2172497260072741,0.57257080078125,0.54339599609375,0.9595234691839127,0.9008620689655172,3880.0,74a52e0d420c6bf5037063c34b9a4b1f8ef99ebd8f3a0ac3966bda36e1419bcc,0.17966140798013536,sensitivity_ncsacpa_neighborhood_2,0.8713351240535606,nc_sacpa,192,0.20622168754875556,0.006407746621254328,/mnt/data/fl_alltiers_audit/outputs/sensitivity_ncsacpa_neighborhood_2/sensitivity_ncsacpa_neighborhood_2__seed9101__20261005-234413__66a4c55a,0.23653623481091582,clean,9101,0.9492,0.5858561197916667
0.18353445801584253,0.57257080078125,0.54339599609375,0.9595234691839127,0.9008620689655172,3880.0,74a52e0d420c6bf5037063c34b9a4b1f8ef99ebd8f3a0ac3966bda36e1419bcc,0.17396372648123964,sensitivity_ncsacpa_neighborhood_2,0.8751046613819805,sacpa_global_count,192,0.07126666790557264,0.03735448233966695,/mnt/data/fl_alltiers_audit/outputs/sensitivity_ncsacpa_neighborhood_2/sensitivity_ncsacpa_neighborhood_2__seed9101__20261005-234413__66a4c55a,0.20294825928946159,clean,9101,0.9492,0.6350504557291666
0.2819442215475232,0.57257080078125,0.54339599609375,0.9595234691839127,0.9008620689655172,9000.0,74a52e0d420c6bf5037063c34b9a4b1f8ef99ebd8f3a0ac3966bda36e1419bcc,0.15949346102091416,sensitivity_ncsacpa_neighborhood_2,0.8840987719089906,ucpa,192,0.3715488432865659,2.1620522454190248e-05,/mnt/data/fl_alltiers_audit/outputs/sensitivity_ncsacpa_neighborhood_2/sensitivity_ncsacpa_neighborhood_2__seed9101__20261005-234413__66a4c55a,0.14963664555586625,clean,9101,0.9492,0.7385660807291667
0.27261594632673136,0.57257080078125,0.54339599609375,0.9595234691839127,0.9008620689655172,9000.0,74a52e0d420c6bf5037063c34b9a4b1f8ef99ebd8f3a0ac3966bda36e1419bcc,0.15956074436344353,sensitivity_ncsacpa_neighborhood_2,0.8843312187022851,ucpa_coord_only,192,0.35119080764682714,0.013219391063651963,/mnt/data/fl_alltiers_audit/outputs/sensitivity_ncsacpa_neighborhood_2/sensitivity_ncsacpa_neighborhood_2__seed9101__20261005-234413__66a4c55a,0.1485926336062996,clean,9101,0.9492,0.7349853515625
0.28158275974912306,0.57257080078125,0.54339599609375,0.9595234691839127,0.9008620689655172,9000.0,74a52e0d420c6bf5037063c34b9a4b1f8ef99ebd8f3a0ac3966bda36e1419bcc,0.15941735216735348,sensitivity_ncsacpa_neighborhood_2,0.8841856515227997,ucpa_whole_only,192,0.3710511664163586,9.10984072933688e-05,/mnt/data/fl_alltiers_audit/outputs/sensitivity_ncsacpa_neighborhood_2/sensitivity_ncsacpa_neighborhood_2__seed9101__20261005-234413__66a4c55a,0.1495748019625483,clean,9101,0.9492,0.7383219401041667
0.25151925056759783,0.57257080078125,0.54339599609375,0.9595234691839127,0.9008620689655172,3880.0,74a52e0d420c6bf5037063c34b9a4b1f8ef99ebd8f3a0ac3966bda36e1419bcc,0.1583510742414243,sensitivity_ncsacpa_neighborhood_2,0.8851320243678855,xfedalign_median,192,0.2516741447313263,0.18022814062851333,/mnt/data/fl_alltiers_audit/outputs/sensitivity_ncsacpa_neighborhood_2/sensitivity_ncsacpa_neighborhood_2__seed9101__20261005-234413__66a4c55a,0.14592968838009002,clean,9101,0.9492,0.7637532552083333
0.22526543902812984,0.5418701171875,0.534393310546875,0.9546287084885665,0.9027777777777778,3880.0,74a52e0d420c6bf5037063c34b9a4b1f8ef99ebd8f3a0ac3966bda36e1419bcc,0.16189955483317436,sensitivity_ncsacpa_neighborhood_2,0.8981354729334271,cluster,192,0.2835291716520836,0.08220818923395966,/mnt/data/fl_alltiers_audit/outputs/sensitivity_ncsacpa_neighborhood_2/sensitivity_ncsacpa_neighborhood_2__seed9102__20261005-235709__a259070e,0.13763863636916593,clean,9102,0.9725,0.7654622395833334
0.15266164072228275,0.5418701171875,0.534393310546875,0.9546287084885665,0.9027777777777778,3880.0,74a52e0d420c6bf5037063c34b9a4b1f8ef99ebd8f3a0ac3966bda36e1419bcc,0.21125415004905035,sensitivity_ncsacpa_neighborhood_2,0.8687237994108727,fedattr_mean,192,0.0,1.976755699931275e-17,/mnt/data/fl_alltiers_audit/outputs/sensitivity_ncsacpa_neighborhood_2/sensitivity_ncsacpa_neighborhood_2__seed9102__20261005-235709__a259070e,0.2739394153697019,clean,9102,0.9725,0.5348714192708334
0.2705430676057753,0.5418701171875,0.534393310546875,0.9546287084885665,0.9027777777777778,0.0,74a52e0d420c6bf5037063c34b9a4b1f8ef99ebd8f3a0ac3966bda36e1419bcc,0.16014369611348228,sensitivity_ncsacpa_neighborhood_2,0.8984286420036369,local,192,0.3846317580937864,0.23540308225957074,/mnt/data/fl_alltiers_audit/outputs/sensitivity_ncsacpa_neighborhood_2/sensitivity_ncsacpa_neighborhood_2__seed9102__20261005-235709__a259070e,0.12114774844123295,clean,9102,0.9725,0.8388671875
0.2024888103594994,0.5418701171875,0.534393310546875,0.9546287084885665,0.9027777777777778,3880.0,74a52e0d420c6bf5037063c34b9a4b1f8ef99ebd8f3a0ac3966bda36e1419bcc,0.17727665139088156,sensitivity_ncsacpa_neighborhood_2,0.887001882098169,nc_sacpa,192,0.21293412712846282,0.006546927569579655,/mnt/data/fl_alltiers_audit/outputs/sensitivity_ncsacpa_neighborhood_2/sensitivity_ncsacpa_neighborhood_2__seed9102__20261005-235709__a259070e,0.23135648009011728,clean,9102,0.9725,0.5974934895833334
0.1609298719799706,0.5418701171875,0.534393310546875,0.9546287084885665,0.9027777777777778,3880.0,74a52e0d420c6bf5037063c34b9a4b1f8ef99ebd8f3a0ac3966bda36e1419bcc,0.17208303236283579,sensitivity_ncsacpa_neighborhood_2,0.8912408859173107,sacpa_global_count,192,0.07179764815503277,0.036676906736102945,/mnt/data/fl_alltiers_audit/outputs/sensitivity_ncsacpa_neighborhood_2/sensitivity_ncsacpa_neighborhood_2__seed9102__20261005-235709__a259070e,0.19293379317091403,clean,9102,0.9725,0.6566569010416666
0.27045293562573713,0.5418701171875,0.534393310546875,0.9546287084885665,0.9027777777777778,9000.0,74a52e0d420c6bf5037063c34b9a4b1f8ef99ebd8f3a0ac3966bda36e1419bcc,0.1620221195597272,sensitivity_ncsacpa_neighborhood_2,0.895690748135227,ucpa,192,0.3845317104927312,1.2776250680329101e-05,/mnt/data/fl_alltiers_audit/outputs/sensitivity_ncsacpa_neighborhood_2/sensitivity_ncsacpa_neighborhood_2__seed9102__20261005-235709__a259070e,0.1423181465401139,clean,9102,0.9725,0.7451578776041667
0.25881404138614383,0.5418701171875,0.534393310546875,0.9546287084885665,0.9027777777777778,9000.0,74a52e0d420c6bf5037063c34b9a4b1f8ef99ebd8f3a0ac3966bda36e1419bcc,0.16225667844370645,sensitivity_ncsacpa_neighborhood_2,0.8961582843994014,ucpa_coord_only,192,0.36213090693618893,0.01695191440023966,/mnt/data/fl_alltiers_audit/outputs/sensitivity_ncsacpa_neighborhood_2/sensitivity_ncsacpa_neighborhood_2__seed9102__20261005-235709__a259070e,0.14135936997708545,clean,9102,0.9725,0.740234375
0.2699912375137446,0.5418701171875,0.534393310546875,0.9546287084885665,0.9027777777777778,9000.0,74a52e0d420c6bf5037063c34b9a4b1f8ef99ebd8f3a0ac3966bda36e1419bcc,0.16204888383948252,sensitivity_ncsacpa_neighborhood_2,0.8956292380025237,ucpa_whole_only,192,0.38402137508910295,9.860840671599071e-05,/mnt/data/fl_alltiers_audit/outputs/sensitivity_ncsacpa_neighborhood_2/sensitivity_ncsacpa_neighborhood_2__seed9102__20261005-235709__a259070e,0.14226962499760498,clean,9102,0.9725,0.7448323567708333
0.2369050677457316,0.5418701171875,0.534393310546875,0.9546287084885665,0.9027777777777778,3880.0,74a52e0d420c6bf5037063c34b9a4b1f8ef99ebd8f3a0ac3966bda36e1419bcc,0.16246770774378091,sensitivity_ncsacpa_neighborhood_2,0.89811845524758,xfedalign_median,192,0.2551642158396884,0.16480440934213927,/mnt/data/fl_alltiers_audit/outputs/sensitivity_ncsacpa_neighborhood_2/sensitivity_ncsacpa_neighborhood_2__seed9102__20261005-235709__a259070e,0.1364737637541962,clean,9102,0.9725,0.7694905598958334
0.24762731272373406,0.570587158203125,0.54986572265625,0.9707223770476254,0.9388379204892966,3880.0,e65dc5197477842878c293ee7a1dda57407c096b1712dabc99f239469f2f9695,0.1558239436664735,core_mnist_label_skew,0.9140043759134642,cluster,192,0.2576505537326024,0.07493218435080282,/mnt/data/fl_alltiers_audit/outputs/core_mnist_label_skew/core_mnist_label_skew__seed9104__20261004-232322__5218d4d6,0.14327409256900062,clean,9104,0.9737,0.7814534505208334
0.1765985985354027,0.570587158203125,0.54986572265625,0.9707223770476254,0.9388379204892966,3880.0,e65dc5197477842878c293ee7a1dda57407c096b1712dabc99f239469f2f9695,0.2321070491644226,core_mnist_label_skew,0.8823230325258918,fedattr_mean,192,0.0,1.9901718815772796e-17,/mnt/data/fl_alltiers_audit/outputs/core_mnist_label_skew/core_mnist_label_skew__seed9104__20261004-232322__5218d4d6,0.29799413613599557,clean,9104,0.9737,0.5288492838541667
0.2903909821784189,0.570587158203125,0.54986572265625,0.9707223770476254,0.9388379204892966,0.0,e65dc5197477842878c293ee7a1dda57407c096b1712dabc99f239469f2f9695,0.1525737263750974,core_mnist_label_skew,0.9154583699027474,local,192,0.34820811314808964,0.2173582501669774,/mnt/data/fl_alltiers_audit/outputs/core_mnist_label_skew/core_mnist_label_skew__seed9104__20261004-232322__5218d4d6,0.12281131174839313,clean,9104,0.9737,0.8882649739583334
0.20098269885426925,0.570587158203125,0.54986572265625,0.9707223770476254,0.9388379204892966,3880.0,e65dc5197477842878c293ee7a1dda57407c096b1712dabc99f239469f2f9695,0.18114442749344262,core_mnist_label_skew,0.9060343799583885,nc_sacpa,192,0.11807723236722593,0.006998489692045206,/mnt/data/fl_alltiers_audit/outputs/core_mnist_label_skew/core_mnist_label_skew__seed9104__20261004-232322__5218d4d6,0.23810383618666464,clean,9104,0.9737,0.5936686197916667
0.1894073903368541,0.570587158203125,0.54986572265625,0.9707223770476254,0.9388379204892966,3880.0,e65dc5197477842878c293ee7a1dda57407c096b1712dabc99f239469f2f9695,0.16947141914164,core_mnist_label_skew,0.9066148873863615,sacpa_global_count,192,0.06313257060913767,0.033501561971672894,/mnt/data/fl_alltiers_audit/outputs/core_mnist_label_skew/core_mnist_label_skew__seed9104__20261004-232322__5218d4d6,0.20687872367507637,clean,9104,0.9737,0.65185546875
0.2901999443881129,0.570587158203125,0.54986572265625,0.9707223770476254,0.9388379204892966,9000.0,e65dc5197477842878c293ee7a1dda57407c096b1712dabc99f239469f2f9695,0.15581217002763878,core_mnist_label_skew,0.9132246350328084,ucpa,192,0.3479445701486735,3.2673645420017246e-05,/mnt/data/fl_alltiers_audit/outputs/core_mnist_label_skew/core_mnist_label_skew__seed9104__20261004-232322__5218d4d6,0.14729951258760698,clean,9104,0.9737,0.7515462239583333
0.27823178860357767,0.570587158203125,0.54986572265625,0.9707223770476254,0.9388379204892966,9000.0,e65dc5197477842878c293ee7a1dda57407c096b1712dabc99f239469f2f9695,0.15545148221111355,core_mnist_label_skew,0.9139907887489851,ucpa_coord_only,192,0.32262509439623616,0.017915215479031774,/mnt/data/fl_alltiers_audit/outputs/core_mnist_label_skew/core_mnist_label_skew__seed9104__20261004-232322__5218d4d6,0.1464493435281704,clean,9104,0.9737,0.7497151692708334
0.2893557722733679,0.570587158203125,0.54986572265625,0.9707223770476254,0.9388379204892966,9000.0,e65dc5197477842878c293ee7a1dda57407c096b1712dabc99f239469f2f9695,0.15548992146529295,core_mnist_label_skew,0.9132956602534856,ucpa_whole_only,192,0.34689205131597833,0.00023155034291786976,/mnt/data/fl_alltiers_audit/outputs/core_mnist_label_skew/core_mnist_label_skew__seed9104__20261004-232322__5218d4d6,0.14719541728327695,clean,9104,0.9737,0.7518717447916667
0.2550006508196082,0.570587158203125,0.54986572265625,0.9707223770476254,0.9388379204892966,3880.0,e65dc5197477842878c293ee7a1dda57407c096b1712dabc99f239469f2f9695,0.15631597065682096,core_mnist_label_skew,0.9143603621426033,xfedalign_median,192,0.2267132954740732,0.1419644596160842,/mnt/data/fl_alltiers_audit/outputs/core_mnist_label_skew/core_mnist_label_skew__seed9104__20261004-232322__5218d4d6,0.14133253961259348,clean,9104,0.9737,0.7786051432291667
0.26548135413728857,0.578643798828125,0.555206298828125,0.9742090770881675,0.9461206896551724,3880.0,e65dc5197477842878c293ee7a1dda57407c096b1712dabc99f239469f2f9695,0.1582705384292391,core_mnist_label_skew,0.9226873990997168,cluster,192,0.2729165809239783,0.08088587736705653,/mnt/data/fl_alltiers_audit/outputs/core_mnist_label_skew/core_mnist_label_skew__seed9101__20261004-223532__0cb53a63,0.14626390068588824,clean,9101,0.9757,0.7768147786458334
0.20367113907535578,0.578643798828125,0.555206298828125,0.9742090770881675,0.9461206896551724,3880.0,e65dc5197477842878c293ee7a1dda57407c096b1712dabc99f239469f2f9695,0.25103287961510057,core_mnist_label_skew,0.8895577999711198,fedattr_mean,192,0.0,1.4015474900272894e-17,/mnt/data/fl_alltiers_audit/outputs/core_mnist_label_skew/core_mnist_label_skew__seed9101__20261004-223532__0cb53a63,0.3086012989474638,clean,9101,0.9757,0.5257161458333333
0.30729979158821824,0.578643798828125,0.555206298828125,0.9742090770881675,0.9461206896551724,0.0,e65dc5197477842878c293ee7a1dda57407c096b1712dabc99f239469f2f9695,0.15517428641384945,core_mnist_label_skew,0.9234415433067624,local,192,0.3671545729469661,0.2332575379312521,/mnt/data/fl_alltiers_audit/outputs/core_mnist_label_skew/core_mnist_label_skew__seed9101__20261004-223532__0cb53a63,0.12514230049448785,clean,9101,0.9757,0.893798828125
0.22037008694089205,0.578643798828125,0.555206298828125,0.9742090770881675,0.9461206896551724,3880.0,e65dc5197477842878c293ee7a1dda57407c096b1712dabc99f239469f2f9695,0.18717941026477547,core_mnist_label_skew,0.9122226410242243,nc_sacpa,192,0.12728353986009444,0.007566098631476422,/mnt/data/fl_alltiers_audit/outputs/core_mnist_label_skew/core_mnist_label_skew__seed9101__20261004-223532__0cb53a63,0.24169031416620823,clean,9101,0.9757,0.5894368489583333
0.20823581604485872,0.578643798828125,0.555206298828125,0.9742090770881675,0.9461206896551724,3880.0,e65dc5197477842878c293ee7a1dda57407c096b1712dabc99f239469f2f9695,0.18176682426771057,core_mnist_label_skew,0.9179319079411774,sacpa_global_count,192,0.06900434108456031,0.0351510103048261,/mnt/data/fl_alltiers_audit/outputs/core_mnist_label_skew/core_mnist_label_skew__seed9101__20261004-223532__0cb53a63,0.20752300182041597,clean,9101,0.9757,0.6497395833333333
0.3071552671927943,0.578643798828125,0.555206298828125,0.9742090770881675,0.9461206896551724,9000.0,e65dc5197477842878c293ee7a1dda57407c096b1712dabc99f239469f2f9695,0.15977656957911676,core_mnist_label_skew,0.9215028272534256,ucpa,192,0.36691243883003394,2.9342352615810592e-05,/mnt/data/fl_alltiers_audit/outputs/core_mnist_label_skew/core_mnist_label_skew__seed9101__20261004-223532__0cb53a63,0.14948538309204537,clean,9101,0.9757,0.7451578776041667
0.29395204578259176,0.578643798828125,0.555206298828125,0.9742090770881675,0.9461206896551724,9000.0,e65dc5197477842878c293ee7a1dda57407c096b1712dabc99f239469f2f9695,0.1590598462418408,core_mnist_label_skew,0.9214447173787145,ucpa_coord_only,192,0.33548564395756897,0.02418176680737508,/mnt/data/fl_alltiers_audit/outputs/core_mnist_label_skew/core_mnist_label_skew__seed9101__20261004-223532__0cb53a63,0.148621783875866,clean,9101,0.9757,0.7414957682291666
0.30659139941999514,0.578643798828125,0.555206298828125,0.9742090770881675,0.9461206896551724,9000.0,e65dc5197477842878c293ee7a1dda57407c096b1712dabc99f239469f2f9695,0.1596580432592115,core_mnist_label_skew,0.9214636028579358,ucpa_whole_only,192,0.36619730430032144,0.0001534117356879131,/mnt/data/fl_alltiers_audit/outputs/core_mnist_label_skew/core_mnist_label_skew__seed9101__20261004-223532__0cb53a63,0.14939257452435487,clean,9101,0.9757,0.7451578776041667
0.2726956439346786,0.578643798828125,0.555206298828125,0.9742090770881675,0.9461206896551724,3880.0,e65dc5197477842878c293ee7a1dda57407c096b1712dabc99f239469f2f9695,0.1592486805812617,core_mnist_label_skew,0.9233015181632558,xfedalign_median,192,0.24206587886139916,0.16137187688625843,/mnt/data/fl_alltiers_audit/outputs/core_mnist_label_skew/core_mnist_label_skew__seed9101__20261004-223532__0cb53a63,0.14419712236490267,clean,9101,0.9757,0.78515625
0.24125681267716526,0.5361328125,0.539398193359375,0.9790645646926087,0.947603121516165,3880.0,e65dc5197477842878c293ee7a1dda57407c096b1712dabc99f239469f2f9695,0.1674698393839814,core_mnist_label_skew,0.927302093267887,cluster,192,0.2605892037932894,0.0786723029442243,/mnt/data/fl_alltiers_audit/outputs/core_mnist_label_skew/core_mnist_label_skew__seed9102__20261004-225142__41bac18c,0.13655776754138246,clean,9102,0.9762,0.7753499348958333
0.16531297216099594,0.5361328125,0.539398193359375,0.9790645646926087,0.947603121516165,3880.0,e65dc5197477842878c293ee7a1dda57407c096b1712dabc99f239469f2f9695,0.23068684378692222,core_mnist_label_skew,0.9005657241771889,fedattr_mean,192,0.0,1.6463363979239967e-17,/mnt/data/fl_alltiers_audit/outputs/core_mnist_label_skew/core_mnist_label_skew__seed9102__20261004-225142__41bac18c,0.2883618883651331,clean,9102,0.9762,0.5330403645833333
0.28452375359010407,0.5361328125,0.539398193359375,0.9790645646926087,0.947603121516165,0.0,e65dc5197477842878c293ee7a1dda57407c096b1712dabc99f239469f2f9695,0.16529128518101668,core_mnist_label_skew,0.9278481391314319,local,192,0.3541411018559218,0.22175974228851797,/mnt/data/fl_alltiers_audit/outputs/core_mnist_label_skew/core_mnist_label_skew__seed9102__20261004-225142__41bac18c,0.11516743827655067,clean,9102,0.9762,0.8933919270833334
0.19685077312999974,0.5361328125,0.539398193359375,0.9790645646926087,0.947603121516165,3880.0,e65dc5197477842878c293ee7a1dda57407c096b1712dabc99f239469f2f9695,0.18895347122488604,core_mnist_label_skew,0.915785560317939,nc_sacpa,192,0.12648982277213233,0.006893711871183321,/mnt/data/fl_alltiers_audit/outputs/core_mnist_label_skew/core_mnist_label_skew__seed9102__20261004-225142__41bac18c,0.22788889553060154,clean,9102,0.9762,0.6023763020833334
0.18251256070622984,0.5361328125,0.539398193359375,0.9790645646926087,0.947603121516165,3880.0,e65dc5197477842878c293ee7a1dda57407c096b1712dabc99f239469f2f9695,0.1801394864306834,core_mnist_label_skew,0.9211864650516266,sacpa_global_count,192,0.06658411028836039,0.03460704450457051,/mnt/data/fl_alltiers_audit/outputs/core_mnist_label_skew/core_mnist_label_skew__seed9102__20261004-225142__41bac18c,0.20165974439906473,clean,9102,0.9762,0.6610107421875
0.28426040322992663,0.5361328125,0.539398193359375,0.9790645646926087,0.947603121516165,9000.0,e65dc5197477842878c293ee7a1dda57407c096b1712dabc99f239469f2f9695,0.16818294120039354,core_mnist_label_skew,0.9260614096951031,ucpa,192,0.3538202978668472,4.6450617442506687e-05,/mnt/data/fl_alltiers_audit/outputs/core_mnist_label_skew/core_mnist_label_skew__seed9102__20261004-225142__41bac18c,0.13901065944639104,clean,9102,0.9762,0.7457682291666667
0.2700582971441152,0.5361328125,0.539398193359375,0.9790645646926087,0.947603121516165,9000.0,e65dc5197477842878c293ee7a1dda57407c096b1712dabc99f239469f2f9695,0.1677486207772821,core_mnist_label_skew,0.9265879822754264,ucpa_coord_only,192,0.3254352339244095,0.021060808971754198,/mnt/data/fl_alltiers_audit/outputs/core_mnist_label_skew/core_mnist_label_skew__seed9102__20261004-225142__41bac18c,0.1383750662619025,clean,9102,0.9762,0.7427164713541667
0.28312386814307744,0.5361328125,0.539398193359375,0.9790645646926087,0.947603121516165,9000.0,e65dc5197477842878c293ee7a1dda57407c096b1712dabc99f239469f2f9695,0.1681789721844325,core_mnist_label_skew,0.9261724984455213,ucpa_whole_only,192,0.3524351591937934,0.0003723605320955503,/mnt/data/fl_alltiers_audit/outputs/core_mnist_label_skew/core_mnist_label_skew__seed9102__20261004-225142__41bac18c,0.1388973159519139,clean,9102,0.9762,0.7449544270833333
0.2523057359721291,0.5361328125,0.539398193359375,0.9790645646926087,0.947603121516165,3880.0,e65dc5197477842878c293ee7a1dda57407c096b1712dabc99f239469f2f9695,0.16961272622411344,core_mnist_label_skew,0.9261803947571026,xfedalign_median,192,0.2329045096416171,0.15067900106278426,/mnt/data/fl_alltiers_audit/outputs/core_mnist_label_skew/core_mnist_label_skew__seed9102__20261004-225142__41bac18c,0.1351467978753781,clean,9102,0.9762,0.7743733723958333
0.2518599985079234,0.564971923828125,0.567474365234375,0.9757602244421969,0.9623655913978495,3880.0,e65dc5197477842878c293ee7a1dda57407c096b1712dabc99f239469f2f9695,0.17102374248182362,core_mnist_label_skew,0.9291137995739214,cluster,192,0.25810157560799313,0.0925725137542062,/mnt/data/fl_alltiers_audit/outputs/core_mnist_label_skew/core_mnist_label_skew__seed9105__20261004-233942__a60c6795,0.14727807719991648,clean,9105,0.9796,0.7796630859375
0.1933065163350544,0.564971923828125,0.567474365234375,0.9757602244421969,0.9623655913978495,3880.0,e65dc5197477842878c293ee7a1dda57407c096b1712dabc99f239469f2f9695,0.2571027325175919,core_mnist_label_skew,0.8811039384627293,fedattr_mean,192,0.0,1.7604467558418665e-17,/mnt/data/fl_alltiers_audit/outputs/core_mnist_label_skew/core_mnist_label_skew__seed9105__20261004-233942__a60c6795,0.3131052117947708,clean,9105,0.9796,0.5020345052083333
0.29469852588631046,0.564971923828125,0.567474365234375,0.9757602244421969,0.9623655913978495,0.0,e65dc5197477842878c293ee7a1dda57407c096b1712dabc99f239469f2f9695,0.16872426229486642,core_mnist_label_skew,0.9298199921978569,local,192,0.3667517319401094,0.23687722324332394,/mnt/data/fl_alltiers_audit/outputs/core_mnist_label_skew/core_mnist_label_skew__seed9105__20261004-233942__a60c6795,0.12542858666816506,clean,9105,0.9796,0.9027913411458333
0.20223678613419768,0.564971923828125,0.567474365234375,0.9757602244421969,0.9623655913978495,3880.0,e65dc5197477842878c293ee7a1dda57407c096b1712dabc99f239469f2f9695,0.19857476209082658,core_mnist_label_skew,0.916093174091111,nc_sacpa,192,0.13453646234580902,0.007142524329982388,/mnt/data/fl_alltiers_audit/outputs/core_mnist_label_skew/core_mnist_label_skew__seed9105__20261004-233942__a60c6795,0.23686052465594,clean,9105,0.9796,0.6015625
0.21028636481788165,0.564971923828125,0.567474365234375,0.9757602244421969,0.9623655913978495,3880.0,e65dc5197477842878c293ee7a1dda57407c096b1712dabc99f239469f2f9695,0.1912824983350362,core_mnist_label_skew,0.9191328441505296,sacpa_global_count,192,0.07299623474583117,0.03798299222382559,/mnt/data/fl_alltiers_audit/outputs/core_mnist_label_skew/core_mnist_label_skew__seed9105__20261004-233942__a60c6795,0.22039612926569138,clean,9105,0.9796,0.6371663411458334
0.2945138212452658,0.564971923828125,0.567474365234375,0.9757602244421969,0.9623655913978495,9000.0,e65dc5197477842878c293ee7a1dda57407c096b1712dabc99f239469f2f9695,0.17435869639812157,core_mnist_label_skew,0.9278212871292151,ucpa,192,0.3664961774462798,3.335377739078874e-05,/mnt/data/fl_alltiers_audit/outputs/core_mnist_label_skew/core_mnist_label_skew__seed9105__20261004-233942__a60c6795,0.1489366779773899,clean,9105,0.9796,0.7511393229166667
0.28235177453795124,0.564971923828125,0.567474365234375,0.9757602244421969,0.9623655913978495,9000.0,e65dc5197477842878c293ee7a1dda57407c096b1712dabc99f239469f2f9695,0.17400617458809697,core_mnist_label_skew,0.9272724746654906,ucpa_coord_only,192,0.3402654674334641,0.01889554091281742,/mnt/data/fl_alltiers_audit/outputs/core_mnist_label_skew/core_mnist_label_skew__seed9105__20261004-233942__a60c6795,0.14818453213417526,clean,9105,0.9796,0.7455647786458334
0.2938938168600649,0.564971923828125,0.567474365234375,0.9757602244421969,0.9623655913978495,9000.0,e65dc5197477842878c293ee7a1dda57407c096b1712dabc99f239469f2f9695,0.17437294675886128,core_mnist_label_skew,0.9278241392037065,ucpa_whole_only,192,0.36563957857899604,0.00018376258730515285,/mnt/data/fl_alltiers_audit/outputs/core_mnist_label_skew/core_mnist_label_skew__seed9105__20261004-233942__a60c6795,0.14882402982516435,clean,9105,0.9796,0.7505696614583334
0.2654811830589083,0.564971923828125,0.567474365234375,0.9757602244421969,0.9623655913978495,3880.0,e65dc5197477842878c293ee7a1dda57407c096b1712dabc99f239469f2f9695,0.17315705430856573,core_mnist_label_skew,0.928223432733527,xfedalign_median,192,0.2450884523658643,0.16730267962131812,/mnt/data/fl_alltiers_audit/outputs/core_mnist_label_skew/core_mnist_label_skew__seed9105__20261004-233942__a60c6795,0.1468218588733665,clean,9105,0.9796,0.7773844401041667
0.2518236211330382,0.542633056640625,0.512481689453125,0.9738849456844128,0.9629629629629629,3880.0,e65dc5197477842878c293ee7a1dda57407c096b1712dabc99f239469f2f9695,0.17633184465606372,core_mnist_label_skew,0.9308621054007364,cluster,192,0.271921443416884,0.08086134524645194,/mnt/data/fl_alltiers_audit/outputs/core_mnist_label_skew/core_mnist_label_skew__seed9103__20261004-230748__f17f88d4,0.15072532258862764,clean,9103,0.9782,0.7640787760416667
0.19386285195618266,0.542633056640625,0.512481689453125,0.9738849456844128,0.9629629629629629,3880.0,e65dc5197477842878c293ee7a1dda57407c096b1712dabc99f239469f2f9695,0.26696703866300786,core_mnist_label_skew,0.8850967569186954,fedattr_mean,192,0.0,1.6397645325557066e-17,/mnt/data/fl_alltiers_audit/outputs/core_mnist_label_skew/core_mnist_label_skew__seed9103__20261004-230748__f17f88d4,0.3222246425029103,clean,9103,0.9782,0.480224609375
0.2861440975976607,0.542633056640625,0.512481689453125,0.9738849456844128,0.9629629629629629,0.0,e65dc5197477842878c293ee7a1dda57407c096b1712dabc99f239469f2f9695,0.171515270225306,core_mnist_label_skew,0.9323189169062971,local,192,0.35114199541061075,0.23515026212444912,/mnt/data/fl_alltiers_audit/outputs/core_mnist_label_skew/core_mnist_label_skew__seed9103__20261004-230748__f17f88d4,0.12862393899883365,clean,9103,0.9782,0.8993326822916667
0.20227519230302388,0.542633056640625,0.512481689453125,0.9738849456844128,0.9629629629629629,3880.0,e65dc5197477842878c293ee7a1dda57407c096b1712dabc99f239469f2f9695,0.2047921679871555,core_mnist_label_skew,0.915385501945093,nc_sacpa,192,0.12468591503531949,0.007445878777764842,/mnt/data/fl_alltiers_audit/outputs/core_mnist_label_skew/core_mnist_label_skew__seed9103__20261004-230748__f17f88d4,0.24304814703188088,clean,9103,0.9782,0.5879313151041666
0.21342994359815634,0.542633056640625,0.512481689453125,0.9738849456844128,0.9629629629629629,3880.0,e65dc5197477842878c293ee7a1dda57407c096b1712dabc99f239469f2f9695,0.20160797012067633,core_mnist_label_skew,0.9211933737954647,sacpa_global_count,192,0.06978673971889036,0.04042459614573875,/mnt/data/fl_alltiers_audit/outputs/core_mnist_label_skew/core_mnist_label_skew__seed9103__20261004-230748__f17f88d4,0.22900191040336115,clean,9103,0.9782,0.6263834635416667
0.28593118364773207,0.542633056640625,0.512481689453125,0.9738849456844128,0.9629629629629629,9000.0,e65dc5197477842878c293ee7a1dda57407c096b1712dabc99f239469f2f9695,0.1766415504855104,core_mnist_label_skew,0.9302756308167621,ucpa,192,0.3508323678961668,3.862899684195556e-05,/mnt/data/fl_alltiers_audit/outputs/core_mnist_label_skew/core_mnist_label_skew__seed9103__20261004-230748__f17f88d4,0.15320606649151175,clean,9103,0.9782,0.7473958333333333
0.27366213820975394,0.542633056640625,0.512481689453125,0.9738849456844128,0.9629629629629629,9000.0,e65dc5197477842878c293ee7a1dda57407c096b1712dabc99f239469f2f9695,0.1772216766455434,core_mnist_label_skew,0.930411193699547,ucpa_coord_only,192,0.3224104345759587,0.021356102527345266,/mnt/data/fl_alltiers_audit/outputs/core_mnist_label_skew/core_mnist_label_skew__seed9103__20261004-230748__f17f88d4,0.15196304765633595,clean,9103,0.9782,0.7420247395833334
0.28501332625056186,0.542633056640625,0.512481689453125,0.9738849456844128,0.9629629629629629,9000.0,e65dc5197477842878c293ee7a1dda57407c096b1712dabc99f239469f2f9695,0.17688721159259635,core_mnist_label_skew,0.9304902826394179,ucpa_whole_only,192,0.34959102344472553,0.0002845262208184707,/mnt/data/fl_alltiers_audit/outputs/core_mnist_label_skew/core_mnist_label_skew__seed9103__20261004-230748__f17f88d4,0.1530751997959246,clean,9103,0.9782,0.7471110026041666
0.2606124159131667,0.542633056640625,0.512481689453125,0.9738849456844128,0.9629629629629629,3880.0,e65dc5197477842878c293ee7a1dda57407c096b1712dabc99f239469f2f9695,0.1747752351087305,core_mnist_label_skew,0.9312919533961577,xfedalign_median,192,0.2385168903474274,0.1671533695566093,/mnt/data/fl_alltiers_audit/outputs/core_mnist_label_skew/core_mnist_label_skew__seed9103__20261004-230748__f17f88d4,0.15058317073144506,clean,9103,0.9782,0.78857421875
0.22526543902812984,0.5418701171875,0.534393310546875,0.9546287084885665,0.9027777777777778,3880.0,79cad45c12ca167caa321725402351cbcd191fff60358dbb2349126d7c5d6eaf,0.16189955483317436,sweep_mnist_topk_128,0.8981354729334271,cluster,192,0.2835291716520836,0.08220818923395966,/mnt/data/fl_alltiers_audit/outputs/sweep_mnist_topk_128/sweep_mnist_topk_128__seed9102__20261005-123701__ffebe008,0.13763863636916593,clean,9102,0.9725,0.7654622395833334
0.15266164072228275,0.5418701171875,0.534393310546875,0.9546287084885665,0.9027777777777778,3880.0,79cad45c12ca167caa321725402351cbcd191fff60358dbb2349126d7c5d6eaf,0.21125415004905035,sweep_mnist_topk_128,0.8687237994108727,fedattr_mean,192,0.0,1.976755699931275e-17,/mnt/data/fl_alltiers_audit/outputs/sweep_mnist_topk_128/sweep_mnist_topk_128__seed9102__20261005-123701__ffebe008,0.2739394153697019,clean,9102,0.9725,0.5348714192708334
0.2705430676057753,0.5418701171875,0.534393310546875,0.9546287084885665,0.9027777777777778,0.0,79cad45c12ca167caa321725402351cbcd191fff60358dbb2349126d7c5d6eaf,0.16014369611348228,sweep_mnist_topk_128,0.8984286420036369,local,192,0.3846317580937864,0.23540308225957074,/mnt/data/fl_alltiers_audit/outputs/sweep_mnist_topk_128/sweep_mnist_topk_128__seed9102__20261005-123701__ffebe008,0.12114774844123295,clean,9102,0.9725,0.8388671875
0.18265152649277033,0.5418701171875,0.534393310546875,0.9546287084885665,0.9027777777777778,3880.0,79cad45c12ca167caa321725402351cbcd191fff60358dbb2349126d7c5d6eaf,0.17948998675239336,sweep_mnist_topk_128,0.885942207287735,nc_sacpa,192,0.15373214881400343,0.007516793233940449,/mnt/data/fl_alltiers_audit/outputs/sweep_mnist_topk_128/sweep_mnist_topk_128__seed9102__20261005-123701__ffebe008,0.22553855238857698,clean,9102,0.9725,0.6001383463541666
0.1609298719799706,0.5418701171875,0.534393310546875,0.9546287084885665,0.9027777777777778,3880.0,79cad45c12ca167caa321725402351cbcd191fff60358dbb2349126d7c5d6eaf,0.17208303236283579,sweep_mnist_topk_128,0.8912408859173107,sacpa_global_count,192,0.07179764815503277,0.036676906736102945,/mnt/data/fl_alltiers_audit/outputs/sweep_mnist_topk_128/sweep_mnist_topk_128__seed9102__20261005-123701__ffebe008,0.19293379317091403,clean,9102,0.9725,0.6566569010416666
0.27045293562573713,0.5418701171875,0.534393310546875,0.9546287084885665,0.9027777777777778,9000.0,79cad45c12ca167caa321725402351cbcd191fff60358dbb2349126d7c5d6eaf,0.1620221195597272,sweep_mnist_topk_128,0.895690748135227,ucpa,192,0.3845317104927312,1.2776250680329101e-05,/mnt/data/fl_alltiers_audit/outputs/sweep_mnist_topk_128/sweep_mnist_topk_128__seed9102__20261005-123701__ffebe008,0.1423181465401139,clean,9102,0.9725,0.7451578776041667
0.25881404138614383,0.5418701171875,0.534393310546875,0.9546287084885665,0.9027777777777778,9000.0,79cad45c12ca167caa321725402351cbcd191fff60358dbb2349126d7c5d6eaf,0.16225667844370645,sweep_mnist_topk_128,0.8961582843994014,ucpa_coord_only,192,0.36213090693618893,0.01695191440023966,/mnt/data/fl_alltiers_audit/outputs/sweep_mnist_topk_128/sweep_mnist_topk_128__seed9102__20261005-123701__ffebe008,0.14135936997708545,clean,9102,0.9725,0.740234375
0.2699912375137446,0.5418701171875,0.534393310546875,0.9546287084885665,0.9027777777777778,9000.0,79cad45c12ca167caa321725402351cbcd191fff60358dbb2349126d7c5d6eaf,0.16204888383948252,sweep_mnist_topk_128,0.8956292380025237,ucpa_whole_only,192,0.38402137508910295,9.860840671599071e-05,/mnt/data/fl_alltiers_audit/outputs/sweep_mnist_topk_128/sweep_mnist_topk_128__seed9102__20261005-123701__ffebe008,0.14226962499760498,clean,9102,0.9725,0.7448323567708333
0.2369050677457316,0.5418701171875,0.534393310546875,0.9546287084885665,0.9027777777777778,3880.0,79cad45c12ca167caa321725402351cbcd191fff60358dbb2349126d7c5d6eaf,0.16246770774378091,sweep_mnist_topk_128,0.89811845524758,xfedalign_median,192,0.2551642158396884,0.16480440934213927,/mnt/data/fl_alltiers_audit/outputs/sweep_mnist_topk_128/sweep_mnist_topk_128__seed9102__20261005-123701__ffebe008,0.1364737637541962,clean,9102,0.9725,0.7694905598958334
0.2366440727861142,0.534149169921875,0.510589599609375,0.9354723506399607,0.8211143695014663,3880.0,79cad45c12ca167caa321725402351cbcd191fff60358dbb2349126d7c5d6eaf,0.15953014090370443,sweep_mnist_topk_128,0.883175553344093,cluster,192,0.2848783970092391,0.08493676881668116,/mnt/data/fl_alltiers_audit/outputs/sweep_mnist_topk_128/sweep_mnist_topk_128__seed9103__20261005-125150__c96631ff,0.1456399174241505,clean,9103,0.9575,0.7659505208333333
0.17574623514455454,0.534149169921875,0.510589599609375,0.9354723506399607,0.8211143695014663,3880.0,79cad45c12ca167caa321725402351cbcd191fff60358dbb2349126d7c5d6eaf,0.2220950978658967,sweep_mnist_topk_128,0.8476354848700188,fedattr_mean,192,0.0,2.1042848140171885e-17,/mnt/data/fl_alltiers_audit/outputs/sweep_mnist_topk_128/sweep_mnist_topk_128__seed9103__20261005-125150__c96631ff,0.29356149374953944,clean,9103,0.9575,0.49971516927083337
0.2815509867711701,0.534149169921875,0.510589599609375,0.9354723506399607,0.8211143695014663,0.0,79cad45c12ca167caa321725402351cbcd191fff60358dbb2349126d7c5d6eaf,0.15839002244635292,sweep_mnist_topk_128,0.8844408576100251,local,192,0.37890848402800387,0.24027233605329548,/mnt/data/fl_alltiers_audit/outputs/sweep_mnist_topk_128/sweep_mnist_topk_128__seed9103__20261005-125150__c96631ff,0.12684719160540853,clean,9103,0.9575,0.8369547526041667
0.1943526032630149,0.534149169921875,0.510589599609375,0.9354723506399607,0.8211143695014663,3880.0,79cad45c12ca167caa321725402351cbcd191fff60358dbb2349126d7c5d6eaf,0.18497842909431106,sweep_mnist_topk_128,0.8717478766224909,nc_sacpa,192,0.14471491451641713,0.007495654982883385,/mnt/data/fl_alltiers_audit/outputs/sweep_mnist_topk_128/sweep_mnist_topk_128__seed9103__20261005-125150__c96631ff,0.2300051892290897,clean,9103,0.9575,0.591064453125
0.18380836338658194,0.534149169921875,0.510589599609375,0.9354723506399607,0.8211143695014663,3880.0,79cad45c12ca167caa321725402351cbcd191fff60358dbb2349126d7c5d6eaf,0.17447857307994735,sweep_mnist_topk_128,0.8754298111727015,sacpa_global_count,192,0.07295845966819181,0.038301387752902906,/mnt/data/fl_alltiers_audit/outputs/sweep_mnist_topk_128/sweep_mnist_topk_128__seed9103__20261005-125150__c96631ff,0.20565766827430998,clean,9103,0.9575,0.63134765625
0.2814806959544419,0.534149169921875,0.510589599609375,0.9354723506399607,0.8211143695014663,9000.0,79cad45c12ca167caa321725402351cbcd191fff60358dbb2349126d7c5d6eaf,0.1614908099647437,sweep_mnist_topk_128,0.8822690451556507,ucpa,192,0.37880316055569135,1.1367080298455036e-05,/mnt/data/fl_alltiers_audit/outputs/sweep_mnist_topk_128/sweep_mnist_topk_128__seed9103__20261005-125150__c96631ff,0.14841581858846165,clean,9103,0.9575,0.7428792317708334
0.26980716481901856,0.534149169921875,0.510589599609375,0.9354723506399607,0.8211143695014663,9000.0,79cad45c12ca167caa321725402351cbcd191fff60358dbb2349126d7c5d6eaf,0.16176266100689343,sweep_mnist_topk_128,0.8828449136571483,ucpa_coord_only,192,0.355269997796724,0.017221989205989944,/mnt/data/fl_alltiers_audit/outputs/sweep_mnist_topk_128/sweep_mnist_topk_128__seed9103__20261005-125150__c96631ff,0.14724650652996907,clean,9103,0.9575,0.7394205729166667
0.28113347559767465,0.534149169921875,0.510589599609375,0.9354723506399607,0.8211143695014663,9000.0,79cad45c12ca167caa321725402351cbcd191fff60358dbb2349126d7c5d6eaf,0.16149568221468752,sweep_mnist_topk_128,0.8822726580838207,ucpa_whole_only,192,0.3783032095720416,8.5390431566293e-05,/mnt/data/fl_alltiers_audit/outputs/sweep_mnist_topk_128/sweep_mnist_topk_128__seed9103__20261005-125150__c96631ff,0.14835714905037384,clean,9103,0.9575,0.7426350911458334
0.24948967895774227,0.534149169921875,0.510589599609375,0.9354723506399607,0.8211143695014663,3880.0,79cad45c12ca167caa321725402351cbcd191fff60358dbb2349126d7c5d6eaf,0.16057467396870684,sweep_mnist_topk_128,0.8843738107834118,xfedalign_median,192,0.25472398147122927,0.17207856511511652,/mnt/data/fl_alltiers_audit/outputs/sweep_mnist_topk_128/sweep_mnist_topk_128__seed9103__20261005-125150__c96631ff,0.14356331458261617,clean,9103,0.9575,0.7626953125
0.22886883138099795,0.57171630859375,0.568359375,0.9537549522016767,0.9204152249134948,3880.0,79cad45c12ca167caa321725402351cbcd191fff60358dbb2349126d7c5d6eaf,0.16470869370141372,sweep_mnist_topk_128,0.8876159272996257,cluster,192,0.2819885897797293,0.0972348611142863,/mnt/data/fl_alltiers_audit/outputs/sweep_mnist_topk_128/sweep_mnist_topk_128__seed9105__20261005-132137__dabf52cd,0.14087787628527332,clean,9105,0.9692,0.7805989583333333
0.17410580906758816,0.57171630859375,0.568359375,0.9537549522016767,0.9204152249134948,3880.0,79cad45c12ca167caa321725402351cbcd191fff60358dbb2349126d7c5d6eaf,0.23371651019986645,sweep_mnist_topk_128,0.8458811849268083,fedattr_mean,192,0.0,1.689832128806763e-17,/mnt/data/fl_alltiers_audit/outputs/sweep_mnist_topk_128/sweep_mnist_topk_128__seed9105__20261005-132137__dabf52cd,0.292978857206025,clean,9105,0.9692,0.5186767578125
0.27839839338861566,0.57171630859375,0.568359375,0.9537549522016767,0.9204152249134948,0.0,79cad45c12ca167caa321725402351cbcd191fff60358dbb2349126d7c5d6eaf,0.16184060547275295,sweep_mnist_topk_128,0.88868227193697,local,192,0.39969831391975247,0.24976964183658326,/mnt/data/fl_alltiers_audit/outputs/sweep_mnist_topk_128/sweep_mnist_topk_128__seed9105__20261005-132137__dabf52cd,0.12675596725889082,clean,9105,0.9692,0.8404947916666666
0.1876029422499777,0.57171630859375,0.568359375,0.9537549522016767,0.9204152249134948,3880.0,79cad45c12ca167caa321725402351cbcd191fff60358dbb2349126d7c5d6eaf,0.18785746278946364,sweep_mnist_topk_128,0.8748993433512888,nc_sacpa,192,0.1548835598174824,0.008032709023868807,/mnt/data/fl_alltiers_audit/outputs/sweep_mnist_topk_128/sweep_mnist_topk_128__seed9105__20261005-132137__dabf52cd,0.22664642177420413,clean,9105,0.9692,0.6078694661458334
0.18655708330598236,0.57171630859375,0.568359375,0.9537549522016767,0.9204152249134948,3880.0,79cad45c12ca167caa321725402351cbcd191fff60358dbb2349126d7c5d6eaf,0.18428161477234728,sweep_mnist_topk_128,0.878569768698596,sacpa_global_count,192,0.07900392867849436,0.04135521678800253,/mnt/data/fl_alltiers_audit/outputs/sweep_mnist_topk_128/sweep_mnist_topk_128__seed9105__20261005-132137__dabf52cd,0.20958867461103592,clean,9105,0.9692,0.6332194010416666
0.2783435251168248,0.57171630859375,0.568359375,0.9537549522016767,0.9204152249134948,9000.0,79cad45c12ca167caa321725402351cbcd191fff60358dbb2349126d7c5d6eaf,0.16689031686625339,sweep_mnist_topk_128,0.8860754697301995,ucpa,192,0.3996222512014024,8.843942349957544e-06,/mnt/data/fl_alltiers_audit/outputs/sweep_mnist_topk_128/sweep_mnist_topk_128__seed9105__20261005-132137__dabf52cd,0.14712241802765058,clean,9105,0.9692,0.7462158203125
0.26739084597762386,0.57171630859375,0.568359375,0.9537549522016767,0.9204152249134948,9000.0,79cad45c12ca167caa321725402351cbcd191fff60358dbb2349126d7c5d6eaf,0.1659413365481972,sweep_mnist_topk_128,0.8862007434656306,ucpa_coord_only,192,0.37649615599356806,0.01816169996606296,/mnt/data/fl_alltiers_audit/outputs/sweep_mnist_topk_128/sweep_mnist_topk_128__seed9105__20261005-132137__dabf52cd,0.14598282552435704,clean,9105,0.9692,0.7420654296875
0.27806951767431815,0.57171630859375,0.568359375,0.9537549522016767,0.9204152249134948,9000.0,79cad45c12ca167caa321725402351cbcd191fff60358dbb2349126d7c5d6eaf,0.16686575884771931,sweep_mnist_topk_128,0.8860430169937615,ucpa_whole_only,192,0.39930586791951267,5.808774692161713e-05,/mnt/data/fl_alltiers_audit/outputs/sweep_mnist_topk_128/sweep_mnist_topk_128__seed9105__20261005-132137__dabf52cd,0.14706818808605907,clean,9105,0.9692,0.7458902994791667
0.24693260046034066,0.57171630859375,0.568359375,0.9537549522016767,0.9204152249134948,3880.0,79cad45c12ca167caa321725402351cbcd191fff60358dbb2349126d7c5d6eaf,0.16686371935008232,sweep_mnist_topk_128,0.8864881989428832,xfedalign_median,192,0.26805636091538926,0.18035346764806032,/mnt/data/fl_alltiers_audit/outputs/sweep_mnist_topk_128/sweep_mnist_topk_128__seed9105__20261005-132137__dabf52cd,0.14361674555424697,clean,9105,0.9692,0.7720540364583334
0.2350126823304013,0.574127197265625,0.558319091796875,0.9460458784114083,0.8960244648318043,3880.0,79cad45c12ca167caa321725402351cbcd191fff60358dbb2349126d7c5d6eaf,0.15260673695823546,sweep_mnist_topk_128,0.876502858443564,cluster,192,0.27703709435526247,0.07955626740998997,/mnt/data/fl_alltiers_audit/outputs/sweep_mnist_topk_128/sweep_mnist_topk_128__seed9104__20261005-130624__3f4db5c6,0.14411328183145103,clean,9104,0.9573,0.7636311848958333
0.17758408712243248,0.574127197265625,0.558319091796875,0.9460458784114083,0.8960244648318043,3880.0,79cad45c12ca167caa321725402351cbcd191fff60358dbb2349126d7c5d6eaf,0.20158053565176792,sweep_mnist_topk_128,0.8525308326232031,fedattr_mean,192,0.0,1.590030229720148e-17,/mnt/data/fl_alltiers_audit/outputs/sweep_mnist_topk_128/sweep_mnist_topk_128__seed9104__20261005-130624__3f4db5c6,0.28262304738125793,clean,9104,0.9573,0.5211181640625
0.2790760050950427,0.574127197265625,0.558319091796875,0.9460458784114083,0.8960244648318043,0.0,79cad45c12ca167caa321725402351cbcd191fff60358dbb2349126d7c5d6eaf,0.15127550393954153,sweep_mnist_topk_128,0.8774845155632647,local,192,0.36799040672692157,0.23011139841205389,/mnt/data/fl_alltiers_audit/outputs/sweep_mnist_topk_128/sweep_mnist_topk_128__seed9104__20261005-130624__3f4db5c6,0.12890974718791365,clean,9104,0.9573,0.8235270182291666
0.19827017745197836,0.574127197265625,0.558319091796875,0.9460458784114083,0.8960244648318043,3880.0,79cad45c12ca167caa321725402351cbcd191fff60358dbb2349126d7c5d6eaf,0.17473233252821957,sweep_mnist_topk_128,0.8643017595536548,nc_sacpa,192,0.14245865679511271,0.007212629244266287,/mnt/data/fl_alltiers_audit/outputs/sweep_mnist_topk_128/sweep_mnist_topk_128__seed9104__20261005-130624__3f4db5c6,0.2313187059734717,clean,9104,0.9573,0.5904134114583333
0.18167320221430716,0.574127197265625,0.558319091796875,0.9460458784114083,0.8960244648318043,3880.0,79cad45c12ca167caa321725402351cbcd191fff60358dbb2349126d7c5d6eaf,0.16337543662108753,sweep_mnist_topk_128,0.8731616552709359,sacpa_global_count,192,0.06704191441625776,0.03522792623611297,/mnt/data/fl_alltiers_audit/outputs/sweep_mnist_topk_128/sweep_mnist_topk_128__seed9104__20261005-130624__3f4db5c6,0.19646480956921364,clean,9104,0.9573,0.6429850260416667
0.27899901614280775,0.574127197265625,0.558319091796875,0.9460458784114083,0.8960244648318043,9000.0,79cad45c12ca167caa321725402351cbcd191fff60358dbb2349126d7c5d6eaf,0.15469419230066705,sweep_mnist_topk_128,0.8743905683552535,ucpa,192,0.3678789559782536,1.2356326240922157e-05,/mnt/data/fl_alltiers_audit/outputs/sweep_mnist_topk_128/sweep_mnist_topk_128__seed9104__20261005-130624__3f4db5c6,0.15005418730597012,clean,9104,0.9573,0.7388509114583334
0.269070444469969,0.574127197265625,0.558319091796875,0.9460458784114083,0.8960244648318043,9000.0,79cad45c12ca167caa321725402351cbcd191fff60358dbb2349126d7c5d6eaf,0.15444430357420064,sweep_mnist_topk_128,0.8745531493659655,ucpa_coord_only,192,0.34784000715536484,0.013995602483963908,/mnt/data/fl_alltiers_audit/outputs/sweep_mnist_topk_128/sweep_mnist_topk_128__seed9104__20261005-130624__3f4db5c6,0.14905774599561442,clean,9104,0.9573,0.736083984375
0.2786282247748587,0.574127197265625,0.558319091796875,0.9460458784114083,0.8960244648318043,9000.0,79cad45c12ca167caa321725402351cbcd191fff60358dbb2349126d7c5d6eaf,0.15471849001696683,sweep_mnist_topk_128,0.874418771774314,ucpa_whole_only,192,0.3673589893511109,8.374607795640988e-05,/mnt/data/fl_alltiers_audit/outputs/sweep_mnist_topk_128/sweep_mnist_topk_128__seed9104__20261005-130624__3f4db5c6,0.1500042626746892,clean,9104,0.9573,0.7389322916666667
0.24724645045471938,0.574127197265625,0.558319091796875,0.9460458784114083,0.8960244648318043,3880.0,79cad45c12ca167caa321725402351cbcd191fff60358dbb2349126d7c5d6eaf,0.15299062222111387,sweep_mnist_topk_128,0.8776839034506945,xfedalign_median,192,0.24455169680754632,0.16089079835784564,/mnt/data/fl_alltiers_audit/outputs/sweep_mnist_topk_128/sweep_mnist_topk_128__seed9104__20261005-130624__3f4db5c6,0.14422458727682275,clean,9104,0.9573,0.759765625
0.23965454650601753,0.57257080078125,0.54339599609375,0.9595234691839127,0.9008620689655172,3880.0,79cad45c12ca167caa321725402351cbcd191fff60358dbb2349126d7c5d6eaf,0.15665923206759846,sweep_mnist_topk_128,0.8856528068274505,cluster,192,0.2803325322068978,0.08326586454490997,/mnt/data/fl_alltiers_audit/outputs/sweep_mnist_topk_128/sweep_mnist_topk_128__seed9101__20261005-122211__a2855ce4,0.14354613821148668,clean,9101,0.9492,0.764404296875
0.17731416798514474,0.57257080078125,0.54339599609375,0.9595234691839127,0.9008620689655172,3880.0,79cad45c12ca167caa321725402351cbcd191fff60358dbb2349126d7c5d6eaf,0.22245094042860103,sweep_mnist_topk_128,0.8483556108607444,fedattr_mean,192,0.0,1.242008085290753e-17,/mnt/data/fl_alltiers_audit/outputs/sweep_mnist_topk_128/sweep_mnist_topk_128__seed9101__20261005-122211__a2855ce4,0.28669288457643316,clean,9101,0.9492,0.5159098307291667
0.282023306101716,0.57257080078125,0.54339599609375,0.9595234691839127,0.9008620689655172,0.0,79cad45c12ca167caa321725402351cbcd191fff60358dbb2349126d7c5d6eaf,0.15462432798203735,sweep_mnist_topk_128,0.8871253028477895,local,192,0.3717410209434218,0.23912189832121417,/mnt/data/fl_alltiers_audit/outputs/sweep_mnist_topk_128/sweep_mnist_topk_128__seed9101__20261005-122211__a2855ce4,0.12852375732574475,clean,9101,0.9492,0.8314615885416667
0.19610506633200392,0.57257080078125,0.54339599609375,0.9595234691839127,0.9008620689655172,3880.0,79cad45c12ca167caa321725402351cbcd191fff60358dbb2349126d7c5d6eaf,0.18030410483637146,sweep_mnist_topk_128,0.8699075487968002,nc_sacpa,192,0.14870041972133977,0.007385614076657452,/mnt/data/fl_alltiers_audit/outputs/sweep_mnist_topk_128/sweep_mnist_topk_128__seed9101__20261005-122211__a2855ce4,0.23079624439835075,clean,9101,0.9492,0.590576171875
0.18353445801584253,0.57257080078125,0.54339599609375,0.9595234691839127,0.9008620689655172,3880.0,79cad45c12ca167caa321725402351cbcd191fff60358dbb2349126d7c5d6eaf,0.17396372648123964,sweep_mnist_topk_128,0.8751046613819805,sacpa_global_count,192,0.07126666790557264,0.03735448233966695,/mnt/data/fl_alltiers_audit/outputs/sweep_mnist_topk_128/sweep_mnist_topk_128__seed9101__20261005-122211__a2855ce4,0.20294825928946159,clean,9101,0.9492,0.6350504557291666
0.2819442215475232,0.57257080078125,0.54339599609375,0.9595234691839127,0.9008620689655172,9000.0,79cad45c12ca167caa321725402351cbcd191fff60358dbb2349126d7c5d6eaf,0.15949346102091416,sweep_mnist_topk_128,0.8840987719089906,ucpa,192,0.3715488432865659,2.1620522454190248e-05,/mnt/data/fl_alltiers_audit/outputs/sweep_mnist_topk_128/sweep_mnist_topk_128__seed9101__20261005-122211__a2855ce4,0.14963664555586625,clean,9101,0.9492,0.7385660807291667
0.27261594632673136,0.57257080078125,0.54339599609375,0.9595234691839127,0.9008620689655172,9000.0,79cad45c12ca167caa321725402351cbcd191fff60358dbb2349126d7c5d6eaf,0.15956074436344353,sweep_mnist_topk_128,0.8843312187022851,ucpa_coord_only,192,0.35119080764682714,0.013219391063651963,/mnt/data/fl_alltiers_audit/outputs/sweep_mnist_topk_128/sweep_mnist_topk_128__seed9101__20261005-122211__a2855ce4,0.1485926336062996,clean,9101,0.9492,0.7349853515625
0.28158275974912306,0.57257080078125,0.54339599609375,0.9595234691839127,0.9008620689655172,9000.0,79cad45c12ca167caa321725402351cbcd191fff60358dbb2349126d7c5d6eaf,0.15941735216735348,sweep_mnist_topk_128,0.8841856515227997,ucpa_whole_only,192,0.3710511664163586,9.10984072933688e-05,/mnt/data/fl_alltiers_audit/outputs/sweep_mnist_topk_128/sweep_mnist_topk_128__seed9101__20261005-122211__a2855ce4,0.1495748019625483,clean,9101,0.9492,0.7383219401041667
0.25151925056759783,0.57257080078125,0.54339599609375,0.9595234691839127,0.9008620689655172,3880.0,79cad45c12ca167caa321725402351cbcd191fff60358dbb2349126d7c5d6eaf,0.1583510742414243,sweep_mnist_topk_128,0.8851320243678855,xfedalign_median,192,0.2516741447313263,0.18022814062851333,/mnt/data/fl_alltiers_audit/outputs/sweep_mnist_topk_128/sweep_mnist_topk_128__seed9101__20261005-122211__a2855ce4,0.14592968838009002,clean,9101,0.9492,0.7637532552083333
0.2107866918805455,0.570587158203125,0.56890869140625,0.9537549522016767,0.9204152249134948,3880.0,bf31182ebd9e3a8b1bcea0f498243b29d2e59a5b0de80785cfe9b3c6663a2f30,0.16426802756632242,sweep_mnist_dp_0p05,0.8875890408506697,cluster,192,0.2611095205725786,0.0899109176833982,/mnt/data/fl_alltiers_audit/outputs/sweep_mnist_dp_0p05/sweep_mnist_dp_0p05__seed9105__20261005-165445__9982bce5,0.14053754508243926,clean,9105,0.9692,0.7802734375
0.16623726684601647,0.570587158203125,0.56890869140625,0.9537549522016767,0.9204152249134948,3880.0,bf31182ebd9e3a8b1bcea0f498243b29d2e59a5b0de80785cfe9b3c6663a2f30,0.2346283538816465,sweep_mnist_dp_0p05,0.8531315364562486,fedattr_mean,192,0.0,1.854737750022777e-17,/mnt/data/fl_alltiers_audit/outputs/sweep_mnist_dp_0p05/sweep_mnist_dp_0p05__seed9105__20261005-165445__9982bce5,0.28758967992773654,clean,9105,0.9692,0.5227457682291667
0.255748144472304,0.570587158203125,0.56890869140625,0.9537549522016767,0.9204152249134948,0.0,bf31182ebd9e3a8b1bcea0f498243b29d2e59a5b0de80785cfe9b3c6663a2f30,0.16184060547275295,sweep_mnist_dp_0p05,0.88868227193697,local,192,0.3728235924915744,0.23189007212452084,/mnt/data/fl_alltiers_audit/outputs/sweep_mnist_dp_0p05/sweep_mnist_dp_0p05__seed9105__20261005-165445__9982bce5,0.12675596725889082,clean,9105,0.9692,0.8404947916666666
0.17933801382220485,0.570587158203125,0.56890869140625,0.9537549522016767,0.9204152249134948,3880.0,bf31182ebd9e3a8b1bcea0f498243b29d2e59a5b0de80785cfe9b3c6663a2f30,0.18826482655885385,sweep_mnist_dp_0p05,0.8775643446561106,nc_sacpa,192,0.15082443501937068,0.005970786288431139,/mnt/data/fl_alltiers_audit/outputs/sweep_mnist_dp_0p05/sweep_mnist_dp_0p05__seed9105__20261005-165445__9982bce5,0.22358787164895988,clean,9105,0.9692,0.6141357421875
0.17786484112870315,0.570587158203125,0.56890869140625,0.9537549522016767,0.9204152249134948,3880.0,bf31182ebd9e3a8b1bcea0f498243b29d2e59a5b0de80785cfe9b3c6663a2f30,0.1837983525993574,sweep_mnist_dp_0p05,0.879530310487172,sacpa_global_count,192,0.07499913069556766,0.035848646304014846,/mnt/data/fl_alltiers_audit/outputs/sweep_mnist_dp_0p05/sweep_mnist_dp_0p05__seed9105__20261005-165445__9982bce5,0.2077978111705337,clean,9105,0.9692,0.6444905598958333
0.2556948602333693,0.570587158203125,0.56890869140625,0.9537549522016767,0.9204152249134948,9000.0,bf31182ebd9e3a8b1bcea0f498243b29d2e59a5b0de80785cfe9b3c6663a2f30,0.16652587443107528,sweep_mnist_dp_0p05,0.8863224755595505,ucpa,192,0.3727370759334943,7.398193458019563e-06,/mnt/data/fl_alltiers_audit/outputs/sweep_mnist_dp_0p05/sweep_mnist_dp_0p05__seed9105__20261005-165445__9982bce5,0.14655476418201252,clean,9105,0.9692,0.7519938151041667
0.24945429406826147,0.570587158203125,0.56890869140625,0.9537549522016767,0.9204152249134948,9000.0,bf31182ebd9e3a8b1bcea0f498243b29d2e59a5b0de80785cfe9b3c6663a2f30,0.1658945671954522,sweep_mnist_dp_0p05,0.885902975196033,ucpa_coord_only,192,0.35612323725486844,0.014470947051400491,/mnt/data/fl_alltiers_audit/outputs/sweep_mnist_dp_0p05/sweep_mnist_dp_0p05__seed9105__20261005-165445__9982bce5,0.1455841584780385,clean,9105,0.9692,0.7464599609375
0.25546651603756904,0.570587158203125,0.56890869140625,0.9537549522016767,0.9204152249134948,9000.0,bf31182ebd9e3a8b1bcea0f498243b29d2e59a5b0de80785cfe9b3c6663a2f30,0.16638859924581387,sweep_mnist_dp_0p05,0.886394610212424,ucpa_whole_only,192,0.3724210747233919,5.355362545827874e-05,/mnt/data/fl_alltiers_audit/outputs/sweep_mnist_dp_0p05/sweep_mnist_dp_0p05__seed9105__20261005-165445__9982bce5,0.14645960436898214,clean,9105,0.9692,0.7517903645833333
0.22476802758085468,0.570587158203125,0.56890869140625,0.9537549522016767,0.9204152249134948,3880.0,bf31182ebd9e3a8b1bcea0f498243b29d2e59a5b0de80785cfe9b3c6663a2f30,0.1666531697188475,sweep_mnist_dp_0p05,0.886914803416929,xfedalign_median,192,0.24581605444319263,0.1606605986136653,/mnt/data/fl_alltiers_audit/outputs/sweep_mnist_dp_0p05/sweep_mnist_dp_0p05__seed9105__20261005-165445__9982bce5,0.1421111054382585,clean,9105,0.9692,0.7677815755208334
0.20397462764625354,0.5445556640625,0.542083740234375,0.9546287084885665,0.9027777777777778,3880.0,bf31182ebd9e3a8b1bcea0f498243b29d2e59a5b0de80785cfe9b3c6663a2f30,0.16239820993705506,sweep_mnist_dp_0p05,0.8986288517950622,cluster,192,0.2558944222653791,0.07441246342484767,/mnt/data/fl_alltiers_audit/outputs/sweep_mnist_dp_0p05/sweep_mnist_dp_0p05__seed9102__20261005-161332__6372fc9e,0.13709176094255784,clean,9102,0.9725,0.7690022786458334
0.14566217502223103,0.5445556640625,0.542083740234375,0.9546287084885665,0.9027777777777778,3880.0,bf31182ebd9e3a8b1bcea0f498243b29d2e59a5b0de80785cfe9b3c6663a2f30,0.2111014600312046,sweep_mnist_dp_0p05,0.8746157841942022,fedattr_mean,192,0.0,1.9617080282384983e-17,/mnt/data/fl_alltiers_audit/outputs/sweep_mnist_dp_0p05/sweep_mnist_dp_0p05__seed9102__20261005-161332__6372fc9e,0.26844475782517574,clean,9102,0.9725,0.5400390625
0.24395231344942753,0.5445556640625,0.542083740234375,0.9546287084885665,0.9027777777777778,0.0,bf31182ebd9e3a8b1bcea0f498243b29d2e59a5b0de80785cfe9b3c6663a2f30,0.16014369611348228,sweep_mnist_dp_0p05,0.8984286420036369,local,192,0.35070614850904114,0.21309899119622394,/mnt/data/fl_alltiers_audit/outputs/sweep_mnist_dp_0p05/sweep_mnist_dp_0p05__seed9102__20261005-161332__6372fc9e,0.12114774844123295,clean,9102,0.9725,0.8388671875
0.17427218595433425,0.5445556640625,0.542083740234375,0.9546287084885665,0.9027777777777778,3880.0,bf31182ebd9e3a8b1bcea0f498243b29d2e59a5b0de80785cfe9b3c6663a2f30,0.17968595090461575,sweep_mnist_dp_0p05,0.88911580687333,nc_sacpa,192,0.14673176746046454,0.005331690631320284,/mnt/data/fl_alltiers_audit/outputs/sweep_mnist_dp_0p05/sweep_mnist_dp_0p05__seed9102__20261005-161332__6372fc9e,0.2205603839664267,clean,9102,0.9725,0.611572265625
0.1507144892060555,0.5445556640625,0.542083740234375,0.9546287084885665,0.9027777777777778,3880.0,bf31182ebd9e3a8b1bcea0f498243b29d2e59a5b0de80785cfe9b3c6663a2f30,0.17252891987047103,sweep_mnist_dp_0p05,0.8943680558014119,sacpa_global_count,192,0.06640574622871674,0.030429414798650994,/mnt/data/fl_alltiers_audit/outputs/sweep_mnist_dp_0p05/sweep_mnist_dp_0p05__seed9102__20261005-161332__6372fc9e,0.19025499705661572,clean,9102,0.9725,0.6728108723958333
0.24385855114371383,0.5445556640625,0.542083740234375,0.9546287084885665,0.9027777777777778,9000.0,bf31182ebd9e3a8b1bcea0f498243b29d2e59a5b0de80785cfe9b3c6663a2f30,0.16209386156372907,sweep_mnist_dp_0p05,0.8963111484394175,ucpa,192,0.35058530761986684,1.1592223081855042e-05,/mnt/data/fl_alltiers_audit/outputs/sweep_mnist_dp_0p05/sweep_mnist_dp_0p05__seed9102__20261005-161332__6372fc9e,0.14152669788195318,clean,9102,0.9725,0.7509765625
0.23709829447795555,0.5445556640625,0.542083740234375,0.9546287084885665,0.9027777777777778,9000.0,bf31182ebd9e3a8b1bcea0f498243b29d2e59a5b0de80785cfe9b3c6663a2f30,0.16242345539118713,sweep_mnist_dp_0p05,0.896822713412257,ucpa_coord_only,192,0.33492020599209604,0.013489525200818695,/mnt/data/fl_alltiers_audit/outputs/sweep_mnist_dp_0p05/sweep_mnist_dp_0p05__seed9102__20261005-161332__6372fc9e,0.14074279278198465,clean,9102,0.9725,0.7446695963541666
0.2434700310237379,0.5445556640625,0.542083740234375,0.9546287084885665,0.9027777777777778,9000.0,bf31182ebd9e3a8b1bcea0f498243b29d2e59a5b0de80785cfe9b3c6663a2f30,0.16205494456022887,sweep_mnist_dp_0p05,0.8964403297761843,ucpa_whole_only,192,0.3500694580354882,0.00010307641079700126,/mnt/data/fl_alltiers_audit/outputs/sweep_mnist_dp_0p05/sweep_mnist_dp_0p05__seed9102__20261005-161332__6372fc9e,0.14144858778990646,clean,9102,0.9725,0.7506917317708334
0.21205552916400822,0.5445556640625,0.542083740234375,0.9546287084885665,0.9027777777777778,3880.0,bf31182ebd9e3a8b1bcea0f498243b29d2e59a5b0de80785cfe9b3c6663a2f30,0.1628160157217887,sweep_mnist_dp_0p05,0.8987854698606195,xfedalign_median,192,0.2277901788061539,0.14161299197416452,/mnt/data/fl_alltiers_audit/outputs/sweep_mnist_dp_0p05/sweep_mnist_dp_0p05__seed9102__20261005-161332__6372fc9e,0.13498350767329306,clean,9102,0.9725,0.7670084635416666
0.2164657244213971,0.575897216796875,0.570159912109375,0.9460458784114083,0.8960244648318043,3880.0,bf31182ebd9e3a8b1bcea0f498243b29d2e59a5b0de80785cfe9b3c6663a2f30,0.15258015456444507,sweep_mnist_dp_0p05,0.8767666469820445,cluster,192,0.25153492158686835,0.07225258631398959,/mnt/data/fl_alltiers_audit/outputs/sweep_mnist_dp_0p05/sweep_mnist_dp_0p05__seed9104__20261005-164042__f823a6c5,0.1436766807142938,clean,9104,0.9573,0.7663981119791667
0.17153470354797445,0.575897216796875,0.570159912109375,0.9460458784114083,0.8960244648318043,3880.0,bf31182ebd9e3a8b1bcea0f498243b29d2e59a5b0de80785cfe9b3c6663a2f30,0.2011290132498895,sweep_mnist_dp_0p05,0.8576668181662777,fedattr_mean,192,0.0,1.1914810465157874e-17,/mnt/data/fl_alltiers_audit/outputs/sweep_mnist_dp_0p05/sweep_mnist_dp_0p05__seed9104__20261005-164042__f823a6c5,0.2783759088244845,clean,9104,0.9573,0.5252278645833334
0.25548244850132434,0.575897216796875,0.570159912109375,0.9460458784114083,0.8960244648318043,0.0,bf31182ebd9e3a8b1bcea0f498243b29d2e59a5b0de80785cfe9b3c6663a2f30,0.15127550393954153,sweep_mnist_dp_0p05,0.8774845155632647,local,192,0.33579355481888257,0.20984108114539582,/mnt/data/fl_alltiers_audit/outputs/sweep_mnist_dp_0p05/sweep_mnist_dp_0p05__seed9104__20261005-164042__f823a6c5,0.12890974718791365,clean,9104,0.9573,0.8235270182291666
0.19167444420117458,0.575897216796875,0.570159912109375,0.9460458784114083,0.8960244648318043,3880.0,bf31182ebd9e3a8b1bcea0f498243b29d2e59a5b0de80785cfe9b3c6663a2f30,0.17423673034209058,sweep_mnist_dp_0p05,0.8678968350744982,nc_sacpa,192,0.1392059508207861,0.005195081036256907,/mnt/data/fl_alltiers_audit/outputs/sweep_mnist_dp_0p05/sweep_mnist_dp_0p05__seed9104__20261005-164042__f823a6c5,0.22851651550915802,clean,9104,0.9573,0.5954996744791666
0.17276935577315522,0.575897216796875,0.570159912109375,0.9460458784114083,0.8960244648318043,3880.0,bf31182ebd9e3a8b1bcea0f498243b29d2e59a5b0de80785cfe9b3c6663a2f30,0.16221897229625026,sweep_mnist_dp_0p05,0.8752040929973495,sacpa_global_count,192,0.06275040903687577,0.02939365719469547,/mnt/data/fl_alltiers_audit/outputs/sweep_mnist_dp_0p05/sweep_mnist_dp_0p05__seed9104__20261005-164042__f823a6c5,0.1942860694433564,clean,9104,0.9573,0.6582845052083333
0.2554109891105654,0.575897216796875,0.570159912109375,0.9460458784114083,0.8960244648318043,9000.0,bf31182ebd9e3a8b1bcea0f498243b29d2e59a5b0de80785cfe9b3c6663a2f30,0.15446451889486829,sweep_mnist_dp_0p05,0.874682395357983,ucpa,192,0.33566686447759253,9.993962060150007e-06,/mnt/data/fl_alltiers_audit/outputs/sweep_mnist_dp_0p05/sweep_mnist_dp_0p05__seed9104__20261005-164042__f823a6c5,0.14958655748553606,clean,9104,0.9573,0.7454020182291667
0.25000918318856813,0.575897216796875,0.570159912109375,0.9460458784114083,0.8960244648318043,9000.0,bf31182ebd9e3a8b1bcea0f498243b29d2e59a5b0de80785cfe9b3c6663a2f30,0.15466043752761227,sweep_mnist_dp_0p05,0.8747903345700858,ucpa_coord_only,192,0.32189135777087535,0.010976696448560188,/mnt/data/fl_alltiers_audit/outputs/sweep_mnist_dp_0p05/sweep_mnist_dp_0p05__seed9104__20261005-164042__f823a6c5,0.1486469787783487,clean,9104,0.9573,0.7425944010416666
0.2551284981830229,0.575897216796875,0.570159912109375,0.9460458784114083,0.8960244648318043,9000.0,bf31182ebd9e3a8b1bcea0f498243b29d2e59a5b0de80785cfe9b3c6663a2f30,0.15445408097317948,sweep_mnist_dp_0p05,0.8746806777333405,ucpa_whole_only,192,0.33518401486137256,7.661312930879802e-05,/mnt/data/fl_alltiers_audit/outputs/sweep_mnist_dp_0p05/sweep_mnist_dp_0p05__seed9104__20261005-164042__f823a6c5,0.14950162284281465,clean,9104,0.9573,0.7451171875
0.22556515034535318,0.575897216796875,0.570159912109375,0.9460458784114083,0.8960244648318043,3880.0,bf31182ebd9e3a8b1bcea0f498243b29d2e59a5b0de80785cfe9b3c6663a2f30,0.15305620260260183,sweep_mnist_dp_0p05,0.878367125085606,xfedalign_median,192,0.21953178771477744,0.14000345982789075,/mnt/data/fl_alltiers_audit/outputs/sweep_mnist_dp_0p05/sweep_mnist_dp_0p05__seed9104__20261005-164042__f823a6c5,0.14299225830642598,clean,9104,0.9573,0.7554117838541667
0.22107307731487236,0.57550048828125,0.551116943359375,0.9595234691839127,0.9008620689655172,3880.0,bf31182ebd9e3a8b1bcea0f498243b29d2e59a5b0de80785cfe9b3c6663a2f30,0.15642306061715017,sweep_mnist_dp_0p05,0.885786894609464,cluster,192,0.2548548335822614,0.07585932224916794,/mnt/data/fl_alltiers_audit/outputs/sweep_mnist_dp_0p05/sweep_mnist_dp_0p05__seed9101__20261005-155958__94652332,0.14311479865627993,clean,9101,0.9492,0.76708984375
0.17089605102386068,0.57550048828125,0.551116943359375,0.9595234691839127,0.9008620689655172,3880.0,bf31182ebd9e3a8b1bcea0f498243b29d2e59a5b0de80785cfe9b3c6663a2f30,0.22298986469898902,sweep_mnist_dp_0p05,0.8553906820161501,fedattr_mean,192,0.0,1.00663081513577e-17,/mnt/data/fl_alltiers_audit/outputs/sweep_mnist_dp_0p05/sweep_mnist_dp_0p05__seed9101__20261005-155958__94652332,0.28200172624439857,clean,9101,0.9492,0.5204671223958334
0.25845241423166826,0.57550048828125,0.551116943359375,0.9595234691839127,0.9008620689655172,0.0,bf31182ebd9e3a8b1bcea0f498243b29d2e59a5b0de80785cfe9b3c6663a2f30,0.15462432798203735,sweep_mnist_dp_0p05,0.8871253028477895,local,192,0.3391864586732611,0.218935808876932,/mnt/data/fl_alltiers_audit/outputs/sweep_mnist_dp_0p05/sweep_mnist_dp_0p05__seed9101__20261005-155958__94652332,0.12852375732574475,clean,9101,0.9492,0.8314615885416667
0.18814736021458556,0.57550048828125,0.551116943359375,0.9595234691839127,0.9008620689655172,3880.0,bf31182ebd9e3a8b1bcea0f498243b29d2e59a5b0de80785cfe9b3c6663a2f30,0.17992554778165867,sweep_mnist_dp_0p05,0.8742312246677102,nc_sacpa,192,0.14153437008044922,0.005313084317817965,/mnt/data/fl_alltiers_audit/outputs/sweep_mnist_dp_0p05/sweep_mnist_dp_0p05__seed9101__20261005-155958__94652332,0.22663502240824412,clean,9101,0.9492,0.59814453125
0.1743986423634113,0.57550048828125,0.551116943359375,0.9595234691839127,0.9008620689655172,3880.0,bf31182ebd9e3a8b1bcea0f498243b29d2e59a5b0de80785cfe9b3c6663a2f30,0.17323998429980447,sweep_mnist_dp_0p05,0.8777867046506648,sacpa_global_count,192,0.06669952334935643,0.03139626529218819,/mnt/data/fl_alltiers_audit/outputs/sweep_mnist_dp_0p05/sweep_mnist_dp_0p05__seed9101__20261005-155958__94652332,0.20057383517119,clean,9101,0.9492,0.6452229817708333
0.2583700295981949,0.57550048828125,0.551116943359375,0.9595234691839127,0.9008620689655172,9000.0,bf31182ebd9e3a8b1bcea0f498243b29d2e59a5b0de80785cfe9b3c6663a2f30,0.15930047373058187,sweep_mnist_dp_0p05,0.8844891000765529,ucpa,192,0.33894949898368404,2.3401076308993617e-05,/mnt/data/fl_alltiers_audit/outputs/sweep_mnist_dp_0p05/sweep_mnist_dp_0p05__seed9101__20261005-155958__94652332,0.14899303939236452,clean,9101,0.9492,0.7447509765625
0.25322995164252304,0.57550048828125,0.551116943359375,0.9595234691839127,0.9008620689655172,9000.0,bf31182ebd9e3a8b1bcea0f498243b29d2e59a5b0de80785cfe9b3c6663a2f30,0.15910340653426827,sweep_mnist_dp_0p05,0.8844901824148412,ucpa_coord_only,192,0.32466226985078395,0.010464785653699947,/mnt/data/fl_alltiers_audit/outputs/sweep_mnist_dp_0p05/sweep_mnist_dp_0p05__seed9101__20261005-155958__94652332,0.14795888676098332,clean,9101,0.9492,0.7399495442708333
0.25807528332126595,0.57550048828125,0.551116943359375,0.9595234691839127,0.9008620689655172,9000.0,bf31182ebd9e3a8b1bcea0f498243b29d2e59a5b0de80785cfe9b3c6663a2f30,0.15930689502220047,sweep_mnist_dp_0p05,0.8845335303137289,ucpa_whole_only,192,0.33845356252347825,8.779271288996183e-05,/mnt/data/fl_alltiers_audit/outputs/sweep_mnist_dp_0p05/sweep_mnist_dp_0p05__seed9101__20261005-155958__94652332,0.1488849958880268,clean,9101,0.9492,0.7444661458333333
0.2290661690363922,0.57550048828125,0.551116943359375,0.9595234691839127,0.9008620689655172,3880.0,bf31182ebd9e3a8b1bcea0f498243b29d2e59a5b0de80785cfe9b3c6663a2f30,0.15832676341005936,sweep_mnist_dp_0p05,0.8850207397267695,xfedalign_median,192,0.22565689413341647,0.15844557778747012,/mnt/data/fl_alltiers_audit/outputs/sweep_mnist_dp_0p05/sweep_mnist_dp_0p05__seed9101__20261005-155958__94652332,0.14417934653493591,clean,9101,0.9492,0.760498046875
0.21861578421481073,0.53564453125,0.52520751953125,0.9354723506399607,0.8211143695014663,3880.0,bf31182ebd9e3a8b1bcea0f498243b29d2e59a5b0de80785cfe9b3c6663a2f30,0.1595231577789794,sweep_mnist_dp_0p05,0.8829618738331798,cluster,192,0.26153489406622693,0.07726624929754805,/mnt/data/fl_alltiers_audit/outputs/sweep_mnist_dp_0p05/sweep_mnist_dp_0p05__seed9103__20261005-162716__33a93dc5,0.1453432313666519,clean,9103,0.9575,0.7676595052083333
0.16908959767461523,0.53564453125,0.52520751953125,0.9354723506399607,0.8211143695014663,3880.0,bf31182ebd9e3a8b1bcea0f498243b29d2e59a5b0de80785cfe9b3c6663a2f30,0.22480158320727434,sweep_mnist_dp_0p05,0.8532876242180161,fedattr_mean,192,0.0,1.5707660386579936e-17,/mnt/data/fl_alltiers_audit/outputs/sweep_mnist_dp_0p05/sweep_mnist_dp_0p05__seed9103__20261005-162716__33a93dc5,0.2887687731245252,clean,9103,0.9575,0.5014241536458333
0.2582302998290574,0.53564453125,0.52520751953125,0.9354723506399607,0.8211143695014663,0.0,bf31182ebd9e3a8b1bcea0f498243b29d2e59a5b0de80785cfe9b3c6663a2f30,0.15839002244635292,sweep_mnist_dp_0p05,0.8844408576100251,local,192,0.3485357271275063,0.2208231609680535,/mnt/data/fl_alltiers_audit/outputs/sweep_mnist_dp_0p05/sweep_mnist_dp_0p05__seed9103__20261005-162716__33a93dc5,0.12684719160540853,clean,9103,0.9575,0.8369547526041667
0.18599338455830577,0.53564453125,0.52520751953125,0.9354723506399607,0.8211143695014663,3880.0,bf31182ebd9e3a8b1bcea0f498243b29d2e59a5b0de80785cfe9b3c6663a2f30,0.18392861690287343,sweep_mnist_dp_0p05,0.8756394553130424,nc_sacpa,192,0.1396564127694281,0.005294508489174452,/mnt/data/fl_alltiers_audit/outputs/sweep_mnist_dp_0p05/sweep_mnist_dp_0p05__seed9103__20261005-162716__33a93dc5,0.22583897870168412,clean,9103,0.9575,0.6010335286458333
0.1748218781320836,0.53564453125,0.52520751953125,0.9354723506399607,0.8211143695014663,3880.0,bf31182ebd9e3a8b1bcea0f498243b29d2e59a5b0de80785cfe9b3c6663a2f30,0.17430994759040458,sweep_mnist_dp_0p05,0.8769904176221948,sacpa_global_count,192,0.06874951171664553,0.032264808359884656,/mnt/data/fl_alltiers_audit/outputs/sweep_mnist_dp_0p05/sweep_mnist_dp_0p05__seed9103__20261005-162716__33a93dc5,0.20361655891661512,clean,9103,0.9575,0.6459554036458333
0.258151137267222,0.53564453125,0.52520751953125,0.9354723506399607,0.8211143695014663,9000.0,bf31182ebd9e3a8b1bcea0f498243b29d2e59a5b0de80785cfe9b3c6663a2f30,0.1612813069128606,sweep_mnist_dp_0p05,0.8825198040099469,ucpa,192,0.3484049077301664,1.1773647494008814e-05,/mnt/data/fl_alltiers_audit/outputs/sweep_mnist_dp_0p05/sweep_mnist_dp_0p05__seed9103__20261005-162716__33a93dc5,0.14781283263388365,clean,9103,0.9575,0.7491861979166667
0.2512675796644349,0.53564453125,0.52520751953125,0.9354723506399607,0.8211143695014663,9000.0,bf31182ebd9e3a8b1bcea0f498243b29d2e59a5b0de80785cfe9b3c6663a2f30,0.16141844251469595,sweep_mnist_dp_0p05,0.8831757939912981,ucpa_coord_only,192,0.3318635495033819,0.013365879060968379,/mnt/data/fl_alltiers_audit/outputs/sweep_mnist_dp_0p05/sweep_mnist_dp_0p05__seed9103__20261005-162716__33a93dc5,0.146665091994106,clean,9103,0.9575,0.7444254557291666
0.2578646036184118,0.53564453125,0.52520751953125,0.9354723506399607,0.8211143695014663,9000.0,bf31182ebd9e3a8b1bcea0f498243b29d2e59a5b0de80785cfe9b3c6663a2f30,0.1613113136101068,sweep_mnist_dp_0p05,0.8826821396193433,ucpa_whole_only,192,0.3479019035740328,8.148335593740655e-05,/mnt/data/fl_alltiers_audit/outputs/sweep_mnist_dp_0p05/sweep_mnist_dp_0p05__seed9103__20261005-162716__33a93dc5,0.14771797401891523,clean,9103,0.9575,0.7490234375
0.2271674763223678,0.53564453125,0.52520751953125,0.9354723506399607,0.8211143695014663,3880.0,bf31182ebd9e3a8b1bcea0f498243b29d2e59a5b0de80785cfe9b3c6663a2f30,0.16041188592256125,sweep_mnist_dp_0p05,0.8845939757453987,xfedalign_median,192,0.23061902162999434,0.15125220029028355,/mnt/data/fl_alltiers_audit/outputs/sweep_mnist_dp_0p05/sweep_mnist_dp_0p05__seed9103__20261005-162716__33a93dc5,0.1419263762912368,clean,9103,0.9575,0.7589111328125
0.18343387971717084,0.58270263671875,0.586700439453125,0.9546287084885665,0.9027777777777778,3880.0,ff2a31692fafc10c283acc6c5c57f4f7fcfe26735d4735b5a3fb5f7b6d6bbb8f,0.14791131661258988,stress_mnist_rotation_task_ig,0.905466740457147,cluster,192,0.24493159259623354,0.07894649258342291,/mnt/data/fl_alltiers_audit/outputs/stress_mnist_rotation_task_ig/stress_mnist_rotation_task_ig__seed9102__20261005-122120__87096d5a,0.027574477939849847,clean,9102,0.9725,0.8800048828125
0.1381043496111289,0.58270263671875,0.586700439453125,0.9546287084885665,0.9027777777777778,3880.0,ff2a31692fafc10c283acc6c5c57f4f7fcfe26735d4735b5a3fb5f7b6d6bbb8f,0.18173452931623996,stress_mnist_rotation_task_ig,0.8898580482748609,fedattr_mean,192,0.0,1.6918155703278068e-17,/mnt/data/fl_alltiers_audit/outputs/stress_mnist_rotation_task_ig/stress_mnist_rotation_task_ig__seed9102__20261005-122120__87096d5a,0.2611008685597914,clean,9102,0.9725,0.5404459635416666
0.22568571273014698,0.58270263671875,0.586700439453125,0.9546287084885665,0.9027777777777778,0.0,ff2a31692fafc10c283acc6c5c57f4f7fcfe26735d4735b5a3fb5f7b6d6bbb8f,0.15141187757108127,stress_mnist_rotation_task_ig,0.9036725548806619,local,192,0.34510368713778466,0.2114523325121325,/mnt/data/fl_alltiers_audit/outputs/stress_mnist_rotation_task_ig/stress_mnist_rotation_task_ig__seed9102__20261005-122120__87096d5a,0.0,clean,9102,0.9725,1.0
0.15755508316277422,0.58270263671875,0.586700439453125,0.9546287084885665,0.9027777777777778,3880.0,ff2a31692fafc10c283acc6c5c57f4f7fcfe26735d4735b5a3fb5f7b6d6bbb8f,0.15735581197761048,stress_mnist_rotation_task_ig,0.8958158995987712,nc_sacpa,192,0.13898834314278105,0.006624189574582949,/mnt/data/fl_alltiers_audit/outputs/stress_mnist_rotation_task_ig/stress_mnist_rotation_task_ig__seed9102__20261005-122120__87096d5a,0.16901345214621122,clean,9102,0.9725,0.6272786458333333
0.14290608646415534,0.58270263671875,0.586700439453125,0.9546287084885665,0.9027777777777778,3880.0,ff2a31692fafc10c283acc6c5c57f4f7fcfe26735d4735b5a3fb5f7b6d6bbb8f,0.15025504633971043,stress_mnist_rotation_task_ig,0.900572723900162,sacpa_global_count,192,0.06219056640696448,0.03335632521384616,/mnt/data/fl_alltiers_audit/outputs/stress_mnist_rotation_task_ig/stress_mnist_rotation_task_ig__seed9102__20261005-122120__87096d5a,0.12654990312815245,clean,9102,0.9725,0.6971435546875
0.22542677896493651,0.58270263671875,0.586700439453125,0.9546287084885665,0.9027777777777778,9000.0,ff2a31692fafc10c283acc6c5c57f4f7fcfe26735d4735b5a3fb5f7b6d6bbb8f,0.14838559843043791,stress_mnist_rotation_task_ig,0.9058563918370055,ucpa,192,0.34475010386003646,4.283661921880811e-05,/mnt/data/fl_alltiers_audit/outputs/stress_mnist_rotation_task_ig/stress_mnist_rotation_task_ig__seed9102__20261005-122120__87096d5a,0.024979951772294146,clean,9102,0.9725,0.8442789713541667
0.21255433109296445,0.58270263671875,0.586700439453125,0.9546287084885665,0.9027777777777778,9000.0,ff2a31692fafc10c283acc6c5c57f4f7fcfe26735d4735b5a3fb5f7b6d6bbb8f,0.14778449875563335,stress_mnist_rotation_task_ig,0.9058880532537539,ucpa_coord_only,192,0.3173601182307365,0.019178717186990924,/mnt/data/fl_alltiers_audit/outputs/stress_mnist_rotation_task_ig/stress_mnist_rotation_task_ig__seed9102__20261005-122120__87096d5a,0.02446580203055055,clean,9102,0.9725,0.8515218098958333
0.2247887517711008,0.58270263671875,0.586700439453125,0.9546287084885665,0.9027777777777778,9000.0,ff2a31692fafc10c283acc6c5c57f4f7fcfe26735d4735b5a3fb5f7b6d6bbb8f,0.14834261799596787,stress_mnist_rotation_task_ig,0.9058215243208301,ucpa_whole_only,192,0.3439605334620925,0.0001767237099765133,/mnt/data/fl_alltiers_audit/outputs/stress_mnist_rotation_task_ig/stress_mnist_rotation_task_ig__seed9102__20261005-122120__87096d5a,0.02493107606009401,clean,9102,0.9725,0.8444010416666666
0.19575711766509468,0.58270263671875,0.586700439453125,0.9546287084885665,0.9027777777777778,3880.0,ff2a31692fafc10c283acc6c5c57f4f7fcfe26735d4735b5a3fb5f7b6d6bbb8f,0.14816634774415433,stress_mnist_rotation_task_ig,0.9064507948855558,xfedalign_median,192,0.22794274436512552,0.1436668560898591,/mnt/data/fl_alltiers_audit/outputs/stress_mnist_rotation_task_ig/stress_mnist_rotation_task_ig__seed9102__20261005-122120__87096d5a,0.023757035604830556,clean,9102,0.9725,0.859130859375
0.20338938084989328,0.614837646484375,0.5897216796875,0.9460458784114083,0.8960244648318043,3880.0,ff2a31692fafc10c283acc6c5c57f4f7fcfe26735d4735b5a3fb5f7b6d6bbb8f,0.13628037452532832,stress_mnist_rotation_task_ig,0.8887932832144239,cluster,192,0.2478923080132088,0.07044325501645038,/mnt/data/fl_alltiers_audit/outputs/stress_mnist_rotation_task_ig/stress_mnist_rotation_task_ig__seed9104__20261005-124814__e72efe1a,0.029048158524679762,clean,9104,0.9573,0.8737386067708334
0.16302609646727811,0.614837646484375,0.5897216796875,0.9460458784114083,0.8960244648318043,3880.0,ff2a31692fafc10c283acc6c5c57f4f7fcfe26735d4735b5a3fb5f7b6d6bbb8f,0.17739352834482816,stress_mnist_rotation_task_ig,0.8706955476339014,fedattr_mean,192,0.0,1.8557437897047914e-17,/mnt/data/fl_alltiers_audit/outputs/stress_mnist_rotation_task_ig/stress_mnist_rotation_task_ig__seed9104__20261005-124814__e72efe1a,0.2733594036005942,clean,9104,0.9573,0.5273844401041666
0.2380632718593604,0.614837646484375,0.5897216796875,0.9460458784114083,0.8960244648318043,0.0,ff2a31692fafc10c283acc6c5c57f4f7fcfe26735d4735b5a3fb5f7b6d6bbb8f,0.13956071128765568,stress_mnist_rotation_task_ig,0.8868389347563305,local,192,0.32826863793850725,0.20730718238901422,/mnt/data/fl_alltiers_audit/outputs/stress_mnist_rotation_task_ig/stress_mnist_rotation_task_ig__seed9104__20261005-124814__e72efe1a,0.0,clean,9104,0.9573,1.0
0.17420384805472047,0.614837646484375,0.5897216796875,0.9460458784114083,0.8960244648318043,3880.0,ff2a31692fafc10c283acc6c5c57f4f7fcfe26735d4735b5a3fb5f7b6d6bbb8f,0.1501280189983542,stress_mnist_rotation_task_ig,0.8831909382070686,nc_sacpa,192,0.12685022123966988,0.005943862101300787,/mnt/data/fl_alltiers_audit/outputs/stress_mnist_rotation_task_ig/stress_mnist_rotation_task_ig__seed9104__20261005-124814__e72efe1a,0.1765398250542194,clean,9104,0.9573,0.6055094401041667
0.16318383696455696,0.614837646484375,0.5897216796875,0.9460458784114083,0.8960244648318043,3880.0,ff2a31692fafc10c283acc6c5c57f4f7fcfe26735d4735b5a3fb5f7b6d6bbb8f,0.1401453134514971,stress_mnist_rotation_task_ig,0.8875876049612997,sacpa_global_count,192,0.05885884598140275,0.030638768284584547,/mnt/data/fl_alltiers_audit/outputs/stress_mnist_rotation_task_ig/stress_mnist_rotation_task_ig__seed9104__20261005-124814__e72efe1a,0.12567655474538128,clean,9104,0.9573,0.6913248697916667
0.23780837652778672,0.614837646484375,0.5897216796875,0.9460458784114083,0.8960244648318043,9000.0,ff2a31692fafc10c283acc6c5c57f4f7fcfe26735d4735b5a3fb5f7b6d6bbb8f,0.13612090956497316,stress_mnist_rotation_task_ig,0.8890965607827336,ucpa,192,0.3278447371557544,5.000952400997465e-05,/mnt/data/fl_alltiers_audit/outputs/stress_mnist_rotation_task_ig/stress_mnist_rotation_task_ig__seed9104__20261005-124814__e72efe1a,0.026001722113614283,clean,9104,0.9573,0.8448893229166667
0.2256767359548249,0.614837646484375,0.5897216796875,0.9460458784114083,0.8960244648318043,9000.0,ff2a31692fafc10c283acc6c5c57f4f7fcfe26735d4735b5a3fb5f7b6d6bbb8f,0.13604651177502092,stress_mnist_rotation_task_ig,0.8890025014935721,ucpa_coord_only,192,0.3011881672372552,0.016803838091927845,/mnt/data/fl_alltiers_audit/outputs/stress_mnist_rotation_task_ig/stress_mnist_rotation_task_ig__seed9104__20261005-124814__e72efe1a,0.025576552663808122,clean,9104,0.9573,0.85205078125
0.23716981515009117,0.614837646484375,0.5897216796875,0.9460458784114083,0.8960244648318043,9000.0,ff2a31692fafc10c283acc6c5c57f4f7fcfe26735d4735b5a3fb5f7b6d6bbb8f,0.13612837182881776,stress_mnist_rotation_task_ig,0.8891684199814336,ucpa_whole_only,192,0.32690118601817214,0.00019647538415829281,/mnt/data/fl_alltiers_audit/outputs/stress_mnist_rotation_task_ig/stress_mnist_rotation_task_ig__seed9104__20261005-124814__e72efe1a,0.02593892051544503,clean,9104,0.9573,0.8453776041666666
0.20991065048976512,0.614837646484375,0.5897216796875,0.9460458784114083,0.8960244648318043,3880.0,ff2a31692fafc10c283acc6c5c57f4f7fcfe26735d4735b5a3fb5f7b6d6bbb8f,0.13620542738026414,stress_mnist_rotation_task_ig,0.890021646761064,xfedalign_median,192,0.21573122478676315,0.1377563428631037,/mnt/data/fl_alltiers_audit/outputs/stress_mnist_rotation_task_ig/stress_mnist_rotation_task_ig__seed9104__20261005-124814__e72efe1a,0.025148513532675686,clean,9104,0.9573,0.8546549479166666
0.20845965533046595,0.581512451171875,0.567413330078125,0.9354723506399607,0.8211143695014663,3880.0,ff2a31692fafc10c283acc6c5c57f4f7fcfe26735d4735b5a3fb5f7b6d6bbb8f,0.15079520171034963,stress_mnist_rotation_task_ig,0.8930438684469361,cluster,192,0.2531600167757955,0.07918552189435737,/mnt/data/fl_alltiers_audit/outputs/stress_mnist_rotation_task_ig/stress_mnist_rotation_task_ig__seed9103__20261005-123450__e8b1dee7,0.030794731156056625,clean,9103,0.9575,0.8775634765625
0.16499215483155233,0.581512451171875,0.567413330078125,0.9354723506399607,0.8211143695014663,3880.0,ff2a31692fafc10c283acc6c5c57f4f7fcfe26735d4735b5a3fb5f7b6d6bbb8f,0.2043183522352641,stress_mnist_rotation_task_ig,0.8691720764286097,fedattr_mean,192,0.0,1.2872392048336277e-17,/mnt/data/fl_alltiers_audit/outputs/stress_mnist_rotation_task_ig/stress_mnist_rotation_task_ig__seed9103__20261005-123450__e8b1dee7,0.2818852565518862,clean,9103,0.9575,0.5157877604166666
0.24787436136088636,0.581512451171875,0.567413330078125,0.9354723506399607,0.8211143695014663,0.0,ff2a31692fafc10c283acc6c5c57f4f7fcfe26735d4735b5a3fb5f7b6d6bbb8f,0.1532696066688914,stress_mnist_rotation_task_ig,0.891435597051653,local,192,0.34170046679161137,0.2177456868213577,/mnt/data/fl_alltiers_audit/outputs/stress_mnist_rotation_task_ig/stress_mnist_rotation_task_ig__seed9103__20261005-123450__e8b1dee7,0.0,clean,9103,0.9575,1.0
0.17743554756347316,0.581512451171875,0.567413330078125,0.9354723506399607,0.8211143695014663,3880.0,ff2a31692fafc10c283acc6c5c57f4f7fcfe26735d4735b5a3fb5f7b6d6bbb8f,0.16669342502733192,stress_mnist_rotation_task_ig,0.8856691392618813,nc_sacpa,192,0.13344170749865614,0.006326285213412465,/mnt/data/fl_alltiers_audit/outputs/stress_mnist_rotation_task_ig/stress_mnist_rotation_task_ig__seed9103__20261005-123450__e8b1dee7,0.1759498138834527,clean,9103,0.9575,0.6103515625
0.17372108689405236,0.581512451171875,0.567413330078125,0.9354723506399607,0.8211143695014663,3880.0,ff2a31692fafc10c283acc6c5c57f4f7fcfe26735d4735b5a3fb5f7b6d6bbb8f,0.15664253983474055,stress_mnist_rotation_task_ig,0.8889534524370295,sacpa_global_count,192,0.06557261493835154,0.03458453291905258,/mnt/data/fl_alltiers_audit/outputs/stress_mnist_rotation_task_ig/stress_mnist_rotation_task_ig__seed9103__20261005-123450__e8b1dee7,0.13799709056933385,clean,9103,0.9575,0.6750895182291666
0.2476528689913911,0.581512451171875,0.567413330078125,0.9354723506399607,0.8211143695014663,9000.0,ff2a31692fafc10c283acc6c5c57f4f7fcfe26735d4735b5a3fb5f7b6d6bbb8f,0.15177469419250733,stress_mnist_rotation_task_ig,0.8933273643667538,ucpa,192,0.3412689892233921,5.016452822403158e-05,/mnt/data/fl_alltiers_audit/outputs/stress_mnist_rotation_task_ig/stress_mnist_rotation_task_ig__seed9103__20261005-123450__e8b1dee7,0.0256412126054986,clean,9103,0.9575,0.8443196614583334
0.2346394624827085,0.581512451171875,0.567413330078125,0.9354723506399607,0.8211143695014663,9000.0,ff2a31692fafc10c283acc6c5c57f4f7fcfe26735d4735b5a3fb5f7b6d6bbb8f,0.15140439767496144,stress_mnist_rotation_task_ig,0.8936409715577611,ucpa_coord_only,192,0.3129114231288161,0.019138021571352103,/mnt/data/fl_alltiers_audit/outputs/stress_mnist_rotation_task_ig/stress_mnist_rotation_task_ig__seed9103__20261005-123450__e8b1dee7,0.02513499428123001,clean,9103,0.9575,0.8498128255208334
0.24721181103459514,0.581512451171875,0.567413330078125,0.9354723506399607,0.8211143695014663,9000.0,ff2a31692fafc10c283acc6c5c57f4f7fcfe26735d4735b5a3fb5f7b6d6bbb8f,0.15179772075438602,stress_mnist_rotation_task_ig,0.8933347465882737,ucpa_whole_only,192,0.34052798457446637,0.00017044180151553452,/mnt/data/fl_alltiers_audit/outputs/stress_mnist_rotation_task_ig/stress_mnist_rotation_task_ig__seed9103__20261005-123450__e8b1dee7,0.025612368315743046,clean,9103,0.9575,0.8443196614583333
0.21761961060781718,0.581512451171875,0.567413330078125,0.9354723506399607,0.8211143695014663,3880.0,ff2a31692fafc10c283acc6c5c57f4f7fcfe26735d4735b5a3fb5f7b6d6bbb8f,0.15038812544997504,stress_mnist_rotation_task_ig,0.8939590133265787,xfedalign_median,192,0.22682895943197354,0.1472820748336392,/mnt/data/fl_alltiers_audit/outputs/stress_mnist_rotation_task_ig/stress_mnist_rotation_task_ig__seed9103__20261005-123450__e8b1dee7,0.026294832673393748,clean,9103,0.9575,0.8527018229166666
0.20404082634065884,0.607757568359375,0.579193115234375,0.9537549522016767,0.9204152249134948,3880.0,ff2a31692fafc10c283acc6c5c57f4f7fcfe26735d4735b5a3fb5f7b6d6bbb8f,0.14467769167082828,stress_mnist_rotation_task_ig,0.8986668369891655,cluster,192,0.2597923353690337,0.0874118718508115,/mnt/data/fl_alltiers_audit/outputs/stress_mnist_rotation_task_ig/stress_mnist_rotation_task_ig__seed9105__20261005-130209__703cb36a,0.027365584825311436,clean,9105,0.9692,0.8861083984375
0.16124671014701764,0.607757568359375,0.579193115234375,0.9537549522016767,0.9204152249134948,3880.0,ff2a31692fafc10c283acc6c5c57f4f7fcfe26735d4735b5a3fb5f7b6d6bbb8f,0.19500459582968196,stress_mnist_rotation_task_ig,0.8665952060223694,fedattr_mean,192,0.0,2.1784714219864434e-17,/mnt/data/fl_alltiers_audit/outputs/stress_mnist_rotation_task_ig/stress_mnist_rotation_task_ig__seed9105__20261005-130209__703cb36a,0.28218181989068564,clean,9105,0.9692,0.5190022786458333
0.2464839954915723,0.607757568359375,0.579193115234375,0.9537549522016767,0.9204152249134948,0.0,ff2a31692fafc10c283acc6c5c57f4f7fcfe26735d4735b5a3fb5f7b6d6bbb8f,0.1488820823305408,stress_mnist_rotation_task_ig,0.898177379152427,local,192,0.3659179959712484,0.22890650494126638,/mnt/data/fl_alltiers_audit/outputs/stress_mnist_rotation_task_ig/stress_mnist_rotation_task_ig__seed9105__20261005-130209__703cb36a,0.0,clean,9105,0.9692,1.0
0.17405299748840064,0.607757568359375,0.579193115234375,0.9537549522016767,0.9204152249134948,3880.0,ff2a31692fafc10c283acc6c5c57f4f7fcfe26735d4735b5a3fb5f7b6d6bbb8f,0.1589170735474492,stress_mnist_rotation_task_ig,0.8935144201524963,nc_sacpa,192,0.1538296543322331,0.007011271049002274,/mnt/data/fl_alltiers_audit/outputs/stress_mnist_rotation_task_ig/stress_mnist_rotation_task_ig__seed9105__20261005-130209__703cb36a,0.17461311459622708,clean,9105,0.9692,0.6208089192708333
0.17586478011083195,0.607757568359375,0.579193115234375,0.9537549522016767,0.9204152249134948,3880.0,ff2a31692fafc10c283acc6c5c57f4f7fcfe26735d4735b5a3fb5f7b6d6bbb8f,0.15186960623857432,stress_mnist_rotation_task_ig,0.8933859677540266,sacpa_global_count,192,0.07294550472501322,0.03779810484128931,/mnt/data/fl_alltiers_audit/outputs/stress_mnist_rotation_task_ig/stress_mnist_rotation_task_ig__seed9105__20261005-130209__703cb36a,0.14221111862270538,clean,9105,0.9692,0.6707356770833333
0.24629156239754882,0.607757568359375,0.579193115234375,0.9537549522016767,0.9204152249134948,9000.0,ff2a31692fafc10c283acc6c5c57f4f7fcfe26735d4735b5a3fb5f7b6d6bbb8f,0.14585890305749366,stress_mnist_rotation_task_ig,0.8994821676477537,ucpa,192,0.36564775979175507,3.4905325019850645e-05,/mnt/data/fl_alltiers_audit/outputs/stress_mnist_rotation_task_ig/stress_mnist_rotation_task_ig__seed9105__20261005-130209__703cb36a,0.025177790397076478,clean,9105,0.9692,0.8434651692708334
0.23326263993480933,0.607757568359375,0.579193115234375,0.9537549522016767,0.9204152249134948,9000.0,ff2a31692fafc10c283acc6c5c57f4f7fcfe26735d4735b5a3fb5f7b6d6bbb8f,0.14533063288073056,stress_mnist_rotation_task_ig,0.8997809384243132,ucpa_coord_only,192,0.33780650279947166,0.019484354762590847,/mnt/data/fl_alltiers_audit/outputs/stress_mnist_rotation_task_ig/stress_mnist_rotation_task_ig__seed9105__20261005-130209__703cb36a,0.024825945666120435,clean,9105,0.9692,0.8497721354166667
0.2457944520956356,0.607757568359375,0.579193115234375,0.9537549522016767,0.9204152249134948,9000.0,ff2a31692fafc10c283acc6c5c57f4f7fcfe26735d4735b5a3fb5f7b6d6bbb8f,0.14581081753394753,stress_mnist_rotation_task_ig,0.8995047334647097,ucpa_whole_only,192,0.3650194699306204,0.00015378043199168557,/mnt/data/fl_alltiers_audit/outputs/stress_mnist_rotation_task_ig/stress_mnist_rotation_task_ig__seed9105__20261005-130209__703cb36a,0.025120897327517766,clean,9105,0.9692,0.8437093098958334
0.21528485963451852,0.607757568359375,0.579193115234375,0.9537549522016767,0.9204152249134948,3880.0,ff2a31692fafc10c283acc6c5c57f4f7fcfe26735d4735b5a3fb5f7b6d6bbb8f,0.14605923103167695,stress_mnist_rotation_task_ig,0.8998994035711803,xfedalign_median,192,0.2432041902895167,0.1572676428067975,/mnt/data/fl_alltiers_audit/outputs/stress_mnist_rotation_task_ig/stress_mnist_rotation_task_ig__seed9105__20261005-130209__703cb36a,0.024971282848747868,clean,9105,0.9692,0.8583984375
0.20527839024433014,0.605682373046875,0.578460693359375,0.9595234691839127,0.9008620689655172,3880.0,ff2a31692fafc10c283acc6c5c57f4f7fcfe26735d4735b5a3fb5f7b6d6bbb8f,0.14418915847044597,stress_mnist_rotation_task_ig,0.8949062500313933,cluster,192,0.2469069532816223,0.07573518034031172,/mnt/data/fl_alltiers_audit/outputs/stress_mnist_rotation_task_ig/stress_mnist_rotation_task_ig__seed9101__20261005-120746__68e2bb0e,0.02730994782231108,clean,9101,0.9492,0.8739827473958333
0.16654673902441147,0.605682373046875,0.578460693359375,0.9595234691839127,0.9008620689655172,3880.0,ff2a31692fafc10c283acc6c5c57f4f7fcfe26735d4735b5a3fb5f7b6d6bbb8f,0.20337310692592184,stress_mnist_rotation_task_ig,0.8690964336095931,fedattr_mean,192,0.0,1.2461693624776785e-17,/mnt/data/fl_alltiers_audit/outputs/stress_mnist_rotation_task_ig/stress_mnist_rotation_task_ig__seed9101__20261005-120746__68e2bb0e,0.27724609076999013,clean,9101,0.9492,0.5233154296875
0.24063163807807586,0.605682373046875,0.578460693359375,0.9595234691839127,0.9008620689655172,0.0,ff2a31692fafc10c283acc6c5c57f4f7fcfe26735d4735b5a3fb5f7b6d6bbb8f,0.14543297199482672,stress_mnist_rotation_task_ig,0.8938750870552514,local,192,0.3296807231650734,0.21562156548932176,/mnt/data/fl_alltiers_audit/outputs/stress_mnist_rotation_task_ig/stress_mnist_rotation_task_ig__seed9101__20261005-120746__68e2bb0e,0.0,clean,9101,0.9492,1.0
0.17327721250157258,0.605682373046875,0.578460693359375,0.9595234691839127,0.9008620689655172,3880.0,ff2a31692fafc10c283acc6c5c57f4f7fcfe26735d4735b5a3fb5f7b6d6bbb8f,0.16179911546394882,stress_mnist_rotation_task_ig,0.8890933468518294,nc_sacpa,192,0.12177342711189236,0.0065519474023775694,/mnt/data/fl_alltiers_audit/outputs/stress_mnist_rotation_task_ig/stress_mnist_rotation_task_ig__seed9101__20261005-120746__68e2bb0e,0.17467631229207445,clean,9101,0.9492,0.6106770833333333
0.16841144291911703,0.605682373046875,0.578460693359375,0.9595234691839127,0.9008620689655172,3880.0,ff2a31692fafc10c283acc6c5c57f4f7fcfe26735d4735b5a3fb5f7b6d6bbb8f,0.15052231621195156,stress_mnist_rotation_task_ig,0.8902077344309267,sacpa_global_count,192,0.06342143165745066,0.033395321020708156,/mnt/data/fl_alltiers_audit/outputs/stress_mnist_rotation_task_ig/stress_mnist_rotation_task_ig__seed9101__20261005-120746__68e2bb0e,0.13206095204227783,clean,9101,0.9492,0.6775716145833333
0.2403825633255254,0.605682373046875,0.578460693359375,0.9595234691839127,0.9008620689655172,9000.0,ff2a31692fafc10c283acc6c5c57f4f7fcfe26735d4735b5a3fb5f7b6d6bbb8f,0.14455438872743495,stress_mnist_rotation_task_ig,0.8943686703317022,ucpa,192,0.3291295632474271,6.756194087480443e-05,/mnt/data/fl_alltiers_audit/outputs/stress_mnist_rotation_task_ig/stress_mnist_rotation_task_ig__seed9101__20261005-120746__68e2bb0e,0.025478489002645294,clean,9101,0.9492,0.8435465494791666
0.22906662866942065,0.605682373046875,0.578460693359375,0.9595234691839127,0.9008620689655172,9000.0,ff2a31692fafc10c283acc6c5c57f4f7fcfe26735d4735b5a3fb5f7b6d6bbb8f,0.14400946960807157,stress_mnist_rotation_task_ig,0.8949106008105445,ucpa_coord_only,192,0.3031821744630965,0.016294461308091805,/mnt/data/fl_alltiers_audit/outputs/stress_mnist_rotation_task_ig/stress_mnist_rotation_task_ig__seed9101__20261005-120746__68e2bb0e,0.025034885435834466,clean,9101,0.9492,0.8492838541666666
0.23972159263510798,0.605682373046875,0.578460693359375,0.9595234691839127,0.9008620689655172,9000.0,ff2a31692fafc10c283acc6c5c57f4f7fcfe26735d4735b5a3fb5f7b6d6bbb8f,0.14445880565205393,stress_mnist_rotation_task_ig,0.8943436319590545,ucpa_whole_only,192,0.3282018776188858,0.00022392762001922732,/mnt/data/fl_alltiers_audit/outputs/stress_mnist_rotation_task_ig/stress_mnist_rotation_task_ig__seed9101__20261005-120746__68e2bb0e,0.02542173024533545,clean,9101,0.9492,0.8438313802083333
0.21504957360802998,0.605682373046875,0.578460693359375,0.9595234691839127,0.9008620689655172,3880.0,ff2a31692fafc10c283acc6c5c57f4f7fcfe26735d4735b5a3fb5f7b6d6bbb8f,0.14547057640429556,stress_mnist_rotation_task_ig,0.8948278072164007,xfedalign_median,192,0.2203874296984919,0.15402742154509522,/mnt/data/fl_alltiers_audit/outputs/stress_mnist_rotation_task_ig/stress_mnist_rotation_task_ig__seed9101__20261005-120746__68e2bb0e,0.026914438136380066,clean,9101,0.9492,0.8582763671875
0.5111494849629751,0.6211774581332032,0.5082185179074767,0.3942771029891632,0.09782608695652174,7720.0,18f61d3e0aa28671de73a4bda8d98a09451be07540df0901620adff6f800b37d,0.21421763720107262,stress_cifar10_rotation_unequal_sizes,0.31352060507265417,cluster,192,0.5361645950065097,0.1446213792654991,/mnt/data/fl_alltiers_audit/outputs/stress_cifar10_rotation_unequal_sizes/stress_cifar10_rotation_unequal_sizes__seed9105__20261005-094501__e4342551,0.15922965161193686,clean,9105,0.3968,0.17537434895833334
0.3763421147928887,0.6211774581332032,0.5082185179074767,0.3942771029891632,0.09782608695652174,7720.0,18f61d3e0aa28671de73a4bda8d98a09451be07540df0901620adff6f800b37d,0.2287293813109511,stress_cifar10_rotation_unequal_sizes,0.2846697865364894,fedattr_mean,192,0.0,9.41417102708181e-18,/mnt/data/fl_alltiers_audit/outputs/stress_cifar10_rotation_unequal_sizes/stress_cifar10_rotation_unequal_sizes__seed9105__20261005-094501__e4342551,0.40416356612377957,clean,9105,0.3968,0.11299641927083333
0.5794127356147706,0.6211774581332032,0.5082185179074767,0.3942771029891632,0.09782608695652174,0.0,18f61d3e0aa28671de73a4bda8d98a09451be07540df0901620adff6f800b37d,0.2101714305711205,stress_cifar10_rotation_unequal_sizes,0.3050389743863158,local,192,0.6475569782831272,0.44667320368210783,/mnt/data/fl_alltiers_audit/outputs/stress_cifar10_rotation_unequal_sizes/stress_cifar10_rotation_unequal_sizes__seed9105__20261005-094501__e4342551,0.1448141926485222,clean,9105,0.3968,0.19895426432291666
0.533980046508933,0.6211774581332032,0.5082185179074767,0.3942771029891632,0.09782608695652174,7720.0,18f61d3e0aa28671de73a4bda8d98a09451be07540df0901620adff6f800b37d,0.20966736217008544,stress_cifar10_rotation_unequal_sizes,0.30979605068221333,nc_sacpa,192,0.5068611248037926,0.01505271777957953,/mnt/data/fl_alltiers_audit/outputs/stress_cifar10_rotation_unequal_sizes/stress_cifar10_rotation_unequal_sizes__seed9105__20261005-094501__e4342551,0.3754170046384414,clean,9105,0.3968,0.1334228515625
0.46477177293900507,0.6211774581332032,0.5082185179074767,0.3942771029891632,0.09782608695652174,7720.0,18f61d3e0aa28671de73a4bda8d98a09451be07540df0901620adff6f800b37d,0.21615598244131118,stress_cifar10_rotation_unequal_sizes,0.3084418101281976,sacpa_global_count,192,0.25240453895720993,0.0559274235247541,/mnt/data/fl_alltiers_audit/outputs/stress_cifar10_rotation_unequal_sizes/stress_cifar10_rotation_unequal_sizes__seed9105__20261005-094501__e4342551,0.24651203621703333,clean,9105,0.3968,0.12467447916666666
0.579412664729232,0.6211774581332032,0.5082185179074767,0.3942771029891632,0.09782608695652174,17960.0,18f61d3e0aa28671de73a4bda8d98a09451be07540df0901620adff6f800b37d,0.21175465699264015,stress_cifar10_rotation_unequal_sizes,0.3049119987205808,ucpa,192,0.6475569297786906,8.156486559425661e-09,/mnt/data/fl_alltiers_audit/outputs/stress_cifar10_rotation_unequal_sizes/stress_cifar10_rotation_unequal_sizes__seed9105__20261005-094501__e4342551,0.17792785575258263,clean,9105,0.3968,0.16762288411458331
0.5777749513645597,0.6211774581332032,0.5082185179074767,0.3942771029891632,0.09782608695652174,17960.0,18f61d3e0aa28671de73a4bda8d98a09451be07540df0901620adff6f800b37d,0.2118258624675811,stress_cifar10_rotation_unequal_sizes,0.3046789724605648,ucpa_coord_only,192,0.6446750824802349,0.004463328647759371,/mnt/data/fl_alltiers_audit/outputs/stress_cifar10_rotation_unequal_sizes/stress_cifar10_rotation_unequal_sizes__seed9105__20261005-094501__e4342551,0.1777356137227688,clean,9105,0.3968,0.16703287760416666
0.5794121144849477,0.6211774581332032,0.5082185179074767,0.3942771029891632,0.09782608695652174,17960.0,18f61d3e0aa28671de73a4bda8d98a09451be07540df0901620adff6f800b37d,0.21175514384103097,stress_cifar10_rotation_unequal_sizes,0.30491655483210656,ucpa_whole_only,192,0.6475565802001313,7.329924841770404e-08,/mnt/data/fl_alltiers_audit/outputs/stress_cifar10_rotation_unequal_sizes/stress_cifar10_rotation_unequal_sizes__seed9105__20261005-094501__e4342551,0.17792759581598416,clean,9105,0.3968,0.16762288411458331
0.5795428162397375,0.6211774581332032,0.5082185179074767,0.3942771029891632,0.09782608695652174,7720.0,18f61d3e0aa28671de73a4bda8d98a09451be07540df0901620adff6f800b37d,0.20983272505362865,stress_cifar10_rotation_unequal_sizes,0.3050463094360814,xfedalign_median,192,0.5413384284992803,0.391860630404521,/mnt/data/fl_alltiers_audit/outputs/stress_cifar10_rotation_unequal_sizes/stress_cifar10_rotation_unequal_sizes__seed9105__20261005-094501__e4342551,0.1817017885377216,clean,9105,0.3968,0.19862874348958331
0.5245991920484131,0.538909912109375,0.514892578125,0.3173034673296259,0.0684931506849315,7720.0,18f61d3e0aa28671de73a4bda8d98a09451be07540df0901620adff6f800b37d,0.1366559434803397,stress_cifar10_rotation_unequal_sizes,0.19834724863879574,cluster,192,0.5439017412473917,0.14035454839769185,/mnt/data/fl_alltiers_audit/outputs/stress_cifar10_rotation_unequal_sizes/stress_cifar10_rotation_unequal_sizes__seed9103__20261005-091014__694a88cb,0.15833135618121366,clean,9103,0.3171,0.14528401692708334
0.38052118777349503,0.538909912109375,0.514892578125,0.3173034673296259,0.0684931506849315,7720.0,18f61d3e0aa28671de73a4bda8d98a09451be07540df0901620adff6f800b37d,0.1411577714347307,stress_cifar10_rotation_unequal_sizes,0.1730872685169743,fedattr_mean,192,0.0,9.499267869069212e-18,/mnt/data/fl_alltiers_audit/outputs/stress_cifar10_rotation_unequal_sizes/stress_cifar10_rotation_unequal_sizes__seed9103__20261005-091014__694a88cb,0.395191922218312,clean,9103,0.3171,0.1005859375
0.584387010499904,0.538909912109375,0.514892578125,0.3173034673296259,0.0684931506849315,0.0,18f61d3e0aa28671de73a4bda8d98a09451be07540df0901620adff6f800b37d,0.14251270185147102,stress_cifar10_rotation_unequal_sizes,0.1995467624718003,local,192,0.645275503167579,0.4471544433518888,/mnt/data/fl_alltiers_audit/outputs/stress_cifar10_rotation_unequal_sizes/stress_cifar10_rotation_unequal_sizes__seed9103__20261005-091014__694a88cb,0.1404164857562039,clean,9103,0.3171,0.17740885416666666
0.5410576677608843,0.538909912109375,0.514892578125,0.3173034673296259,0.0684931506849315,7720.0,18f61d3e0aa28671de73a4bda8d98a09451be07540df0901620adff6f800b37d,0.1408984973599824,stress_cifar10_rotation_unequal_sizes,0.1998719159225099,nc_sacpa,192,0.49200440943645807,0.014211802210379244,/mnt/data/fl_alltiers_audit/outputs/stress_cifar10_rotation_unequal_sizes/stress_cifar10_rotation_unequal_sizes__seed9103__20261005-091014__694a88cb,0.37867371610377687,clean,9103,0.3171,0.11427815755208334
0.48063121582652557,0.538909912109375,0.514892578125,0.3173034673296259,0.0684931506849315,7720.0,18f61d3e0aa28671de73a4bda8d98a09451be07540df0901620adff6f800b37d,0.13551496811705874,stress_cifar10_rotation_unequal_sizes,0.1985548564018245,sacpa_global_count,192,0.25638545205390967,0.05524902943160835,/mnt/data/fl_alltiers_audit/outputs/stress_cifar10_rotation_unequal_sizes/stress_cifar10_rotation_unequal_sizes__seed9103__20261005-091014__694a88cb,0.24912661250467524,clean,9103,0.3171,0.10809326171875
0.5843868294325275,0.538909912109375,0.514892578125,0.3173034673296259,0.0684931506849315,17960.0,18f61d3e0aa28671de73a4bda8d98a09451be07540df0901620adff6f800b37d,0.14297502187206798,stress_cifar10_rotation_unequal_sizes,0.19980959611663518,ucpa,192,0.6452753598807878,2.4565454359260264e-08,/mnt/data/fl_alltiers_audit/outputs/stress_cifar10_rotation_unequal_sizes/stress_cifar10_rotation_unequal_sizes__seed9103__20261005-091014__694a88cb,0.17607723246679324,clean,9103,0.3171,0.14699300130208331
0.5817366946101992,0.538909912109375,0.514892578125,0.3173034673296259,0.0684931506849315,17960.0,18f61d3e0aa28671de73a4bda8d98a09451be07540df0901620adff6f800b37d,0.14298260518165382,stress_cifar10_rotation_unequal_sizes,0.1998721068322387,ucpa_coord_only,192,0.6405085702822387,0.007261301902233075,/mnt/data/fl_alltiers_audit/outputs/stress_cifar10_rotation_unequal_sizes/stress_cifar10_rotation_unequal_sizes__seed9103__20261005-091014__694a88cb,0.1759485006855287,clean,9103,0.3171,0.14609781901041669
0.5843862662738529,0.538909912109375,0.514892578125,0.3173034673296259,0.0684931506849315,17960.0,18f61d3e0aa28671de73a4bda8d98a09451be07540df0901620adff6f800b37d,0.14297515852619352,stress_cifar10_rotation_unequal_sizes,0.19980976168638637,ucpa_whole_only,192,0.6452749531601473,9.409343848445109e-08,/mnt/data/fl_alltiers_audit/outputs/stress_cifar10_rotation_unequal_sizes/stress_cifar10_rotation_unequal_sizes__seed9103__20261005-091014__694a88cb,0.17607708210777323,clean,9103,0.3171,0.14699300130208331
0.5869438677544223,0.538909912109375,0.514892578125,0.3173034673296259,0.0684931506849315,7720.0,18f61d3e0aa28671de73a4bda8d98a09451be07540df0901620adff6f800b37d,0.14238131134382762,stress_cifar10_rotation_unequal_sizes,0.19948472789850105,xfedalign_median,192,0.5107037500482741,0.41037547379667894,/mnt/data/fl_alltiers_audit/outputs/stress_cifar10_rotation_unequal_sizes/stress_cifar10_rotation_unequal_sizes__seed9103__20261005-091014__694a88cb,0.19642425605171043,clean,9103,0.3171,0.17659505208333334
0.5208592428543545,0.56280517578125,0.52020263671875,0.5055870811067714,0.18421052631578946,7720.0,18f61d3e0aa28671de73a4bda8d98a09451be07540df0901620adff6f800b37d,0.15005716753930756,stress_cifar10_rotation_unequal_sizes,0.24309771040019162,cluster,192,0.5415395310282913,0.1418536193598996,/mnt/data/fl_alltiers_audit/outputs/stress_cifar10_rotation_unequal_sizes/stress_cifar10_rotation_unequal_sizes__seed9104__20261005-092743__1fa60073,0.15630929633562837,clean,9104,0.45,0.15547688802083331
0.3602299970968036,0.56280517578125,0.52020263671875,0.5055870811067714,0.18421052631578946,7720.0,18f61d3e0aa28671de73a4bda8d98a09451be07540df0901620adff6f800b37d,0.1413809658885536,stress_cifar10_rotation_unequal_sizes,0.19947480795823747,fedattr_mean,192,0.0,1.382190743175906e-17,/mnt/data/fl_alltiers_audit/outputs/stress_cifar10_rotation_unequal_sizes/stress_cifar10_rotation_unequal_sizes__seed9104__20261005-092743__1fa60073,0.3927373800917978,clean,9104,0.45,0.11248779296875
0.5834272168818357,0.56280517578125,0.52020263671875,0.5055870811067714,0.18421052631578946,0.0,18f61d3e0aa28671de73a4bda8d98a09451be07540df0901620adff6f800b37d,0.15969293468418377,stress_cifar10_rotation_unequal_sizes,0.23837735987162884,local,192,0.6444174702372689,0.44084373337405186,/mnt/data/fl_alltiers_audit/outputs/stress_cifar10_rotation_unequal_sizes/stress_cifar10_rotation_unequal_sizes__seed9104__20261005-092743__1fa60073,0.1388728133530854,clean,9104,0.45,0.18629964192708334
0.5381906453001648,0.56280517578125,0.52020263671875,0.5055870811067714,0.18421052631578946,7720.0,18f61d3e0aa28671de73a4bda8d98a09451be07540df0901620adff6f800b37d,0.1565276215270084,stress_cifar10_rotation_unequal_sizes,0.2384516159803752,nc_sacpa,192,0.4973344868109343,0.015051105246245644,/mnt/data/fl_alltiers_audit/outputs/stress_cifar10_rotation_unequal_sizes/stress_cifar10_rotation_unequal_sizes__seed9104__20261005-092743__1fa60073,0.3760398161736831,clean,9104,0.45,0.11989339192708334
0.4702595826009641,0.56280517578125,0.52020263671875,0.5055870811067714,0.18421052631578946,7720.0,18f61d3e0aa28671de73a4bda8d98a09451be07540df0901620adff6f800b37d,0.14862628633409258,stress_cifar10_rotation_unequal_sizes,0.25137845002075965,sacpa_global_count,192,0.2433934873494173,0.057104730104980614,/mnt/data/fl_alltiers_audit/outputs/stress_cifar10_rotation_unequal_sizes/stress_cifar10_rotation_unequal_sizes__seed9104__20261005-092743__1fa60073,0.24744323409872893,clean,9104,0.45,0.11617024739583333
0.5834271628020283,0.56280517578125,0.52020263671875,0.5055870811067714,0.18421052631578946,17960.0,18f61d3e0aa28671de73a4bda8d98a09451be07540df0901620adff6f800b37d,0.15820779606134844,stress_cifar10_rotation_unequal_sizes,0.23776664213267698,ucpa,192,0.644417425811678,8.92123584299606e-09,/mnt/data/fl_alltiers_audit/outputs/stress_cifar10_rotation_unequal_sizes/stress_cifar10_rotation_unequal_sizes__seed9104__20261005-092743__1fa60073,0.17401424423656678,clean,9104,0.45,0.15470377604166666
0.5822049464023619,0.56280517578125,0.52020263671875,0.5055870811067714,0.18421052631578946,17960.0,18f61d3e0aa28671de73a4bda8d98a09451be07540df0901620adff6f800b37d,0.15819513981041383,stress_cifar10_rotation_unequal_sizes,0.23781618638022337,ucpa_coord_only,192,0.6422512491625602,0.0036475289770258874,/mnt/data/fl_alltiers_audit/outputs/stress_cifar10_rotation_unequal_sizes/stress_cifar10_rotation_unequal_sizes__seed9104__20261005-092743__1fa60073,0.17387101251071246,clean,9104,0.45,0.15433756510416669
0.5834262353838144,0.56280517578125,0.52020263671875,0.5055870811067714,0.18421052631578946,17960.0,18f61d3e0aa28671de73a4bda8d98a09451be07540df0901620adff6f800b37d,0.1582079790080267,stress_cifar10_rotation_unequal_sizes,0.237766495088484,ucpa_whole_only,192,0.6444168264814688,1.2033479605803515e-07,/mnt/data/fl_alltiers_audit/outputs/stress_cifar10_rotation_unequal_sizes/stress_cifar10_rotation_unequal_sizes__seed9104__20261005-092743__1fa60073,0.1740141697537118,clean,9104,0.45,0.15470377604166666
0.5845615545887441,0.56280517578125,0.52020263671875,0.5055870811067714,0.18421052631578946,7720.0,18f61d3e0aa28671de73a4bda8d98a09451be07540df0901620adff6f800b37d,0.15908685499471176,stress_cifar10_rotation_unequal_sizes,0.238672065835514,xfedalign_median,192,0.507356420973606,0.4053512538359741,/mnt/data/fl_alltiers_audit/outputs/stress_cifar10_rotation_unequal_sizes/stress_cifar10_rotation_unequal_sizes__seed9104__20261005-092743__1fa60073,0.19370280259662004,clean,9104,0.45,0.18507893880208331
0.5262568151534175,0.5457121090204902,0.5308896636051375,0.3570548977928222,0.02027027027027027,7720.0,18f61d3e0aa28671de73a4bda8d98a09451be07540df0901620adff6f800b37d,0.26441383255261525,stress_cifar10_rotation_unequal_sizes,0.38702128966399413,cluster,192,0.5459076063522397,0.1288174263605817,/mnt/data/fl_alltiers_audit/outputs/stress_cifar10_rotation_unequal_sizes/stress_cifar10_rotation_unequal_sizes__seed9101__20261005-083319__80726890,0.15889997829952815,clean,9101,0.3068,0.15250651041666666
0.3817159676947401,0.5457121090204902,0.5308896636051375,0.3570548977928222,0.02027027027027027,7720.0,18f61d3e0aa28671de73a4bda8d98a09451be07540df0901620adff6f800b37d,0.2535001375570876,stress_cifar10_rotation_unequal_sizes,0.3691297077423466,fedattr_mean,192,0.0,2.0810213370686222e-17,/mnt/data/fl_alltiers_audit/outputs/stress_cifar10_rotation_unequal_sizes/stress_cifar10_rotation_unequal_sizes__seed9101__20261005-083319__80726890,0.40397327761797874,clean,9101,0.3068,0.09690348307291666
0.5821600398459117,0.5457121090204902,0.5308896636051375,0.3570548977928222,0.02027027027027027,0.0,18f61d3e0aa28671de73a4bda8d98a09451be07540df0901620adff6f800b37d,0.2656041827768869,stress_cifar10_rotation_unequal_sizes,0.3892196037243394,local,192,0.6442000725824802,0.445774709849535,/mnt/data/fl_alltiers_audit/outputs/stress_cifar10_rotation_unequal_sizes/stress_cifar10_rotation_unequal_sizes__seed9101__20261005-083319__80726890,0.13897397955175395,clean,9101,0.3068,0.19535319010416666
0.5400523459760613,0.5457121090204902,0.5308896636051375,0.3570548977928222,0.02027027027027027,7720.0,18f61d3e0aa28671de73a4bda8d98a09451be07540df0901620adff6f800b37d,0.2660420113693817,stress_cifar10_rotation_unequal_sizes,0.3953313131395362,nc_sacpa,192,0.4853357009533005,0.013351715721396961,/mnt/data/fl_alltiers_audit/outputs/stress_cifar10_rotation_unequal_sizes/stress_cifar10_rotation_unequal_sizes__seed9101__20261005-083319__80726890,0.37664457521073114,clean,9101,0.3068,0.12184651692708333
0.47930923124211083,0.5457121090204902,0.5308896636051375,0.3570548977928222,0.02027027027027027,7720.0,18f61d3e0aa28671de73a4bda8d98a09451be07540df0901620adff6f800b37d,0.25337714380889337,stress_cifar10_rotation_unequal_sizes,0.3989943690155423,sacpa_global_count,192,0.2547410306353809,0.05181292634451493,/mnt/data/fl_alltiers_audit/outputs/stress_cifar10_rotation_unequal_sizes/stress_cifar10_rotation_unequal_sizes__seed9101__20261005-083319__80726890,0.25176065960076505,clean,9101,0.3068,0.1082763671875
0.5821599308283082,0.5457121090204902,0.5308896636051375,0.3570548977928222,0.02027027027027027,17960.0,18f61d3e0aa28671de73a4bda8d98a09451be07540df0901620adff6f800b37d,0.26588277715068215,stress_cifar10_rotation_unequal_sizes,0.3893983478754668,ucpa,192,0.6441999813725281,1.4634749832685047e-08,/mnt/data/fl_alltiers_audit/outputs/stress_cifar10_rotation_unequal_sizes/stress_cifar10_rotation_unequal_sizes__seed9101__20261005-083319__80726890,0.17428258577125974,clean,9101,0.3068,0.15826416015625
0.5802750275503206,0.5457121090204902,0.5308896636051375,0.3570548977928222,0.02027027027027027,17960.0,18f61d3e0aa28671de73a4bda8d98a09451be07540df0901620adff6f800b37d,0.26571163472858644,stress_cifar10_rotation_unequal_sizes,0.38940069977355163,ucpa_coord_only,192,0.6400489503123243,0.00594260322809237,/mnt/data/fl_alltiers_audit/outputs/stress_cifar10_rotation_unequal_sizes/stress_cifar10_rotation_unequal_sizes__seed9101__20261005-083319__80726890,0.1740654160227848,clean,9101,0.3068,0.1575927734375
0.5821583284050939,0.5457121090204902,0.5308896636051375,0.3570548977928222,0.02027027027027027,17960.0,18f61d3e0aa28671de73a4bda8d98a09451be07540df0901620adff6f800b37d,0.2658823650154621,stress_cifar10_rotation_unequal_sizes,0.38939721853819076,ucpa_whole_only,192,0.6441989330975623,1.92382094639129e-07,/mnt/data/fl_alltiers_audit/outputs/stress_cifar10_rotation_unequal_sizes/stress_cifar10_rotation_unequal_sizes__seed9101__20261005-083319__80726890,0.1742823462588916,clean,9101,0.3068,0.15826416015625
0.5840912775419588,0.5457121090204902,0.5308896636051375,0.3570548977928222,0.02027027027027027,7720.0,18f61d3e0aa28671de73a4bda8d98a09451be07540df0901620adff6f800b37d,0.26543054176670844,stress_cifar10_rotation_unequal_sizes,0.38906790597377683,xfedalign_median,192,0.5098052611807848,0.410298516555728,/mnt/data/fl_alltiers_audit/outputs/stress_cifar10_rotation_unequal_sizes/stress_cifar10_rotation_unequal_sizes__seed9101__20261005-083319__80726890,0.19569556195706933,clean,9101,0.3068,0.19376627604166669
0.5212741645386805,0.6268524148773172,0.6046708940385699,0.3480557287816064,0.0,7720.0,18f61d3e0aa28671de73a4bda8d98a09451be07540df0901620adff6f800b37d,0.14384838066416705,stress_cifar10_rotation_unequal_sizes,0.3153150688009797,cluster,172,0.5181082038995022,0.1607156724710965,/mnt/data/fl_alltiers_audit/outputs/stress_cifar10_rotation_unequal_sizes/stress_cifar10_rotation_unequal_sizes__seed9102__20261005-085154__b029749c,0.15284179127480932,clean,9102,0.3882,0.15997314453125
0.3879338858966793,0.6268524148773172,0.6046708940385699,0.3480557287816064,0.0,7720.0,18f61d3e0aa28671de73a4bda8d98a09451be07540df0901620adff6f800b37d,0.15078158828291632,stress_cifar10_rotation_unequal_sizes,0.29271330795363615,fedattr_mean,172,0.0,1.9376268936444607e-17,/mnt/data/fl_alltiers_audit/outputs/stress_cifar10_rotation_unequal_sizes/stress_cifar10_rotation_unequal_sizes__seed9102__20261005-085154__b029749c,0.4154414805366409,clean,9102,0.3882,0.11454264322916667
0.5883691417186283,0.6268524148773172,0.6046708940385699,0.3480557287816064,0.0,0.0,18f61d3e0aa28671de73a4bda8d98a09451be07540df0901620adff6f800b37d,0.14997192304393442,stress_cifar10_rotation_unequal_sizes,0.3127147285884348,local,172,0.6503831604897078,0.43683692035990684,/mnt/data/fl_alltiers_audit/outputs/stress_cifar10_rotation_unequal_sizes/stress_cifar10_rotation_unequal_sizes__seed9102__20261005-085154__b029749c,0.13639646290847157,clean,9102,0.3882,0.19075520833333331
0.549230177851867,0.6268524148773172,0.6046708940385699,0.3480557287816064,0.0,7720.0,18f61d3e0aa28671de73a4bda8d98a09451be07540df0901620adff6f800b37d,0.1457869975064265,stress_cifar10_rotation_unequal_sizes,0.3168256053234776,nc_sacpa,172,0.5009268015659489,0.015190934834714741,/mnt/data/fl_alltiers_audit/outputs/stress_cifar10_rotation_unequal_sizes/stress_cifar10_rotation_unequal_sizes__seed9102__20261005-085154__b029749c,0.3756203238460486,clean,9102,0.3882,0.13002522786458331
0.4832310137975745,0.6268524148773172,0.6046708940385699,0.3480557287816064,0.0,7720.0,18f61d3e0aa28671de73a4bda8d98a09451be07540df0901620adff6f800b37d,0.14153586193588125,stress_cifar10_rotation_unequal_sizes,0.3245283663273464,sacpa_global_count,172,0.26486617101230264,0.05661366400822418,/mnt/data/fl_alltiers_audit/outputs/stress_cifar10_rotation_unequal_sizes/stress_cifar10_rotation_unequal_sizes__seed9102__20261005-085154__b029749c,0.24641450386730127,clean,9102,0.3882,0.12042236328124999
0.5883690599914163,0.6268524148773172,0.6046708940385699,0.3480557287816064,0.0,17960.0,18f61d3e0aa28671de73a4bda8d98a09451be07540df0901620adff6f800b37d,0.1496667076824451,stress_cifar10_rotation_unequal_sizes,0.31431106907906115,ucpa,172,0.6503830943329804,1.2427993729951658e-08,/mnt/data/fl_alltiers_audit/outputs/stress_cifar10_rotation_unequal_sizes/stress_cifar10_rotation_unequal_sizes__seed9102__20261005-085154__b029749c,0.17174844881601642,clean,9102,0.3882,0.15639241536458331
0.5867963210147924,0.6268524148773172,0.6046708940385699,0.3480557287816064,0.0,17960.0,18f61d3e0aa28671de73a4bda8d98a09451be07540df0901620adff6f800b37d,0.14970309346687524,stress_cifar10_rotation_unequal_sizes,0.31426040618492457,ucpa_coord_only,172,0.6471615651046828,0.005117019904884633,/mnt/data/fl_alltiers_audit/outputs/stress_cifar10_rotation_unequal_sizes/stress_cifar10_rotation_unequal_sizes__seed9102__20261005-085154__b029749c,0.1716217331130177,clean,9102,0.3882,0.15610758463541669
0.588368568891698,0.6268524148773172,0.6046708940385699,0.3480557287816064,0.0,17960.0,18f61d3e0aa28671de73a4bda8d98a09451be07540df0901620adff6f800b37d,0.14966670593427503,stress_cifar10_rotation_unequal_sizes,0.31431103726663423,ucpa_whole_only,172,0.6503827504911467,7.573849853671219e-08,/mnt/data/fl_alltiers_audit/outputs/stress_cifar10_rotation_unequal_sizes/stress_cifar10_rotation_unequal_sizes__seed9102__20261005-085154__b029749c,0.17174819612111075,clean,9102,0.3882,0.15639241536458331
0.5910611656993452,0.6268524148773172,0.6046708940385699,0.3480557287816064,0.0,7720.0,18f61d3e0aa28671de73a4bda8d98a09451be07540df0901620adff6f800b37d,0.14931027924158113,stress_cifar10_rotation_unequal_sizes,0.312986664747162,xfedalign_median,172,0.542785151574862,0.400311847013013,/mnt/data/fl_alltiers_audit/outputs/stress_cifar10_rotation_unequal_sizes/stress_cifar10_rotation_unequal_sizes__seed9102__20261005-085154__b029749c,0.18405673913544363,clean,9102,0.3882,0.19059244791666669
0.2366440727861142,0.534149169921875,0.510589599609375,0.9354723506399607,0.8211143695014663,3880.0,069072619c0211a5d2d6ba6a57e790dd2eda880d0c06012d8e9542754caa498f,0.15953014090370443,sensitivity_ncsacpa_beta_0p9,0.883175553344093,cluster,192,0.2848783970092391,0.08493676881668116,/mnt/data/fl_alltiers_audit/outputs/sensitivity_ncsacpa_beta_0p9/sensitivity_ncsacpa_beta_0p9__seed9103__20261005-205247__e515694f,0.1456399174241505,clean,9103,0.9575,0.7659505208333333
0.17574623514455454,0.534149169921875,0.510589599609375,0.9354723506399607,0.8211143695014663,3880.0,069072619c0211a5d2d6ba6a57e790dd2eda880d0c06012d8e9542754caa498f,0.2220950978658967,sensitivity_ncsacpa_beta_0p9,0.8476354848700188,fedattr_mean,192,0.0,2.1042848140171885e-17,/mnt/data/fl_alltiers_audit/outputs/sensitivity_ncsacpa_beta_0p9/sensitivity_ncsacpa_beta_0p9__seed9103__20261005-205247__e515694f,0.29356149374953944,clean,9103,0.9575,0.49971516927083337
0.2815509867711701,0.534149169921875,0.510589599609375,0.9354723506399607,0.8211143695014663,0.0,069072619c0211a5d2d6ba6a57e790dd2eda880d0c06012d8e9542754caa498f,0.15839002244635292,sensitivity_ncsacpa_beta_0p9,0.8844408576100251,local,192,0.37890848402800387,0.24027233605329548,/mnt/data/fl_alltiers_audit/outputs/sensitivity_ncsacpa_beta_0p9/sensitivity_ncsacpa_beta_0p9__seed9103__20261005-205247__e515694f,0.12684719160540853,clean,9103,0.9575,0.8369547526041667
0.19635419362475828,0.534149169921875,0.510589599609375,0.9354723506399607,0.8211143695014663,3880.0,069072619c0211a5d2d6ba6a57e790dd2eda880d0c06012d8e9542754caa498f,0.19134618903202258,sensitivity_ncsacpa_beta_0p9,0.8643909382248239,nc_sacpa,192,0.14239494204165884,0.0023761149110513385,/mnt/data/fl_alltiers_audit/outputs/sensitivity_ncsacpa_beta_0p9/sensitivity_ncsacpa_beta_0p9__seed9103__20261005-205247__e515694f,0.2557746966446369,clean,9103,0.9575,0.5730387369791667
0.18380836338658194,0.534149169921875,0.510589599609375,0.9354723506399607,0.8211143695014663,3880.0,069072619c0211a5d2d6ba6a57e790dd2eda880d0c06012d8e9542754caa498f,0.17447857307994735,sensitivity_ncsacpa_beta_0p9,0.8754298111727015,sacpa_global_count,192,0.07295845966819181,0.038301387752902906,/mnt/data/fl_alltiers_audit/outputs/sensitivity_ncsacpa_beta_0p9/sensitivity_ncsacpa_beta_0p9__seed9103__20261005-205247__e515694f,0.20565766827430998,clean,9103,0.9575,0.63134765625
0.2814806959544419,0.534149169921875,0.510589599609375,0.9354723506399607,0.8211143695014663,9000.0,069072619c0211a5d2d6ba6a57e790dd2eda880d0c06012d8e9542754caa498f,0.1614908099647437,sensitivity_ncsacpa_beta_0p9,0.8822690451556507,ucpa,192,0.37880316055569135,1.1367080298455036e-05,/mnt/data/fl_alltiers_audit/outputs/sensitivity_ncsacpa_beta_0p9/sensitivity_ncsacpa_beta_0p9__seed9103__20261005-205247__e515694f,0.14841581858846165,clean,9103,0.9575,0.7428792317708334
0.26980716481901856,0.534149169921875,0.510589599609375,0.9354723506399607,0.8211143695014663,9000.0,069072619c0211a5d2d6ba6a57e790dd2eda880d0c06012d8e9542754caa498f,0.16176266100689343,sensitivity_ncsacpa_beta_0p9,0.8828449136571483,ucpa_coord_only,192,0.355269997796724,0.017221989205989944,/mnt/data/fl_alltiers_audit/outputs/sensitivity_ncsacpa_beta_0p9/sensitivity_ncsacpa_beta_0p9__seed9103__20261005-205247__e515694f,0.14724650652996907,clean,9103,0.9575,0.7394205729166667
0.28113347559767465,0.534149169921875,0.510589599609375,0.9354723506399607,0.8211143695014663,9000.0,069072619c0211a5d2d6ba6a57e790dd2eda880d0c06012d8e9542754caa498f,0.16149568221468752,sensitivity_ncsacpa_beta_0p9,0.8822726580838207,ucpa_whole_only,192,0.3783032095720416,8.5390431566293e-05,/mnt/data/fl_alltiers_audit/outputs/sensitivity_ncsacpa_beta_0p9/sensitivity_ncsacpa_beta_0p9__seed9103__20261005-205247__e515694f,0.14835714905037384,clean,9103,0.9575,0.7426350911458334
0.24948967895774227,0.534149169921875,0.510589599609375,0.9354723506399607,0.8211143695014663,3880.0,069072619c0211a5d2d6ba6a57e790dd2eda880d0c06012d8e9542754caa498f,0.16057467396870684,sensitivity_ncsacpa_beta_0p9,0.8843738107834118,xfedalign_median,192,0.25472398147122927,0.17207856511511652,/mnt/data/fl_alltiers_audit/outputs/sensitivity_ncsacpa_beta_0p9/sensitivity_ncsacpa_beta_0p9__seed9103__20261005-205247__e515694f,0.14356331458261617,clean,9103,0.9575,0.7626953125
0.23965454650601753,0.57257080078125,0.54339599609375,0.9595234691839127,0.9008620689655172,3880.0,069072619c0211a5d2d6ba6a57e790dd2eda880d0c06012d8e9542754caa498f,0.15665923206759846,sensitivity_ncsacpa_beta_0p9,0.8856528068274505,cluster,192,0.2803325322068978,0.08326586454490997,/mnt/data/fl_alltiers_audit/outputs/sensitivity_ncsacpa_beta_0p9/sensitivity_ncsacpa_beta_0p9__seed9101__20261005-202637__111dd7bd,0.14354613821148668,clean,9101,0.9492,0.764404296875
0.17731416798514474,0.57257080078125,0.54339599609375,0.9595234691839127,0.9008620689655172,3880.0,069072619c0211a5d2d6ba6a57e790dd2eda880d0c06012d8e9542754caa498f,0.22245094042860103,sensitivity_ncsacpa_beta_0p9,0.8483556108607444,fedattr_mean,192,0.0,1.242008085290753e-17,/mnt/data/fl_alltiers_audit/outputs/sensitivity_ncsacpa_beta_0p9/sensitivity_ncsacpa_beta_0p9__seed9101__20261005-202637__111dd7bd,0.28669288457643316,clean,9101,0.9492,0.5159098307291667
0.282023306101716,0.57257080078125,0.54339599609375,0.9595234691839127,0.9008620689655172,0.0,069072619c0211a5d2d6ba6a57e790dd2eda880d0c06012d8e9542754caa498f,0.15462432798203735,sensitivity_ncsacpa_beta_0p9,0.8871253028477895,local,192,0.3717410209434218,0.23912189832121417,/mnt/data/fl_alltiers_audit/outputs/sensitivity_ncsacpa_beta_0p9/sensitivity_ncsacpa_beta_0p9__seed9101__20261005-202637__111dd7bd,0.12852375732574475,clean,9101,0.9492,0.8314615885416667
0.197805000754329,0.57257080078125,0.54339599609375,0.9595234691839127,0.9008620689655172,3880.0,069072619c0211a5d2d6ba6a57e790dd2eda880d0c06012d8e9542754caa498f,0.18566913133903049,sensitivity_ncsacpa_beta_0p9,0.8645226701971296,nc_sacpa,192,0.14761911294011656,0.002341500391625119,/mnt/data/fl_alltiers_audit/outputs/sensitivity_ncsacpa_beta_0p9/sensitivity_ncsacpa_beta_0p9__seed9101__20261005-202637__111dd7bd,0.25605968473969365,clean,9101,0.9492,0.5743408203125
0.18353445801584253,0.57257080078125,0.54339599609375,0.9595234691839127,0.9008620689655172,3880.0,069072619c0211a5d2d6ba6a57e790dd2eda880d0c06012d8e9542754caa498f,0.17396372648123964,sensitivity_ncsacpa_beta_0p9,0.8751046613819805,sacpa_global_count,192,0.07126666790557264,0.03735448233966695,/mnt/data/fl_alltiers_audit/outputs/sensitivity_ncsacpa_beta_0p9/sensitivity_ncsacpa_beta_0p9__seed9101__20261005-202637__111dd7bd,0.20294825928946159,clean,9101,0.9492,0.6350504557291666
0.2819442215475232,0.57257080078125,0.54339599609375,0.9595234691839127,0.9008620689655172,9000.0,069072619c0211a5d2d6ba6a57e790dd2eda880d0c06012d8e9542754caa498f,0.15949346102091416,sensitivity_ncsacpa_beta_0p9,0.8840987719089906,ucpa,192,0.3715488432865659,2.1620522454190248e-05,/mnt/data/fl_alltiers_audit/outputs/sensitivity_ncsacpa_beta_0p9/sensitivity_ncsacpa_beta_0p9__seed9101__20261005-202637__111dd7bd,0.14963664555586625,clean,9101,0.9492,0.7385660807291667
0.27261594632673136,0.57257080078125,0.54339599609375,0.9595234691839127,0.9008620689655172,9000.0,069072619c0211a5d2d6ba6a57e790dd2eda880d0c06012d8e9542754caa498f,0.15956074436344353,sensitivity_ncsacpa_beta_0p9,0.8843312187022851,ucpa_coord_only,192,0.35119080764682714,0.013219391063651963,/mnt/data/fl_alltiers_audit/outputs/sensitivity_ncsacpa_beta_0p9/sensitivity_ncsacpa_beta_0p9__seed9101__20261005-202637__111dd7bd,0.1485926336062996,clean,9101,0.9492,0.7349853515625
0.28158275974912306,0.57257080078125,0.54339599609375,0.9595234691839127,0.9008620689655172,9000.0,069072619c0211a5d2d6ba6a57e790dd2eda880d0c06012d8e9542754caa498f,0.15941735216735348,sensitivity_ncsacpa_beta_0p9,0.8841856515227997,ucpa_whole_only,192,0.3710511664163586,9.10984072933688e-05,/mnt/data/fl_alltiers_audit/outputs/sensitivity_ncsacpa_beta_0p9/sensitivity_ncsacpa_beta_0p9__seed9101__20261005-202637__111dd7bd,0.1495748019625483,clean,9101,0.9492,0.7383219401041667
0.25151925056759783,0.57257080078125,0.54339599609375,0.9595234691839127,0.9008620689655172,3880.0,069072619c0211a5d2d6ba6a57e790dd2eda880d0c06012d8e9542754caa498f,0.1583510742414243,sensitivity_ncsacpa_beta_0p9,0.8851320243678855,xfedalign_median,192,0.2516741447313263,0.18022814062851333,/mnt/data/fl_alltiers_audit/outputs/sensitivity_ncsacpa_beta_0p9/sensitivity_ncsacpa_beta_0p9__seed9101__20261005-202637__111dd7bd,0.14592968838009002,clean,9101,0.9492,0.7637532552083333
0.22526543902812984,0.5418701171875,0.534393310546875,0.9546287084885665,0.9027777777777778,3880.0,069072619c0211a5d2d6ba6a57e790dd2eda880d0c06012d8e9542754caa498f,0.16189955483317436,sensitivity_ncsacpa_beta_0p9,0.8981354729334271,cluster,192,0.2835291716520836,0.08220818923395966,/mnt/data/fl_alltiers_audit/outputs/sensitivity_ncsacpa_beta_0p9/sensitivity_ncsacpa_beta_0p9__seed9102__20261005-203944__f7178f8c,0.13763863636916593,clean,9102,0.9725,0.7654622395833334
0.15266164072228275,0.5418701171875,0.534393310546875,0.9546287084885665,0.9027777777777778,3880.0,069072619c0211a5d2d6ba6a57e790dd2eda880d0c06012d8e9542754caa498f,0.21125415004905035,sensitivity_ncsacpa_beta_0p9,0.8687237994108727,fedattr_mean,192,0.0,1.976755699931275e-17,/mnt/data/fl_alltiers_audit/outputs/sensitivity_ncsacpa_beta_0p9/sensitivity_ncsacpa_beta_0p9__seed9102__20261005-203944__f7178f8c,0.2739394153697019,clean,9102,0.9725,0.5348714192708334
0.2705430676057753,0.5418701171875,0.534393310546875,0.9546287084885665,0.9027777777777778,0.0,069072619c0211a5d2d6ba6a57e790dd2eda880d0c06012d8e9542754caa498f,0.16014369611348228,sensitivity_ncsacpa_beta_0p9,0.8984286420036369,local,192,0.3846317580937864,0.23540308225957074,/mnt/data/fl_alltiers_audit/outputs/sensitivity_ncsacpa_beta_0p9/sensitivity_ncsacpa_beta_0p9__seed9102__20261005-203944__f7178f8c,0.12114774844123295,clean,9102,0.9725,0.8388671875
0.18451377183697695,0.5418701171875,0.534393310546875,0.9546287084885665,0.9027777777777778,3880.0,069072619c0211a5d2d6ba6a57e790dd2eda880d0c06012d8e9542754caa498f,0.18440787788331364,sensitivity_ncsacpa_beta_0p9,0.8792336291109677,nc_sacpa,192,0.15157306114335758,0.0023832486923862297,/mnt/data/fl_alltiers_audit/outputs/sensitivity_ncsacpa_beta_0p9/sensitivity_ncsacpa_beta_0p9__seed9102__20261005-203944__f7178f8c,0.25083970990702886,clean,9102,0.9725,0.5829671223958334
0.1609298719799706,0.5418701171875,0.534393310546875,0.9546287084885665,0.9027777777777778,3880.0,069072619c0211a5d2d6ba6a57e790dd2eda880d0c06012d8e9542754caa498f,0.17208303236283579,sensitivity_ncsacpa_beta_0p9,0.8912408859173107,sacpa_global_count,192,0.07179764815503277,0.036676906736102945,/mnt/data/fl_alltiers_audit/outputs/sensitivity_ncsacpa_beta_0p9/sensitivity_ncsacpa_beta_0p9__seed9102__20261005-203944__f7178f8c,0.19293379317091403,clean,9102,0.9725,0.6566569010416666
0.27045293562573713,0.5418701171875,0.534393310546875,0.9546287084885665,0.9027777777777778,9000.0,069072619c0211a5d2d6ba6a57e790dd2eda880d0c06012d8e9542754caa498f,0.1620221195597272,sensitivity_ncsacpa_beta_0p9,0.895690748135227,ucpa,192,0.3845317104927312,1.2776250680329101e-05,/mnt/data/fl_alltiers_audit/outputs/sensitivity_ncsacpa_beta_0p9/sensitivity_ncsacpa_beta_0p9__seed9102__20261005-203944__f7178f8c,0.1423181465401139,clean,9102,0.9725,0.7451578776041667
0.25881404138614383,0.5418701171875,0.534393310546875,0.9546287084885665,0.9027777777777778,9000.0,069072619c0211a5d2d6ba6a57e790dd2eda880d0c06012d8e9542754caa498f,0.16225667844370645,sensitivity_ncsacpa_beta_0p9,0.8961582843994014,ucpa_coord_only,192,0.36213090693618893,0.01695191440023966,/mnt/data/fl_alltiers_audit/outputs/sensitivity_ncsacpa_beta_0p9/sensitivity_ncsacpa_beta_0p9__seed9102__20261005-203944__f7178f8c,0.14135936997708545,clean,9102,0.9725,0.740234375
0.2699912375137446,0.5418701171875,0.534393310546875,0.9546287084885665,0.9027777777777778,9000.0,069072619c0211a5d2d6ba6a57e790dd2eda880d0c06012d8e9542754caa498f,0.16204888383948252,sensitivity_ncsacpa_beta_0p9,0.8956292380025237,ucpa_whole_only,192,0.38402137508910295,9.860840671599071e-05,/mnt/data/fl_alltiers_audit/outputs/sensitivity_ncsacpa_beta_0p9/sensitivity_ncsacpa_beta_0p9__seed9102__20261005-203944__f7178f8c,0.14226962499760498,clean,9102,0.9725,0.7448323567708333
0.2369050677457316,0.5418701171875,0.534393310546875,0.9546287084885665,0.9027777777777778,3880.0,069072619c0211a5d2d6ba6a57e790dd2eda880d0c06012d8e9542754caa498f,0.16246770774378091,sensitivity_ncsacpa_beta_0p9,0.89811845524758,xfedalign_median,192,0.2551642158396884,0.16480440934213927,/mnt/data/fl_alltiers_audit/outputs/sensitivity_ncsacpa_beta_0p9/sensitivity_ncsacpa_beta_0p9__seed9102__20261005-203944__f7178f8c,0.1364737637541962,clean,9102,0.9725,0.7694905598958334
0.22886883138099795,0.57171630859375,0.568359375,0.9537549522016767,0.9204152249134948,3880.0,069072619c0211a5d2d6ba6a57e790dd2eda880d0c06012d8e9542754caa498f,0.16470869370141372,sensitivity_ncsacpa_beta_0p9,0.8876159272996257,cluster,192,0.2819885897797293,0.0972348611142863,/mnt/data/fl_alltiers_audit/outputs/sensitivity_ncsacpa_beta_0p9/sensitivity_ncsacpa_beta_0p9__seed9105__20261005-211908__44347f48,0.14087787628527332,clean,9105,0.9692,0.7805989583333333
0.17410580906758816,0.57171630859375,0.568359375,0.9537549522016767,0.9204152249134948,3880.0,069072619c0211a5d2d6ba6a57e790dd2eda880d0c06012d8e9542754caa498f,0.23371651019986645,sensitivity_ncsacpa_beta_0p9,0.8458811849268083,fedattr_mean,192,0.0,1.689832128806763e-17,/mnt/data/fl_alltiers_audit/outputs/sensitivity_ncsacpa_beta_0p9/sensitivity_ncsacpa_beta_0p9__seed9105__20261005-211908__44347f48,0.292978857206025,clean,9105,0.9692,0.5186767578125
0.27839839338861566,0.57171630859375,0.568359375,0.9537549522016767,0.9204152249134948,0.0,069072619c0211a5d2d6ba6a57e790dd2eda880d0c06012d8e9542754caa498f,0.16184060547275295,sensitivity_ncsacpa_beta_0p9,0.88868227193697,local,192,0.39969831391975247,0.24976964183658326,/mnt/data/fl_alltiers_audit/outputs/sensitivity_ncsacpa_beta_0p9/sensitivity_ncsacpa_beta_0p9__seed9105__20261005-211908__44347f48,0.12675596725889082,clean,9105,0.9692,0.8404947916666666
0.1895811212162451,0.57171630859375,0.568359375,0.9537549522016767,0.9204152249134948,3880.0,069072619c0211a5d2d6ba6a57e790dd2eda880d0c06012d8e9542754caa498f,0.19322850179760281,sensitivity_ncsacpa_beta_0p9,0.8689614024372152,nc_sacpa,192,0.15242742627969016,0.0025759489430139445,/mnt/data/fl_alltiers_audit/outputs/sensitivity_ncsacpa_beta_0p9/sensitivity_ncsacpa_beta_0p9__seed9105__20261005-211908__44347f48,0.2517017651162671,clean,9105,0.9692,0.5900472005208334
0.18655708330598236,0.57171630859375,0.568359375,0.9537549522016767,0.9204152249134948,3880.0,069072619c0211a5d2d6ba6a57e790dd2eda880d0c06012d8e9542754caa498f,0.18428161477234728,sensitivity_ncsacpa_beta_0p9,0.878569768698596,sacpa_global_count,192,0.07900392867849436,0.04135521678800253,/mnt/data/fl_alltiers_audit/outputs/sensitivity_ncsacpa_beta_0p9/sensitivity_ncsacpa_beta_0p9__seed9105__20261005-211908__44347f48,0.20958867461103592,clean,9105,0.9692,0.6332194010416666
0.2783435251168248,0.57171630859375,0.568359375,0.9537549522016767,0.9204152249134948,9000.0,069072619c0211a5d2d6ba6a57e790dd2eda880d0c06012d8e9542754caa498f,0.16689031686625339,sensitivity_ncsacpa_beta_0p9,0.8860754697301995,ucpa,192,0.3996222512014024,8.843942349957544e-06,/mnt/data/fl_alltiers_audit/outputs/sensitivity_ncsacpa_beta_0p9/sensitivity_ncsacpa_beta_0p9__seed9105__20261005-211908__44347f48,0.14712241802765058,clean,9105,0.9692,0.7462158203125
0.26739084597762386,0.57171630859375,0.568359375,0.9537549522016767,0.9204152249134948,9000.0,069072619c0211a5d2d6ba6a57e790dd2eda880d0c06012d8e9542754caa498f,0.1659413365481972,sensitivity_ncsacpa_beta_0p9,0.8862007434656306,ucpa_coord_only,192,0.37649615599356806,0.01816169996606296,/mnt/data/fl_alltiers_audit/outputs/sensitivity_ncsacpa_beta_0p9/sensitivity_ncsacpa_beta_0p9__seed9105__20261005-211908__44347f48,0.14598282552435704,clean,9105,0.9692,0.7420654296875
0.27806951767431815,0.57171630859375,0.568359375,0.9537549522016767,0.9204152249134948,9000.0,069072619c0211a5d2d6ba6a57e790dd2eda880d0c06012d8e9542754caa498f,0.16686575884771931,sensitivity_ncsacpa_beta_0p9,0.8860430169937615,ucpa_whole_only,192,0.39930586791951267,5.808774692161713e-05,/mnt/data/fl_alltiers_audit/outputs/sensitivity_ncsacpa_beta_0p9/sensitivity_ncsacpa_beta_0p9__seed9105__20261005-211908__44347f48,0.14706818808605907,clean,9105,0.9692,0.7458902994791667
0.24693260046034066,0.57171630859375,0.568359375,0.9537549522016767,0.9204152249134948,3880.0,069072619c0211a5d2d6ba6a57e790dd2eda880d0c06012d8e9542754caa498f,0.16686371935008232,sensitivity_ncsacpa_beta_0p9,0.8864881989428832,xfedalign_median,192,0.26805636091538926,0.18035346764806032,/mnt/data/fl_alltiers_audit/outputs/sensitivity_ncsacpa_beta_0p9/sensitivity_ncsacpa_beta_0p9__seed9105__20261005-211908__44347f48,0.14361674555424697,clean,9105,0.9692,0.7720540364583334
0.2350126823304013,0.574127197265625,0.558319091796875,0.9460458784114083,0.8960244648318043,3880.0,069072619c0211a5d2d6ba6a57e790dd2eda880d0c06012d8e9542754caa498f,0.15260673695823546,sensitivity_ncsacpa_beta_0p9,0.876502858443564,cluster,192,0.27703709435526247,0.07955626740998997,/mnt/data/fl_alltiers_audit/outputs/sensitivity_ncsacpa_beta_0p9/sensitivity_ncsacpa_beta_0p9__seed9104__20261005-210542__07433bc4,0.14411328183145103,clean,9104,0.9573,0.7636311848958333
0.17758408712243248,0.574127197265625,0.558319091796875,0.9460458784114083,0.8960244648318043,3880.0,069072619c0211a5d2d6ba6a57e790dd2eda880d0c06012d8e9542754caa498f,0.20158053565176792,sensitivity_ncsacpa_beta_0p9,0.8525308326232031,fedattr_mean,192,0.0,1.590030229720148e-17,/mnt/data/fl_alltiers_audit/outputs/sensitivity_ncsacpa_beta_0p9/sensitivity_ncsacpa_beta_0p9__seed9104__20261005-210542__07433bc4,0.28262304738125793,clean,9104,0.9573,0.5211181640625
0.2790760050950427,0.574127197265625,0.558319091796875,0.9460458784114083,0.8960244648318043,0.0,069072619c0211a5d2d6ba6a57e790dd2eda880d0c06012d8e9542754caa498f,0.15127550393954153,sensitivity_ncsacpa_beta_0p9,0.8774845155632647,local,192,0.36799040672692157,0.23011139841205389,/mnt/data/fl_alltiers_audit/outputs/sensitivity_ncsacpa_beta_0p9/sensitivity_ncsacpa_beta_0p9__seed9104__20261005-210542__07433bc4,0.12890974718791365,clean,9104,0.9573,0.8235270182291666
0.20053192744577952,0.574127197265625,0.558319091796875,0.9460458784114083,0.8960244648318043,3880.0,069072619c0211a5d2d6ba6a57e790dd2eda880d0c06012d8e9542754caa498f,0.18117841887263542,sensitivity_ncsacpa_beta_0p9,0.8588448481344131,nc_sacpa,192,0.14054383355186656,0.0022669264965428865,/mnt/data/fl_alltiers_audit/outputs/sensitivity_ncsacpa_beta_0p9/sensitivity_ncsacpa_beta_0p9__seed9104__20261005-210542__07433bc4,0.25696004844051024,clean,9104,0.9573,0.5727132161458333
0.18167320221430716,0.574127197265625,0.558319091796875,0.9460458784114083,0.8960244648318043,3880.0,069072619c0211a5d2d6ba6a57e790dd2eda880d0c06012d8e9542754caa498f,0.16337543662108753,sensitivity_ncsacpa_beta_0p9,0.8731616552709359,sacpa_global_count,192,0.06704191441625776,0.03522792623611297,/mnt/data/fl_alltiers_audit/outputs/sensitivity_ncsacpa_beta_0p9/sensitivity_ncsacpa_beta_0p9__seed9104__20261005-210542__07433bc4,0.19646480956921364,clean,9104,0.9573,0.6429850260416667
0.27899901614280775,0.574127197265625,0.558319091796875,0.9460458784114083,0.8960244648318043,9000.0,069072619c0211a5d2d6ba6a57e790dd2eda880d0c06012d8e9542754caa498f,0.15469419230066705,sensitivity_ncsacpa_beta_0p9,0.8743905683552535,ucpa,192,0.3678789559782536,1.2356326240922157e-05,/mnt/data/fl_alltiers_audit/outputs/sensitivity_ncsacpa_beta_0p9/sensitivity_ncsacpa_beta_0p9__seed9104__20261005-210542__07433bc4,0.15005418730597012,clean,9104,0.9573,0.7388509114583334
0.269070444469969,0.574127197265625,0.558319091796875,0.9460458784114083,0.8960244648318043,9000.0,069072619c0211a5d2d6ba6a57e790dd2eda880d0c06012d8e9542754caa498f,0.15444430357420064,sensitivity_ncsacpa_beta_0p9,0.8745531493659655,ucpa_coord_only,192,0.34784000715536484,0.013995602483963908,/mnt/data/fl_alltiers_audit/outputs/sensitivity_ncsacpa_beta_0p9/sensitivity_ncsacpa_beta_0p9__seed9104__20261005-210542__07433bc4,0.14905774599561442,clean,9104,0.9573,0.736083984375
0.2786282247748587,0.574127197265625,0.558319091796875,0.9460458784114083,0.8960244648318043,9000.0,069072619c0211a5d2d6ba6a57e790dd2eda880d0c06012d8e9542754caa498f,0.15471849001696683,sensitivity_ncsacpa_beta_0p9,0.874418771774314,ucpa_whole_only,192,0.3673589893511109,8.374607795640988e-05,/mnt/data/fl_alltiers_audit/outputs/sensitivity_ncsacpa_beta_0p9/sensitivity_ncsacpa_beta_0p9__seed9104__20261005-210542__07433bc4,0.1500042626746892,clean,9104,0.9573,0.7389322916666667
0.24724645045471938,0.574127197265625,0.558319091796875,0.9460458784114083,0.8960244648318043,3880.0,069072619c0211a5d2d6ba6a57e790dd2eda880d0c06012d8e9542754caa498f,0.15299062222111387,sensitivity_ncsacpa_beta_0p9,0.8776839034506945,xfedalign_median,192,0.24455169680754632,0.16089079835784564,/mnt/data/fl_alltiers_audit/outputs/sensitivity_ncsacpa_beta_0p9/sensitivity_ncsacpa_beta_0p9__seed9104__20261005-210542__07433bc4,0.14422458727682275,clean,9104,0.9573,0.759765625
0.20006771191703548,0.568206787109375,0.561737060546875,0.9537549522016767,0.9204152249134948,3880.0,c6533563bfb5bd3468843337e86994c4d9c112a2995fcc6200f1a5ec9e50754c,0.16459702664312015,sweep_mnist_dp_0p0,0.8872020454012043,cluster,192,0.2563700169597196,0.07075584783747368,/mnt/data/fl_alltiers_audit/outputs/sweep_mnist_dp_0p0/sweep_mnist_dp_0p0__seed9105__20261005-154558__1da9cb18,0.14074213280019776,clean,9105,0.9692,0.7779134114583334
0.13997246067680563,0.568206787109375,0.561737060546875,0.9537549522016767,0.9204152249134948,3880.0,c6533563bfb5bd3468843337e86994c4d9c112a2995fcc6200f1a5ec9e50754c,0.22979603934589554,sweep_mnist_dp_0p0,0.8601863398506775,fedattr_mean,192,0.0,7.916151274663697e-18,/mnt/data/fl_alltiers_audit/outputs/sweep_mnist_dp_0p0/sweep_mnist_dp_0p0__seed9105__20261005-154558__1da9cb18,0.263153581819075,clean,9105,0.9692,0.5620524088541666
0.24304880807975993,0.568206787109375,0.561737060546875,0.9537549522016767,0.9204152249134948,0.0,c6533563bfb5bd3468843337e86994c4d9c112a2995fcc6200f1a5ec9e50754c,0.16184060547275295,sweep_mnist_dp_0p0,0.88868227193697,local,192,0.3578324763602534,0.19636361635316546,/mnt/data/fl_alltiers_audit/outputs/sweep_mnist_dp_0p0/sweep_mnist_dp_0p0__seed9105__20261005-154558__1da9cb18,0.12675596725889082,clean,9105,0.9692,0.8404947916666666
0.18611969557072444,0.568206787109375,0.561737060546875,0.9537549522016767,0.9204152249134948,3880.0,c6533563bfb5bd3468843337e86994c4d9c112a2995fcc6200f1a5ec9e50754c,0.18829928266044363,sweep_mnist_dp_0p0,0.8776026382666866,nc_sacpa,192,0.1791376547568685,0.004455421447943175,/mnt/data/fl_alltiers_audit/outputs/sweep_mnist_dp_0p0/sweep_mnist_dp_0p0__seed9105__20261005-154558__1da9cb18,0.22259087356862559,clean,9105,0.9692,0.6204020182291666
0.1489731296869704,0.568206787109375,0.561737060546875,0.9537549522016767,0.9204152249134948,3880.0,c6533563bfb5bd3468843337e86994c4d9c112a2995fcc6200f1a5ec9e50754c,0.17883360233587764,sweep_mnist_dp_0p0,0.8828354898516333,sacpa_global_count,192,0.07181115539920252,0.025919979055671158,/mnt/data/fl_alltiers_audit/outputs/sweep_mnist_dp_0p0/sweep_mnist_dp_0p0__seed9105__20261005-154558__1da9cb18,0.18558319205484156,clean,9105,0.9692,0.6817626953125
0.24301844356068378,0.568206787109375,0.561737060546875,0.9537549522016767,0.9204152249134948,9000.0,c6533563bfb5bd3468843337e86994c4d9c112a2995fcc6200f1a5ec9e50754c,0.16599712920002882,sweep_mnist_dp_0p0,0.8864440716673694,ucpa,192,0.35775995999242555,2.3829177241225568e-06,/mnt/data/fl_alltiers_audit/outputs/sweep_mnist_dp_0p0/sweep_mnist_dp_0p0__seed9105__20261005-154558__1da9cb18,0.14608247307448474,clean,9105,0.9692,0.757568359375
0.2397597506978279,0.568206787109375,0.561737060546875,0.9537549522016767,0.9204152249134948,9000.0,c6533563bfb5bd3468843337e86994c4d9c112a2995fcc6200f1a5ec9e50754c,0.1660926567640672,sweep_mnist_dp_0p0,0.8860737069453308,ucpa_coord_only,192,0.34558513038067773,0.011746942182979185,/mnt/data/fl_alltiers_audit/outputs/sweep_mnist_dp_0p0/sweep_mnist_dp_0p0__seed9105__20261005-154558__1da9cb18,0.14530885792327697,clean,9105,0.9692,0.7500406901041667
0.24289800925143323,0.568206787109375,0.561737060546875,0.9537549522016767,0.9204152249134948,9000.0,c6533563bfb5bd3468843337e86994c4d9c112a2995fcc6200f1a5ec9e50754c,0.16580191890031226,sweep_mnist_dp_0p0,0.8865025075610669,ucpa_whole_only,192,0.3575084080575081,3.262988527563507e-05,/mnt/data/fl_alltiers_audit/outputs/sweep_mnist_dp_0p0/sweep_mnist_dp_0p0__seed9105__20261005-154558__1da9cb18,0.14596211696611808,clean,9105,0.9692,0.757568359375
0.21212920651301911,0.568206787109375,0.561737060546875,0.9537549522016767,0.9204152249134948,3880.0,c6533563bfb5bd3468843337e86994c4d9c112a2995fcc6200f1a5ec9e50754c,0.16709882284176275,sweep_mnist_dp_0p0,0.8868339685927082,xfedalign_median,192,0.23404556150317155,0.15110216041771807,/mnt/data/fl_alltiers_audit/outputs/sweep_mnist_dp_0p0/sweep_mnist_dp_0p0__seed9105__20261005-154558__1da9cb18,0.1410788124890212,clean,9105,0.9692,0.7648111979166667
0.2063748589735924,0.538787841796875,0.539886474609375,0.9354723506399607,0.8211143695014663,3880.0,c6533563bfb5bd3468843337e86994c4d9c112a2995fcc6200f1a5ec9e50754c,0.15979476103925666,sweep_mnist_dp_0p0,0.8841619842634827,cluster,192,0.24824454151930642,0.05819391795587131,/mnt/data/fl_alltiers_audit/outputs/sweep_mnist_dp_0p0/sweep_mnist_dp_0p0__seed9103__20261005-151837__4e0b4d2b,0.1405182406919696,clean,9103,0.9575,0.7716471354166666
0.14468139006599817,0.538787841796875,0.539886474609375,0.9354723506399607,0.8211143695014663,3880.0,c6533563bfb5bd3468843337e86994c4d9c112a2995fcc6200f1a5ec9e50754c,0.21590476477249465,sweep_mnist_dp_0p0,0.8621066792153822,fedattr_mean,192,0.0,5.4425028994065145e-18,/mnt/data/fl_alltiers_audit/outputs/sweep_mnist_dp_0p0/sweep_mnist_dp_0p0__seed9103__20261005-151837__4e0b4d2b,0.2650797130890802,clean,9103,0.9575,0.5480143229166666
0.245841833856197,0.538787841796875,0.539886474609375,0.9354723506399607,0.8211143695014663,0.0,c6533563bfb5bd3468843337e86994c4d9c112a2995fcc6200f1a5ec9e50754c,0.15839002244635292,sweep_mnist_dp_0p0,0.8844408576100251,local,192,0.332459361468623,0.1841137147892174,/mnt/data/fl_alltiers_audit/outputs/sweep_mnist_dp_0p0/sweep_mnist_dp_0p0__seed9103__20261005-151837__4e0b4d2b,0.12684719160540853,clean,9103,0.9575,0.8369547526041667
0.18712112403599993,0.538787841796875,0.539886474609375,0.9354723506399607,0.8211143695014663,3880.0,c6533563bfb5bd3468843337e86994c4d9c112a2995fcc6200f1a5ec9e50754c,0.1831270467158902,sweep_mnist_dp_0p0,0.8781237161805318,nc_sacpa,192,0.16760093000074197,0.004078345996255766,/mnt/data/fl_alltiers_audit/outputs/sweep_mnist_dp_0p0/sweep_mnist_dp_0p0__seed9103__20261005-151837__4e0b4d2b,0.22315813123067935,clean,9103,0.9575,0.6160888671875
0.15189602532212287,0.538787841796875,0.539886474609375,0.9354723506399607,0.8211143695014663,3880.0,c6533563bfb5bd3468843337e86994c4d9c112a2995fcc6200f1a5ec9e50754c,0.17116942574582483,sweep_mnist_dp_0p0,0.8818929946606658,sacpa_global_count,192,0.0665416791853186,0.023728696323395537,/mnt/data/fl_alltiers_audit/outputs/sweep_mnist_dp_0p0/sweep_mnist_dp_0p0__seed9103__20261005-151837__4e0b4d2b,0.185596486304338,clean,9103,0.9575,0.685546875
0.24579004800398077,0.538787841796875,0.539886474609375,0.9354723506399607,0.8211143695014663,9000.0,c6533563bfb5bd3468843337e86994c4d9c112a2995fcc6200f1a5ec9e50754c,0.16133722659287741,sweep_mnist_dp_0p0,0.8824843997851228,ucpa,192,0.33234547889080185,4.51927243392771e-06,/mnt/data/fl_alltiers_audit/outputs/sweep_mnist_dp_0p0/sweep_mnist_dp_0p0__seed9103__20261005-151837__4e0b4d2b,0.1473640155732832,clean,9103,0.9575,0.75537109375
0.24171761594436558,0.538787841796875,0.539886474609375,0.9354723506399607,0.8211143695014663,9000.0,c6533563bfb5bd3468843337e86994c4d9c112a2995fcc6200f1a5ec9e50754c,0.16121649756544987,sweep_mnist_dp_0p0,0.8828647049148761,ucpa_coord_only,192,0.32017856647314547,0.010764315369854864,/mnt/data/fl_alltiers_audit/outputs/sweep_mnist_dp_0p0/sweep_mnist_dp_0p0__seed9103__20261005-151837__4e0b4d2b,0.14620782323545883,clean,9103,0.9575,0.7496744791666666
0.24561653240572168,0.538787841796875,0.539886474609375,0.9354723506399607,0.8211143695014663,9000.0,c6533563bfb5bd3468843337e86994c4d9c112a2995fcc6200f1a5ec9e50754c,0.16135265547782185,sweep_mnist_dp_0p0,0.8825440738774584,ucpa_whole_only,192,0.33193193102367763,6.007277403992609e-05,/mnt/data/fl_alltiers_audit/outputs/sweep_mnist_dp_0p0/sweep_mnist_dp_0p0__seed9103__20261005-151837__4e0b4d2b,0.14725197687349934,clean,9103,0.9575,0.7550862630208333
0.2153490346997341,0.538787841796875,0.539886474609375,0.9354723506399607,0.8211143695014663,3880.0,c6533563bfb5bd3468843337e86994c4d9c112a2995fcc6200f1a5ec9e50754c,0.16031130860537815,sweep_mnist_dp_0p0,0.8850908747768094,xfedalign_median,192,0.21789148228328709,0.1410203169492757,/mnt/data/fl_alltiers_audit/outputs/sweep_mnist_dp_0p0/sweep_mnist_dp_0p0__seed9103__20261005-151837__4e0b4d2b,0.14082007487524364,clean,9103,0.9575,0.76025390625
0.20901526414641497,0.579010009765625,0.558929443359375,0.9595234691839127,0.9008620689655172,3880.0,c6533563bfb5bd3468843337e86994c4d9c112a2995fcc6200f1a5ec9e50754c,0.15723923440194387,sweep_mnist_dp_0p0,0.8859452799711183,cluster,192,0.24471241766841356,0.05257422328755792,/mnt/data/fl_alltiers_audit/outputs/sweep_mnist_dp_0p0/sweep_mnist_dp_0p0__seed9101__20261005-145125__9bc0c80e,0.1422110444165693,clean,9101,0.9492,0.76806640625
0.1483741177008676,0.579010009765625,0.558929443359375,0.9595234691839127,0.9008620689655172,3880.0,c6533563bfb5bd3468843337e86994c4d9c112a2995fcc6200f1a5ec9e50754c,0.21695074773692608,sweep_mnist_dp_0p0,0.868159030933263,fedattr_mean,192,0.0,3.63717029081405e-18,/mnt/data/fl_alltiers_audit/outputs/sweep_mnist_dp_0p0/sweep_mnist_dp_0p0__seed9101__20261005-145125__9bc0c80e,0.2574019089397446,clean,9101,0.9492,0.555419921875
0.2463145998878654,0.579010009765625,0.558929443359375,0.9595234691839127,0.9008620689655172,0.0,c6533563bfb5bd3468843337e86994c4d9c112a2995fcc6200f1a5ec9e50754c,0.15462432798203735,sweep_mnist_dp_0p0,0.8871253028477895,local,192,0.3227228587641841,0.17656557495094471,/mnt/data/fl_alltiers_audit/outputs/sweep_mnist_dp_0p0/sweep_mnist_dp_0p0__seed9101__20261005-145125__9bc0c80e,0.12852375732574475,clean,9101,0.9492,0.8314615885416667
0.19318335120146074,0.579010009765625,0.558929443359375,0.9595234691839127,0.9008620689655172,3880.0,c6533563bfb5bd3468843337e86994c4d9c112a2995fcc6200f1a5ec9e50754c,0.17964262931097136,sweep_mnist_dp_0p0,0.8789315353693383,nc_sacpa,192,0.17120043622838524,0.0037838166303305154,/mnt/data/fl_alltiers_audit/outputs/sweep_mnist_dp_0p0/sweep_mnist_dp_0p0__seed9101__20261005-145125__9bc0c80e,0.22514749849334698,clean,9101,0.9492,0.6087646484375
0.15654230684857873,0.579010009765625,0.558929443359375,0.9595234691839127,0.9008620689655172,3880.0,c6533563bfb5bd3468843337e86994c4d9c112a2995fcc6200f1a5ec9e50754c,0.17254366171946456,sweep_mnist_dp_0p0,0.8846105634014445,sacpa_global_count,192,0.06310378720584367,0.023037086258484704,/mnt/data/fl_alltiers_audit/outputs/sweep_mnist_dp_0p0/sweep_mnist_dp_0p0__seed9101__20261005-145125__9bc0c80e,0.18478761323578802,clean,9101,0.9492,0.6773274739583334
0.24626406604014361,0.579010009765625,0.558929443359375,0.9595234691839127,0.9008620689655172,9000.0,c6533563bfb5bd3468843337e86994c4d9c112a2995fcc6200f1a5ec9e50754c,0.15943124219890403,sweep_mnist_dp_0p0,0.884736586667926,ucpa,192,0.3224930032558463,1.4338332819168184e-05,/mnt/data/fl_alltiers_audit/outputs/sweep_mnist_dp_0p0/sweep_mnist_dp_0p0__seed9101__20261005-145125__9bc0c80e,0.14848841038153077,clean,9101,0.9492,0.7529296875
0.24352125260891105,0.579010009765625,0.558929443359375,0.9595234691839127,0.9008620689655172,9000.0,c6533563bfb5bd3468843337e86994c4d9c112a2995fcc6200f1a5ec9e50754c,0.15944871876915082,sweep_mnist_dp_0p0,0.8847659526272462,ucpa_coord_only,192,0.3118044505261809,0.008611518716691963,/mnt/data/fl_alltiers_audit/outputs/sweep_mnist_dp_0p0/sweep_mnist_dp_0p0__seed9101__20261005-145125__9bc0c80e,0.14753446276535853,clean,9101,0.9492,0.746826171875
0.24608735996808392,0.579010009765625,0.558929443359375,0.9595234691839127,0.9008620689655172,9000.0,c6533563bfb5bd3468843337e86994c4d9c112a2995fcc6200f1a5ec9e50754c,0.1595398103863772,sweep_mnist_dp_0p0,0.8847138119668672,ucpa_whole_only,192,0.32209254318154484,6.336357976504683e-05,/mnt/data/fl_alltiers_audit/outputs/sweep_mnist_dp_0p0/sweep_mnist_dp_0p0__seed9101__20261005-145125__9bc0c80e,0.1483370195634267,clean,9101,0.9492,0.7525634765625
0.2175791634911017,0.579010009765625,0.558929443359375,0.9595234691839127,0.9008620689655172,3880.0,c6533563bfb5bd3468843337e86994c4d9c112a2995fcc6200f1a5ec9e50754c,0.15808350518370087,sweep_mnist_dp_0p0,0.8848505774847277,xfedalign_median,192,0.21337328193859711,0.14994885171309938,/mnt/data/fl_alltiers_audit/outputs/sweep_mnist_dp_0p0/sweep_mnist_dp_0p0__seed9101__20261005-145125__9bc0c80e,0.1427076285958788,clean,9101,0.9492,0.7630615234375
0.20636608011919144,0.575836181640625,0.5693359375,0.9460458784114083,0.8960244648318043,3880.0,c6533563bfb5bd3468843337e86994c4d9c112a2995fcc6200f1a5ec9e50754c,0.1521728565546558,sweep_mnist_dp_0p0,0.8769300243364948,cluster,192,0.23744668188884485,0.056335211558584994,/mnt/data/fl_alltiers_audit/outputs/sweep_mnist_dp_0p0/sweep_mnist_dp_0p0__seed9104__20261005-153209__d3c93105,0.1421025789133589,clean,9104,0.9573,0.7691243489583333
0.1511351234148422,0.575836181640625,0.5693359375,0.9460458784114083,0.8960244648318043,3880.0,c6533563bfb5bd3468843337e86994c4d9c112a2995fcc6200f1a5ec9e50754c,0.19743559405696942,sweep_mnist_dp_0p0,0.8622037722141916,fedattr_mean,192,0.0,-2.5283277618368716e-19,/mnt/data/fl_alltiers_audit/outputs/sweep_mnist_dp_0p0/sweep_mnist_dp_0p0__seed9104__20261005-153209__d3c93105,0.26155747681558994,clean,9104,0.9573,0.553955078125
0.24351769000668416,0.575836181640625,0.5693359375,0.9460458784114083,0.8960244648318043,0.0,c6533563bfb5bd3468843337e86994c4d9c112a2995fcc6200f1a5ec9e50754c,0.15127550393954153,sweep_mnist_dp_0p0,0.8774845155632647,local,192,0.31996090971514024,0.17734816722870742,/mnt/data/fl_alltiers_audit/outputs/sweep_mnist_dp_0p0/sweep_mnist_dp_0p0__seed9104__20261005-153209__d3c93105,0.12890974718791365,clean,9104,0.9573,0.8235270182291666
0.1917294047204139,0.575836181640625,0.5693359375,0.9460458784114083,0.8960244648318043,3880.0,c6533563bfb5bd3468843337e86994c4d9c112a2995fcc6200f1a5ec9e50754c,0.17321208036883037,sweep_mnist_dp_0p0,0.870683867249439,nc_sacpa,192,0.1528035388845257,0.004082058798836224,/mnt/data/fl_alltiers_audit/outputs/sweep_mnist_dp_0p0/sweep_mnist_dp_0p0__seed9104__20261005-153209__d3c93105,0.22648504977162703,clean,9104,0.9573,0.6038818359375
0.1588223742114926,0.575836181640625,0.5693359375,0.9460458784114083,0.8960244648318043,3880.0,c6533563bfb5bd3468843337e86994c4d9c112a2995fcc6200f1a5ec9e50754c,0.16076901107856734,sweep_mnist_dp_0p0,0.8745717860467266,sacpa_global_count,192,0.059942025806451506,0.023599310820997355,/mnt/data/fl_alltiers_audit/outputs/sweep_mnist_dp_0p0/sweep_mnist_dp_0p0__seed9104__20261005-153209__d3c93105,0.18684459357344924,clean,9104,0.9573,0.6776529947916667
0.2434654464308576,0.575836181640625,0.5693359375,0.9460458784114083,0.8960244648318043,9000.0,c6533563bfb5bd3468843337e86994c4d9c112a2995fcc6200f1a5ec9e50754c,0.15423104836784962,sweep_mnist_dp_0p0,0.8746356118806338,ucpa,192,0.31983851996298146,5.5200459126943885e-06,/mnt/data/fl_alltiers_audit/outputs/sweep_mnist_dp_0p0/sweep_mnist_dp_0p0__seed9104__20261005-153209__d3c93105,0.14933342311075565,clean,9104,0.9573,0.7519938151041667
0.24054920135799474,0.575836181640625,0.5693359375,0.9460458784114083,0.8960244648318043,9000.0,c6533563bfb5bd3468843337e86994c4d9c112a2995fcc6200f1a5ec9e50754c,0.1541777242820293,sweep_mnist_dp_0p0,0.8745179105667679,ucpa_coord_only,192,0.309700847307496,0.008839203618888255,/mnt/data/fl_alltiers_audit/outputs/sweep_mnist_dp_0p0/sweep_mnist_dp_0p0__seed9104__20261005-153209__d3c93105,0.14839070004938953,clean,9104,0.9573,0.7464599609375
0.24332793032571484,0.575836181640625,0.5693359375,0.9460458784114083,0.8960244648318043,9000.0,c6533563bfb5bd3468843337e86994c4d9c112a2995fcc6200f1a5ec9e50754c,0.15423048732433622,sweep_mnist_dp_0p0,0.8747126656813635,ucpa_whole_only,192,0.31951886394199674,4.531187050232211e-05,/mnt/data/fl_alltiers_audit/outputs/sweep_mnist_dp_0p0/sweep_mnist_dp_0p0__seed9104__20261005-153209__d3c93105,0.14924803248853669,clean,9104,0.9573,0.7521158854166667
0.2145221044040127,0.575836181640625,0.5693359375,0.9460458784114083,0.8960244648318043,3880.0,c6533563bfb5bd3468843337e86994c4d9c112a2995fcc6200f1a5ec9e50754c,0.15256706807328252,sweep_mnist_dp_0p0,0.8781749582800331,xfedalign_median,192,0.20731784339718728,0.1309017377446449,/mnt/data/fl_alltiers_audit/outputs/sweep_mnist_dp_0p0/sweep_mnist_dp_0p0__seed9104__20261005-153209__d3c93105,0.1424524963980346,clean,9104,0.9573,0.7566324869791666
0.19139245145097436,0.547943115234375,0.5523681640625,0.9546287084885665,0.9027777777777778,3880.0,c6533563bfb5bd3468843337e86994c4d9c112a2995fcc6200f1a5ec9e50754c,0.16243529908576115,sweep_mnist_dp_0p0,0.8988245311438126,cluster,192,0.2481552320597431,0.055973489295789464,/mnt/data/fl_alltiers_audit/outputs/sweep_mnist_dp_0p0/sweep_mnist_dp_0p0__seed9102__20261005-150506__ba506982,0.13532411731983382,clean,9102,0.9725,0.7737223307291667
0.12871322867605162,0.547943115234375,0.5523681640625,0.9546287084885665,0.9027777777777778,3880.0,c6533563bfb5bd3468843337e86994c4d9c112a2995fcc6200f1a5ec9e50754c,0.21164933509471667,sweep_mnist_dp_0p0,0.8815797212840455,fedattr_mean,192,0.0,9.485161622255117e-18,/mnt/data/fl_alltiers_audit/outputs/sweep_mnist_dp_0p0/sweep_mnist_dp_0p0__seed9102__20261005-150506__ba506982,0.2509658375733179,clean,9102,0.9725,0.5717366536458334
0.22888300984463036,0.547943115234375,0.5523681640625,0.9546287084885665,0.9027777777777778,0.0,c6533563bfb5bd3468843337e86994c4d9c112a2995fcc6200f1a5ec9e50754c,0.16014369611348228,sweep_mnist_dp_0p0,0.8984286420036369,local,192,0.330489003504037,0.1824663718580303,/mnt/data/fl_alltiers_audit/outputs/sweep_mnist_dp_0p0/sweep_mnist_dp_0p0__seed9102__20261005-150506__ba506982,0.12114774844123295,clean,9102,0.9725,0.8388671875
0.17170019219046823,0.547943115234375,0.5523681640625,0.9546287084885665,0.9027777777777778,3880.0,c6533563bfb5bd3468843337e86994c4d9c112a2995fcc6200f1a5ec9e50754c,0.18024775365972046,sweep_mnist_dp_0p0,0.8919461977551691,nc_sacpa,192,0.15119545812813825,0.003997395783772127,/mnt/data/fl_alltiers_audit/outputs/sweep_mnist_dp_0p0/sweep_mnist_dp_0p0__seed9102__20261005-150506__ba506982,0.21817535651828485,clean,9102,0.9725,0.6267903645833333
0.13453485859873698,0.547943115234375,0.5523681640625,0.9546287084885665,0.9027777777777778,3880.0,c6533563bfb5bd3468843337e86994c4d9c112a2995fcc6200f1a5ec9e50754c,0.17282805772462478,sweep_mnist_dp_0p0,0.8977159190864767,sacpa_global_count,192,0.06215780103797531,0.02374322762053089,/mnt/data/fl_alltiers_audit/outputs/sweep_mnist_dp_0p0/sweep_mnist_dp_0p0__seed9102__20261005-150506__ba506982,0.17802220232831364,clean,9102,0.9725,0.6995442708333333
0.22882693152068312,0.547943115234375,0.5523681640625,0.9546287084885665,0.9027777777777778,9000.0,c6533563bfb5bd3468843337e86994c4d9c112a2995fcc6200f1a5ec9e50754c,0.16171469211243072,sweep_mnist_dp_0p0,0.8971477567104255,ucpa,192,0.33037632784070176,6.043346744304174e-06,/mnt/data/fl_alltiers_audit/outputs/sweep_mnist_dp_0p0/sweep_mnist_dp_0p0__seed9102__20261005-150506__ba506982,0.14103566482103788,clean,9102,0.9725,0.7573649088541667
0.22562264983558256,0.547943115234375,0.5523681640625,0.9546287084885665,0.9027777777777778,9000.0,c6533563bfb5bd3468843337e86994c4d9c112a2995fcc6200f1a5ec9e50754c,0.1623334255560318,sweep_mnist_dp_0p0,0.8976514586068031,ucpa_coord_only,192,0.31962686117350503,0.010501069545103037,/mnt/data/fl_alltiers_audit/outputs/sweep_mnist_dp_0p0/sweep_mnist_dp_0p0__seed9102__20261005-150506__ba506982,0.14049681781266193,clean,9102,0.9725,0.7508544921875
0.22865999680033272,0.547943115234375,0.5523681640625,0.9546287084885665,0.9027777777777778,9000.0,c6533563bfb5bd3468843337e86994c4d9c112a2995fcc6200f1a5ec9e50754c,0.16181660700685824,sweep_mnist_dp_0p0,0.8970190558885709,ucpa_whole_only,192,0.3300249433286261,6.685093536641355e-05,/mnt/data/fl_alltiers_audit/outputs/sweep_mnist_dp_0p0/sweep_mnist_dp_0p0__seed9102__20261005-150506__ba506982,0.1409486242477901,clean,9102,0.9725,0.7567952473958334
0.19797453460693976,0.547943115234375,0.5523681640625,0.9546287084885665,0.9027777777777778,3880.0,c6533563bfb5bd3468843337e86994c4d9c112a2995fcc6200f1a5ec9e50754c,0.16296764835772895,sweep_mnist_dp_0p0,0.8992367965853191,xfedalign_median,192,0.2117765627852004,0.1296577972444885,/mnt/data/fl_alltiers_audit/outputs/sweep_mnist_dp_0p0/sweep_mnist_dp_0p0__seed9102__20261005-150506__ba506982,0.13411756053328655,clean,9102,0.9725,0.7665201822916666
