artifact_fidelity_jsd,artifact_mia_mean_only_auc,artifact_mia_mean_variance_auc,client_task_accuracy_mean,client_task_accuracy_worst,communication_bytes_per_client_artifact,config_sha256,deletion_auc,experiment,insertion_auc,method,n_eval_explanations,pairwise_edi,reference_edi,run_dir,sample_fidelity_jsd,scenario,seed,task_accuracy,topk_oracle_overlap
0.5249406897499997,0.6414861415459858,0.5509692377589124,0.4006325716430831,0.12857142857142856,7720.0,b7f97af3aec35ccab8c9203b5ec6548b681d678fd2372ac562a4accede6f4ab3,0.20769045472529585,stress_cifar10_rotation_unequal_sizes,0.29329412513361725,cluster,192,0.5552616480168774,0.13779305466888073,/mnt/data/ucpa_results_review/UCPA_Pilot_Study_outputs/outputs/stress_cifar10_rotation_unequal_sizes/stress_cifar10_rotation_unequal_sizes__seed6101__20261003-064817__84185d87,0.15316783079740898,clean,6101,0.3838,0.15413411458333331
0.37767100971638257,0.6414861415459858,0.5509692377589124,0.4006325716430831,0.12857142857142856,7720.0,b7f97af3aec35ccab8c9203b5ec6548b681d678fd2372ac562a4accede6f4ab3,0.19585856325506257,stress_cifar10_rotation_unequal_sizes,0.24719336374029077,fedattr_mean,192,0.0,1.781216987537816e-17,/mnt/data/ucpa_results_review/UCPA_Pilot_Study_outputs/outputs/stress_cifar10_rotation_unequal_sizes/stress_cifar10_rotation_unequal_sizes__seed6101__20261003-064817__84185d87,0.40477842314655754,clean,6101,0.3838,0.0928955078125
0.5849235891387654,0.6414861415459858,0.5509692377589124,0.4006325716430831,0.12857142857142856,0.0,b7f97af3aec35ccab8c9203b5ec6548b681d678fd2372ac562a4accede6f4ab3,0.22238186522272188,stress_cifar10_rotation_unequal_sizes,0.29944400922473824,local,192,0.6514033897779158,0.4495373510963423,/mnt/data/ucpa_results_review/UCPA_Pilot_Study_outputs/outputs/stress_cifar10_rotation_unequal_sizes/stress_cifar10_rotation_unequal_sizes__seed6101__20261003-064817__84185d87,0.1330034844044287,clean,6101,0.3838,0.19065348307291666
0.5849235433013201,0.6414861415459858,0.5509692377589124,0.4006325716430831,0.12857142857142856,17960.0,b7f97af3aec35ccab8c9203b5ec6548b681d678fd2372ac562a4accede6f4ab3,0.22061364266903008,stress_cifar10_rotation_unequal_sizes,0.297261125575501,ucpa,192,0.6514033506120974,7.505049446219222e-09,/mnt/data/ucpa_results_review/UCPA_Pilot_Study_outputs/outputs/stress_cifar10_rotation_unequal_sizes/stress_cifar10_rotation_unequal_sizes__seed6101__20261003-064817__84185d87,0.16902820896841075,clean,6101,0.3838,0.15391031901041666
0.5835343492831149,0.6414861415459858,0.5509692377589124,0.4006325716430831,0.12857142857142856,17960.0,b7f97af3aec35ccab8c9203b5ec6548b681d678fd2372ac562a4accede6f4ab3,0.22061523578288605,stress_cifar10_rotation_unequal_sizes,0.2970809647194511,ucpa_coord_only,192,0.6484050519649303,0.004985754179407691,/mnt/data/ucpa_results_review/UCPA_Pilot_Study_outputs/outputs/stress_cifar10_rotation_unequal_sizes/stress_cifar10_rotation_unequal_sizes__seed6101__20261003-064817__84185d87,0.1688826842871476,clean,6101,0.3838,0.15384928385416669
0.5849230214539635,0.6414861415459858,0.5509692377589124,0.4006325716430831,0.12857142857142856,17960.0,b7f97af3aec35ccab8c9203b5ec6548b681d678fd2372ac562a4accede6f4ab3,0.22061319359444018,stress_cifar10_rotation_unequal_sizes,0.2972618887010253,ucpa_whole_only,192,0.6514030216644967,6.879215049414359e-08,/mnt/data/ucpa_results_review/UCPA_Pilot_Study_outputs/outputs/stress_cifar10_rotation_unequal_sizes/stress_cifar10_rotation_unequal_sizes__seed6101__20261003-064817__84185d87,0.16902771838998043,clean,6101,0.3838,0.15391031901041666
0.5883995101086618,0.6414861415459858,0.5509692377589124,0.4006325716430831,0.12857142857142856,7720.0,b7f97af3aec35ccab8c9203b5ec6548b681d678fd2372ac562a4accede6f4ab3,0.22185781591604453,stress_cifar10_rotation_unequal_sizes,0.29935726660813655,xfedalign_median,192,0.5180225919552481,0.41535046277646254,/mnt/data/ucpa_results_review/UCPA_Pilot_Study_outputs/outputs/stress_cifar10_rotation_unequal_sizes/stress_cifar10_rotation_unequal_sizes__seed6101__20261003-064817__84185d87,0.19100559126894967,clean,6101,0.3838,0.18975830078125
0.5184967042645443,0.5787782896493691,0.5462339853065381,0.26741442148708916,0.06451612903225806,7720.0,b7f97af3aec35ccab8c9203b5ec6548b681d678fd2372ac562a4accede6f4ab3,0.1414822079372243,stress_cifar10_rotation_unequal_sizes,0.19907003938812218,cluster,192,0.5358201595858991,0.14643661232396474,/mnt/data/ucpa_results_review/UCPA_Pilot_Study_outputs/outputs/stress_cifar10_rotation_unequal_sizes/stress_cifar10_rotation_unequal_sizes__seed6103__20261003-071916__5627ee7e,0.15679598996579575,clean,6103,0.2616,0.17073567708333331
0.3728472582582494,0.5787782896493691,0.5462339853065381,0.26741442148708916,0.06451612903225806,7720.0,b7f97af3aec35ccab8c9203b5ec6548b681d678fd2372ac562a4accede6f4ab3,0.14540375871001743,stress_cifar10_rotation_unequal_sizes,0.19959065596910175,fedattr_mean,192,0.0,1.8357237734925316e-17,/mnt/data/ucpa_results_review/UCPA_Pilot_Study_outputs/outputs/stress_cifar10_rotation_unequal_sizes/stress_cifar10_rotation_unequal_sizes__seed6103__20261003-071916__5627ee7e,0.39439134456877234,clean,6103,0.2616,0.12180582682291666
0.5828882950606057,0.5787782896493691,0.5462339853065381,0.26741442148708916,0.06451612903225806,0.0,b7f97af3aec35ccab8c9203b5ec6548b681d678fd2372ac562a4accede6f4ab3,0.1443092078960035,stress_cifar10_rotation_unequal_sizes,0.1962508330928055,local,192,0.6453017345978859,0.44470947675619565,/mnt/data/ucpa_results_review/UCPA_Pilot_Study_outputs/outputs/stress_cifar10_rotation_unequal_sizes/stress_cifar10_rotation_unequal_sizes__seed6103__20261003-071916__5627ee7e,0.14018893857425369,clean,6103,0.2616,0.20060221354166669
0.5828882133165162,0.5787782896493691,0.5462339853065381,0.26741442148708916,0.06451612903225806,17960.0,b7f97af3aec35ccab8c9203b5ec6548b681d678fd2372ac562a4accede6f4ab3,0.14377499152809226,stress_cifar10_rotation_unequal_sizes,0.1957961261907864,ucpa,192,0.6453016827235766,1.144532632839393e-08,/mnt/data/ucpa_results_review/UCPA_Pilot_Study_outputs/outputs/stress_cifar10_rotation_unequal_sizes/stress_cifar10_rotation_unequal_sizes__seed6103__20261003-071916__5627ee7e,0.1750015791776535,clean,6103,0.2616,0.16446940104166666
0.5812163214564384,0.5787782896493691,0.5462339853065381,0.26741442148708916,0.06451612903225806,17960.0,b7f97af3aec35ccab8c9203b5ec6548b681d678fd2372ac562a4accede6f4ab3,0.14376044630092413,stress_cifar10_rotation_unequal_sizes,0.1958058574843259,ucpa_coord_only,192,0.6422647752220414,0.005566383032790708,/mnt/data/ucpa_results_review/UCPA_Pilot_Study_outputs/outputs/stress_cifar10_rotation_unequal_sizes/stress_cifar10_rotation_unequal_sizes__seed6103__20261003-071916__5627ee7e,0.17488125980184838,clean,6103,0.2616,0.16389973958333331
0.582887415905037,0.5787782896493691,0.5462339853065381,0.26741442148708916,0.06451612903225806,17960.0,b7f97af3aec35ccab8c9203b5ec6548b681d678fd2372ac562a4accede6f4ab3,0.14377498200531894,stress_cifar10_rotation_unequal_sizes,0.19579620551812696,ucpa_whole_only,192,0.6453011959731698,1.0102815903801111e-07,/mnt/data/ucpa_results_review/UCPA_Pilot_Study_outputs/outputs/stress_cifar10_rotation_unequal_sizes/stress_cifar10_rotation_unequal_sizes__seed6103__20261003-071916__5627ee7e,0.17500131056575516,clean,6103,0.2616,0.16446940104166666
0.5825059966048802,0.5787782896493691,0.5462339853065381,0.26741442148708916,0.06451612903225806,7720.0,b7f97af3aec35ccab8c9203b5ec6548b681d678fd2372ac562a4accede6f4ab3,0.1439432340703206,stress_cifar10_rotation_unequal_sizes,0.1961849144686615,xfedalign_median,192,0.531943900259636,0.3969157024927293,/mnt/data/ucpa_results_review/UCPA_Pilot_Study_outputs/outputs/stress_cifar10_rotation_unequal_sizes/stress_cifar10_rotation_unequal_sizes__seed6103__20261003-071916__5627ee7e,0.18332159485867153,clean,6103,0.2616,0.201171875
0.5325808919918202,0.6154291062127977,0.5814868745349703,0.35647022435074943,0.027777777777777776,7720.0,b7f97af3aec35ccab8c9203b5ec6548b681d678fd2372ac562a4accede6f4ab3,0.21469065875857907,stress_cifar10_rotation_unequal_sizes,0.3267382626898234,cluster,175,0.5634699637298051,0.1315569293338377,/mnt/data/ucpa_results_review/UCPA_Pilot_Study_outputs/outputs/stress_cifar10_rotation_unequal_sizes/stress_cifar10_rotation_unequal_sizes__seed6104__20261003-073445__2adfc6c3,0.15217430154130954,clean,6104,0.3054,0.15101550874255953
0.394225806770668,0.6154291062127977,0.5814868745349703,0.35647022435074943,0.027777777777777776,7720.0,b7f97af3aec35ccab8c9203b5ec6548b681d678fd2372ac562a4accede6f4ab3,0.2203701340839152,stress_cifar10_rotation_unequal_sizes,0.2764390460662512,fedattr_mean,175,0.0,1.9711572324338088e-17,/mnt/data/ucpa_results_review/UCPA_Pilot_Study_outputs/outputs/stress_cifar10_rotation_unequal_sizes/stress_cifar10_rotation_unequal_sizes__seed6104__20261003-073445__2adfc6c3,0.417958260800651,clean,6104,0.3054,0.08979143415178571
0.5873654875571053,0.6154291062127977,0.5814868745349703,0.35647022435074943,0.027777777777777776,0.0,b7f97af3aec35ccab8c9203b5ec6548b681d678fd2372ac562a4accede6f4ab3,0.20915820427179443,stress_cifar10_rotation_unequal_sizes,0.3320056475915818,local,175,0.651437374617122,0.4382943835492411,/mnt/data/ucpa_results_review/UCPA_Pilot_Study_outputs/outputs/stress_cifar10_rotation_unequal_sizes/stress_cifar10_rotation_unequal_sizes__seed6104__20261003-073445__2adfc6c3,0.13123551348657353,clean,6104,0.3054,0.19621349516369047
0.5873654375331466,0.6154291062127977,0.5814868745349703,0.35647022435074943,0.027777777777777776,17960.0,b7f97af3aec35ccab8c9203b5ec6548b681d678fd2372ac562a4accede6f4ab3,0.21344971756900288,stress_cifar10_rotation_unequal_sizes,0.3269866559544607,ucpa,175,0.6514373310749392,7.489972212059636e-09,/mnt/data/ucpa_results_review/UCPA_Pilot_Study_outputs/outputs/stress_cifar10_rotation_unequal_sizes/stress_cifar10_rotation_unequal_sizes__seed6104__20261003-073445__2adfc6c3,0.16738259993637408,clean,6104,0.3054,0.15955752418154762
0.5862501054856505,0.6154291062127977,0.5814868745349703,0.35647022435074943,0.027777777777777776,17960.0,b7f97af3aec35ccab8c9203b5ec6548b681d678fd2372ac562a4accede6f4ab3,0.21350588749547678,stress_cifar10_rotation_unequal_sizes,0.32672297770013614,ucpa_coord_only,175,0.6486725411980746,0.00409791905453563,/mnt/data/ucpa_results_review/UCPA_Pilot_Study_outputs/outputs/stress_cifar10_rotation_unequal_sizes/stress_cifar10_rotation_unequal_sizes__seed6104__20261003-073445__2adfc6c3,0.16723148775528382,clean,6104,0.3054,0.15820893787202384
0.5873650259537897,0.6154291062127977,0.5814868745349703,0.35647022435074943,0.027777777777777776,17960.0,b7f97af3aec35ccab8c9203b5ec6548b681d678fd2372ac562a4accede6f4ab3,0.21344673743921655,stress_cifar10_rotation_unequal_sizes,0.3269894383068458,ucpa_whole_only,175,0.6514370682647809,5.378002364512908e-08,/mnt/data/ucpa_results_review/UCPA_Pilot_Study_outputs/outputs/stress_cifar10_rotation_unequal_sizes/stress_cifar10_rotation_unequal_sizes__seed6104__20261003-073445__2adfc6c3,0.16738216863255298,clean,6104,0.3054,0.15955752418154762
0.5886887182800065,0.6154291062127977,0.5814868745349703,0.35647022435074943,0.027777777777777776,7720.0,b7f97af3aec35ccab8c9203b5ec6548b681d678fd2372ac562a4accede6f4ab3,0.2088934542596701,stress_cifar10_rotation_unequal_sizes,0.33130956681094353,xfedalign_median,175,0.5159651233601866,0.4124676594828607,/mnt/data/ucpa_results_review/UCPA_Pilot_Study_outputs/outputs/stress_cifar10_rotation_unequal_sizes/stress_cifar10_rotation_unequal_sizes__seed6104__20261003-073445__2adfc6c3,0.1878094034420116,clean,6104,0.3054,0.19286818731398808
0.5128933981014157,0.5877721429898937,0.5214456640334407,0.3321900178313412,0.041666666666666664,7720.0,b7f97af3aec35ccab8c9203b5ec6548b681d678fd2372ac562a4accede6f4ab3,0.16784265693786438,stress_cifar10_rotation_unequal_sizes,0.2944823104335834,cluster,192,0.48839267501961114,0.18029556709820863,/mnt/data/ucpa_results_review/UCPA_Pilot_Study_outputs/outputs/stress_cifar10_rotation_unequal_sizes/stress_cifar10_rotation_unequal_sizes__seed6105__20261003-075005__fc613fd5,0.15860088953187668,clean,6105,0.3178,0.16139729817708331
0.3975272108862724,0.5877721429898937,0.5214456640334407,0.3321900178313412,0.041666666666666664,7720.0,b7f97af3aec35ccab8c9203b5ec6548b681d678fd2372ac562a4accede6f4ab3,0.18713009312059511,stress_cifar10_rotation_unequal_sizes,0.20028304254434864,fedattr_mean,192,0.0,1.591278424626585e-17,/mnt/data/ucpa_results_review/UCPA_Pilot_Study_outputs/outputs/stress_cifar10_rotation_unequal_sizes/stress_cifar10_rotation_unequal_sizes__seed6105__20261003-075005__fc613fd5,0.409462913369842,clean,6105,0.3178,0.10103352864583333
0.5847241263031662,0.5877721429898937,0.5214456640334407,0.3321900178313412,0.041666666666666664,0.0,b7f97af3aec35ccab8c9203b5ec6548b681d678fd2372ac562a4accede6f4ab3,0.17634286554656076,stress_cifar10_rotation_unequal_sizes,0.2970291502687057,local,192,0.6403690817764706,0.44158271840889685,/mnt/data/ucpa_results_review/UCPA_Pilot_Study_outputs/outputs/stress_cifar10_rotation_unequal_sizes/stress_cifar10_rotation_unequal_sizes__seed6105__20261003-075005__fc613fd5,0.14308328882055346,clean,6105,0.3178,0.17891438802083331
0.5847240361088053,0.5877721429898937,0.5214456640334407,0.3321900178313412,0.041666666666666664,17960.0,b7f97af3aec35ccab8c9203b5ec6548b681d678fd2372ac562a4accede6f4ab3,0.17653055089417652,stress_cifar10_rotation_unequal_sizes,0.2964089145360655,ucpa,192,0.6403690116511127,1.1633091969128943e-08,/mnt/data/ucpa_results_review/UCPA_Pilot_Study_outputs/outputs/stress_cifar10_rotation_unequal_sizes/stress_cifar10_rotation_unequal_sizes__seed6105__20261003-075005__fc613fd5,0.17861544994106043,clean,6105,0.3178,0.14597574869791669
0.5830940767747441,0.5877721429898937,0.5214456640334407,0.3321900178313412,0.041666666666666664,17960.0,b7f97af3aec35ccab8c9203b5ec6548b681d678fd2372ac562a4accede6f4ab3,0.1765004934896145,stress_cifar10_rotation_unequal_sizes,0.2964044469667594,ucpa_coord_only,192,0.6367093860479013,0.0055272392308675766,/mnt/data/ucpa_results_review/UCPA_Pilot_Study_outputs/outputs/stress_cifar10_rotation_unequal_sizes/stress_cifar10_rotation_unequal_sizes__seed6105__20261003-075005__fc613fd5,0.17851052380305793,clean,6105,0.3178,0.14560953776041666
0.5847233444555087,0.5877721429898937,0.5214456640334407,0.3321900178313412,0.041666666666666664,17960.0,b7f97af3aec35ccab8c9203b5ec6548b681d678fd2372ac562a4accede6f4ab3,0.1765301674987465,stress_cifar10_rotation_unequal_sizes,0.2964081481177345,ucpa_whole_only,192,0.6403684434905703,9.289112459802483e-08,/mnt/data/ucpa_results_review/UCPA_Pilot_Study_outputs/outputs/stress_cifar10_rotation_unequal_sizes/stress_cifar10_rotation_unequal_sizes__seed6105__20261003-075005__fc613fd5,0.17861535797740763,clean,6105,0.3178,0.14597574869791669
0.5855456670732937,0.5877721429898937,0.5214456640334407,0.3321900178313412,0.041666666666666664,7720.0,b7f97af3aec35ccab8c9203b5ec6548b681d678fd2372ac562a4accede6f4ab3,0.1756005694921593,stress_cifar10_rotation_unequal_sizes,0.29683607690749336,xfedalign_median,192,0.5192023005295461,0.40074660909584864,/mnt/data/ucpa_results_review/UCPA_Pilot_Study_outputs/outputs/stress_cifar10_rotation_unequal_sizes/stress_cifar10_rotation_unequal_sizes__seed6105__20261003-075005__fc613fd5,0.18770067672094054,clean,6105,0.3178,0.17742919921875
0.5296868238341172,0.5892590075939685,0.5288314285811844,0.5207116657449837,0.21794871794871795,7720.0,b7f97af3aec35ccab8c9203b5ec6548b681d678fd2372ac562a4accede6f4ab3,0.10603772574018094,stress_cifar10_rotation_unequal_sizes,0.22002879648047885,cluster,181,0.5571857241448296,0.13435039283145409,/mnt/data/ucpa_results_review/UCPA_Pilot_Study_outputs/outputs/stress_cifar10_rotation_unequal_sizes/stress_cifar10_rotation_unequal_sizes__seed6102__20261003-070354__1c074d3a,0.15013981062622336,clean,6102,0.4139,0.14427458934294873
0.3811099110178223,0.5892590075939685,0.5288314285811844,0.5207116657449837,0.21794871794871795,7720.0,b7f97af3aec35ccab8c9203b5ec6548b681d678fd2372ac562a4accede6f4ab3,0.11041769783446384,stress_cifar10_rotation_unequal_sizes,0.19316315402890477,fedattr_mean,181,0.0,1.7315575850514898e-17,/mnt/data/ucpa_results_review/UCPA_Pilot_Study_outputs/outputs/stress_cifar10_rotation_unequal_sizes/stress_cifar10_rotation_unequal_sizes__seed6102__20261003-070354__1c074d3a,0.40617866115504564,clean,6102,0.4139,0.10311967898637821
0.5849839723476513,0.5892590075939685,0.5288314285811844,0.5207116657449837,0.21794871794871795,0.0,b7f97af3aec35ccab8c9203b5ec6548b681d678fd2372ac562a4accede6f4ab3,0.1083921616579579,stress_cifar10_rotation_unequal_sizes,0.22066650497747187,local,181,0.649040714273491,0.4483842176410961,/mnt/data/ucpa_results_review/UCPA_Pilot_Study_outputs/outputs/stress_cifar10_rotation_unequal_sizes/stress_cifar10_rotation_unequal_sizes__seed6102__20261003-070354__1c074d3a,0.13081450347343615,clean,6102,0.4139,0.17487198267227566
0.5849838833831831,0.5892590075939685,0.5288314285811844,0.5207116657449837,0.21794871794871795,17960.0,b7f97af3aec35ccab8c9203b5ec6548b681d678fd2372ac562a4accede6f4ab3,0.10808335707550182,stress_cifar10_rotation_unequal_sizes,0.2200252478741771,ucpa,181,0.6490406564317819,1.1233500272219595e-08,/mnt/data/ucpa_results_review/UCPA_Pilot_Study_outputs/outputs/stress_cifar10_rotation_unequal_sizes/stress_cifar10_rotation_unequal_sizes__seed6102__20261003-070354__1c074d3a,0.16534199593261173,clean,6102,0.4139,0.15077561598557693
0.5830353651466136,0.5892590075939685,0.5288314285811844,0.5207116657449837,0.21794871794871795,17960.0,b7f97af3aec35ccab8c9203b5ec6548b681d678fd2372ac562a4accede6f4ab3,0.1081889931879598,stress_cifar10_rotation_unequal_sizes,0.22009900349335348,ucpa_coord_only,181,0.6455450901801493,0.005817227036244669,/mnt/data/ucpa_results_review/UCPA_Pilot_Study_outputs/outputs/stress_cifar10_rotation_unequal_sizes/stress_cifar10_rotation_unequal_sizes__seed6102__20261003-070354__1c074d3a,0.16506526540657201,clean,6102,0.4139,0.15057686047676283
0.5849834066008596,0.5892590075939685,0.5288314285811844,0.5207116657449837,0.21794871794871795,17960.0,b7f97af3aec35ccab8c9203b5ec6548b681d678fd2372ac562a4accede6f4ab3,0.1080833536111607,stress_cifar10_rotation_unequal_sizes,0.22002522071642278,ucpa_whole_only,181,0.6490403527779707,6.544989745717548e-08,/mnt/data/ucpa_results_review/UCPA_Pilot_Study_outputs/outputs/stress_cifar10_rotation_unequal_sizes/stress_cifar10_rotation_unequal_sizes__seed6102__20261003-070354__1c074d3a,0.16534190142043392,clean,6102,0.4139,0.15077561598557693
0.5870088619422574,0.5892590075939685,0.5288314285811844,0.5207116657449837,0.21794871794871795,7720.0,b7f97af3aec35ccab8c9203b5ec6548b681d678fd2372ac562a4accede6f4ab3,0.10814826487396,stress_cifar10_rotation_unequal_sizes,0.22044993099579682,xfedalign_median,181,0.5245407185541341,0.4052660816909582,/mnt/data/ucpa_results_review/UCPA_Pilot_Study_outputs/outputs/stress_cifar10_rotation_unequal_sizes/stress_cifar10_rotation_unequal_sizes__seed6102__20261003-070354__1c074d3a,0.18218292502813507,clean,6102,0.4139,0.1746231470352564
0.22749371272653712,0.539642333984375,0.5589599609375,0.9276615131297082,0.7076923076923077,3880.0,aaea917df4baa6a776d70cd8ae692c02e1145051bf1dc2eb53ae727b598f7cfe,0.1665599839174926,sensitivity_mnist_z2_h0p096,0.8894263758838254,cluster,192,0.2715424867048671,0.0779726100586417,/mnt/data/ucpa_results_review/UCPA_Pilot_Study_outputs/outputs/sensitivity_mnist_z2_h0p096/sensitivity_mnist_z2_h0p096__seed6103__20261004-023317__c8f723dc,0.14420335429276146,clean,6103,0.9635,0.7596435546875
0.17018474425503927,0.539642333984375,0.5589599609375,0.9276615131297082,0.7076923076923077,3880.0,aaea917df4baa6a776d70cd8ae692c02e1145051bf1dc2eb53ae727b598f7cfe,0.22008541672383522,sensitivity_mnist_z2_h0p096,0.8599558928084055,fedattr_mean,192,0.0,1.2860936084062536e-17,/mnt/data/ucpa_results_review/UCPA_Pilot_Study_outputs/outputs/sensitivity_mnist_z2_h0p096/sensitivity_mnist_z2_h0p096__seed6103__20261004-023317__c8f723dc,0.30026119928871947,clean,6103,0.9635,0.49751790364583337
0.27333907562689563,0.539642333984375,0.5589599609375,0.9276615131297082,0.7076923076923077,0.0,aaea917df4baa6a776d70cd8ae692c02e1145051bf1dc2eb53ae727b598f7cfe,0.1641173736267471,sensitivity_mnist_z2_h0p096,0.8907147085104953,local,192,0.3624658157658609,0.23804909495070609,/mnt/data/ucpa_results_review/UCPA_Pilot_Study_outputs/outputs/sensitivity_mnist_z2_h0p096/sensitivity_mnist_z2_h0p096__seed6103__20261004-023317__c8f723dc,0.12698230772774136,clean,6103,0.9635,0.820556640625
0.2723307250959813,0.539642333984375,0.5589599609375,0.9276615131297082,0.7076923076923077,9000.0,aaea917df4baa6a776d70cd8ae692c02e1145051bf1dc2eb53ae727b598f7cfe,0.16694594967363324,sensitivity_mnist_z2_h0p096,0.8886473370524376,ucpa,192,0.3607520130264218,0.00030923604185671515,/mnt/data/ucpa_results_review/UCPA_Pilot_Study_outputs/outputs/sensitivity_mnist_z2_h0p096/sensitivity_mnist_z2_h0p096__seed6103__20261004-023317__c8f723dc,0.146330557597348,clean,6103,0.9635,0.7404378255208334
0.26411597086726,0.539642333984375,0.5589599609375,0.9276615131297082,0.7076923076923077,9000.0,aaea917df4baa6a776d70cd8ae692c02e1145051bf1dc2eb53ae727b598f7cfe,0.16687711628468,sensitivity_mnist_z2_h0p096,0.888617059130047,ucpa_coord_only,192,0.34466098915993093,0.011794885321231444,/mnt/data/ucpa_results_review/UCPA_Pilot_Study_outputs/outputs/sensitivity_mnist_z2_h0p096/sensitivity_mnist_z2_h0p096__seed6103__20261004-023317__c8f723dc,0.14539236653313664,clean,6103,0.9635,0.7384033203125
0.26885148663763253,0.539642333984375,0.5589599609375,0.9276615131297082,0.7076923076923077,9000.0,aaea917df4baa6a776d70cd8ae692c02e1145051bf1dc2eb53ae727b598f7cfe,0.16699777674105765,sensitivity_mnist_z2_h0p096,0.8887957769657078,ucpa_whole_only,192,0.35494338812560516,0.0019899478842219463,/mnt/data/ucpa_results_review/UCPA_Pilot_Study_outputs/outputs/sensitivity_mnist_z2_h0p096/sensitivity_mnist_z2_h0p096__seed6103__20261004-023317__c8f723dc,0.14583470453635233,clean,6103,0.9635,0.7408040364583333
0.24334716141439167,0.539642333984375,0.5589599609375,0.9276615131297082,0.7076923076923077,3880.0,aaea917df4baa6a776d70cd8ae692c02e1145051bf1dc2eb53ae727b598f7cfe,0.1668226969202806,sensitivity_mnist_z2_h0p096,0.8900018639792203,xfedalign_median,192,0.24261579177674017,0.176464763325837,/mnt/data/ucpa_results_review/UCPA_Pilot_Study_outputs/outputs/sensitivity_mnist_z2_h0p096/sensitivity_mnist_z2_h0p096__seed6103__20261004-023317__c8f723dc,0.1472410990094795,clean,6103,0.9635,0.7507731119791666
0.2473971773830414,0.538848876953125,0.55340576171875,0.9384811335066237,0.8514851485148515,3880.0,aaea917df4baa6a776d70cd8ae692c02e1145051bf1dc2eb53ae727b598f7cfe,0.16569806308762053,sensitivity_mnist_z2_h0p096,0.8946524184769562,cluster,192,0.29090507213411265,0.07982716995565221,/mnt/data/ucpa_results_review/UCPA_Pilot_Study_outputs/outputs/sensitivity_mnist_z2_h0p096/sensitivity_mnist_z2_h0p096__seed6105__20261004-025904__e5e51e6b,0.13501364098292745,clean,6105,0.9451,0.7610677083333334
0.1932725765123497,0.538848876953125,0.55340576171875,0.9384811335066237,0.8514851485148515,3880.0,aaea917df4baa6a776d70cd8ae692c02e1145051bf1dc2eb53ae727b598f7cfe,0.2244017995565931,sensitivity_mnist_z2_h0p096,0.8602514076616595,fedattr_mean,192,0.0,1.943274198083193e-17,/mnt/data/ucpa_results_review/UCPA_Pilot_Study_outputs/outputs/sensitivity_mnist_z2_h0p096/sensitivity_mnist_z2_h0p096__seed6105__20261004-025904__e5e51e6b,0.2784510475915435,clean,6105,0.9451,0.5308024088541667
0.28531102506439754,0.538848876953125,0.55340576171875,0.9384811335066237,0.8514851485148515,0.0,aaea917df4baa6a776d70cd8ae692c02e1145051bf1dc2eb53ae727b598f7cfe,0.16217822613980387,sensitivity_mnist_z2_h0p096,0.8953470222089285,local,192,0.3740851387357933,0.23548747934133143,/mnt/data/ucpa_results_review/UCPA_Pilot_Study_outputs/outputs/sensitivity_mnist_z2_h0p096/sensitivity_mnist_z2_h0p096__seed6105__20261004-025904__e5e51e6b,0.11741545011293633,clean,6105,0.9451,0.8466796875
0.2839162372748535,0.538848876953125,0.55340576171875,0.9384811335066237,0.8514851485148515,9000.0,aaea917df4baa6a776d70cd8ae692c02e1145051bf1dc2eb53ae727b598f7cfe,0.16528466766224786,sensitivity_mnist_z2_h0p096,0.8937687799606161,ucpa,192,0.37102632394093343,0.0005759580503581957,/mnt/data/ucpa_results_review/UCPA_Pilot_Study_outputs/outputs/sensitivity_mnist_z2_h0p096/sensitivity_mnist_z2_h0p096__seed6105__20261004-025904__e5e51e6b,0.13771917901460579,clean,6105,0.9451,0.7477620442708333
0.2734195071257169,0.538848876953125,0.55340576171875,0.9384811335066237,0.8514851485148515,9000.0,aaea917df4baa6a776d70cd8ae692c02e1145051bf1dc2eb53ae727b598f7cfe,0.16517638566389603,sensitivity_mnist_z2_h0p096,0.8942168808202646,ucpa_coord_only,192,0.3475556045527179,0.01946482316097826,/mnt/data/ucpa_results_review/UCPA_Pilot_Study_outputs/outputs/sensitivity_mnist_z2_h0p096/sensitivity_mnist_z2_h0p096__seed6105__20261004-025904__e5e51e6b,0.13675400333754162,clean,6105,0.9451,0.7440999348958333
0.281267732797904,0.538848876953125,0.55340576171875,0.9384811335066237,0.8514851485148515,9000.0,aaea917df4baa6a776d70cd8ae692c02e1145051bf1dc2eb53ae727b598f7cfe,0.16540493073989637,sensitivity_mnist_z2_h0p096,0.8937654366483913,ucpa_whole_only,192,0.3660250501212763,0.002112508308030819,/mnt/data/ucpa_results_review/UCPA_Pilot_Study_outputs/outputs/sensitivity_mnist_z2_h0p096/sensitivity_mnist_z2_h0p096__seed6105__20261004-025904__e5e51e6b,0.13722231689281852,clean,6105,0.9451,0.7461344401041667
0.2568090409872961,0.538848876953125,0.55340576171875,0.9384811335066237,0.8514851485148515,3880.0,aaea917df4baa6a776d70cd8ae692c02e1145051bf1dc2eb53ae727b598f7cfe,0.16457156105558776,sensitivity_mnist_z2_h0p096,0.8950241332592366,xfedalign_median,192,0.2505725803069279,0.1689621012380503,/mnt/data/ucpa_results_review/UCPA_Pilot_Study_outputs/outputs/sensitivity_mnist_z2_h0p096/sensitivity_mnist_z2_h0p096__seed6105__20261004-025904__e5e51e6b,0.1340702395043955,clean,6105,0.9451,0.7716471354166667
0.23150669389811257,0.510589599609375,0.502532958984375,0.9593727460979786,0.9157509157509157,3880.0,aaea917df4baa6a776d70cd8ae692c02e1145051bf1dc2eb53ae727b598f7cfe,0.16620611134846208,sensitivity_mnist_z2_h0p096,0.8953336172268678,cluster,192,0.2892210429533392,0.08227066701431074,/mnt/data/ucpa_results_review/UCPA_Pilot_Study_outputs/outputs/sensitivity_mnist_z2_h0p096/sensitivity_mnist_z2_h0p096__seed6101__20261004-020803__330665d4,0.14383708096041573,clean,6101,0.9697,0.7715657552083334
0.17884273612052198,0.510589599609375,0.502532958984375,0.9593727460979786,0.9157509157509157,3880.0,aaea917df4baa6a776d70cd8ae692c02e1145051bf1dc2eb53ae727b598f7cfe,0.22315446786860493,sensitivity_mnist_z2_h0p096,0.8597895302860706,fedattr_mean,192,0.0,1.8641364361360352e-17,/mnt/data/ucpa_results_review/UCPA_Pilot_Study_outputs/outputs/sensitivity_mnist_z2_h0p096/sensitivity_mnist_z2_h0p096__seed6101__20261004-020803__330665d4,0.28652734003211133,clean,6101,0.9697,0.525146484375
0.2718797027898493,0.510589599609375,0.502532958984375,0.9593727460979786,0.9157509157509157,0.0,aaea917df4baa6a776d70cd8ae692c02e1145051bf1dc2eb53ae727b598f7cfe,0.16511989565715338,sensitivity_mnist_z2_h0p096,0.896656165864897,local,192,0.3812355271666494,0.2448097130515075,/mnt/data/ucpa_results_review/UCPA_Pilot_Study_outputs/outputs/sensitivity_mnist_z2_h0p096/sensitivity_mnist_z2_h0p096__seed6101__20261004-020803__330665d4,0.12840990620319037,clean,6101,0.9697,0.8442789713541667
0.27078842808550363,0.510589599609375,0.502532958984375,0.9593727460979786,0.9157509157509157,9000.0,aaea917df4baa6a776d70cd8ae692c02e1145051bf1dc2eb53ae727b598f7cfe,0.16763275088518031,sensitivity_mnist_z2_h0p096,0.8938930681339722,ucpa,192,0.37942465568508177,0.0003184405421181169,/mnt/data/ucpa_results_review/UCPA_Pilot_Study_outputs/outputs/sensitivity_mnist_z2_h0p096/sensitivity_mnist_z2_h0p096__seed6101__20261004-020803__330665d4,0.14729793284732634,clean,6101,0.9697,0.7528076171875
0.2617496660355852,0.510589599609375,0.502532958984375,0.9593727460979786,0.9157509157509157,9000.0,aaea917df4baa6a776d70cd8ae692c02e1145051bf1dc2eb53ae727b598f7cfe,0.16774055775919502,sensitivity_mnist_z2_h0p096,0.8941304918584033,ucpa_coord_only,192,0.3607800044738396,0.01386211323286159,/mnt/data/ucpa_results_review/UCPA_Pilot_Study_outputs/outputs/sensitivity_mnist_z2_h0p096/sensitivity_mnist_z2_h0p096__seed6101__20261004-020803__330665d4,0.14648062760408354,clean,6101,0.9697,0.748291015625
0.26740845515257694,0.510589599609375,0.502532958984375,0.9593727460979786,0.9157509157509157,9000.0,aaea917df4baa6a776d70cd8ae692c02e1145051bf1dc2eb53ae727b598f7cfe,0.16774477498080764,sensitivity_mnist_z2_h0p096,0.8940657727819901,ucpa_whole_only,192,0.37362867393129506,0.002200630819915462,/mnt/data/ucpa_results_review/UCPA_Pilot_Study_outputs/outputs/sensitivity_mnist_z2_h0p096/sensitivity_mnist_z2_h0p096__seed6101__20261004-020803__330665d4,0.14669516190324816,clean,6101,0.9697,0.7508138020833334
0.24412345448197353,0.510589599609375,0.502532958984375,0.9593727460979786,0.9157509157509157,3880.0,aaea917df4baa6a776d70cd8ae692c02e1145051bf1dc2eb53ae727b598f7cfe,0.16723436743838344,sensitivity_mnist_z2_h0p096,0.896864229289046,xfedalign_median,192,0.2574461340110358,0.17860086638762804,/mnt/data/ucpa_results_review/UCPA_Pilot_Study_outputs/outputs/sensitivity_mnist_z2_h0p096/sensitivity_mnist_z2_h0p096__seed6101__20261004-020803__330665d4,0.1451671599269203,clean,6101,0.9697,0.7743733723958333
0.23211712344773142,0.5364990234375,0.54437255859375,0.9354182054806377,0.7440944881889764,3880.0,aaea917df4baa6a776d70cd8ae692c02e1145051bf1dc2eb53ae727b598f7cfe,0.15525812699343078,sensitivity_mnist_z2_h0p096,0.8829520142969463,cluster,192,0.29530010363708825,0.08359522316997287,/mnt/data/ucpa_results_review/UCPA_Pilot_Study_outputs/outputs/sensitivity_mnist_z2_h0p096/sensitivity_mnist_z2_h0p096__seed6102__20261004-022048__cb78e678,0.1416256415456418,clean,6102,0.966,0.7621256510416667
0.1688194762164727,0.5364990234375,0.54437255859375,0.9354182054806377,0.7440944881889764,3880.0,aaea917df4baa6a776d70cd8ae692c02e1145051bf1dc2eb53ae727b598f7cfe,0.21464675494031932,sensitivity_mnist_z2_h0p096,0.8519527746559106,fedattr_mean,192,0.0,1.4715877293975556e-17,/mnt/data/ucpa_results_review/UCPA_Pilot_Study_outputs/outputs/sensitivity_mnist_z2_h0p096/sensitivity_mnist_z2_h0p096__seed6102__20261004-022048__cb78e678,0.2828087926555707,clean,6102,0.966,0.5211181640625
0.27634915363269497,0.5364990234375,0.54437255859375,0.9354182054806377,0.7440944881889764,0.0,aaea917df4baa6a776d70cd8ae692c02e1145051bf1dc2eb53ae727b598f7cfe,0.14963935930863953,sensitivity_mnist_z2_h0p096,0.8822948344393808,local,192,0.38870108219389576,0.24235801099957804,/mnt/data/ucpa_results_review/UCPA_Pilot_Study_outputs/outputs/sensitivity_mnist_z2_h0p096/sensitivity_mnist_z2_h0p096__seed6102__20261004-022048__cb78e678,0.125778683894644,clean,6102,0.966,0.8221435546875
0.2753538709642662,0.5364990234375,0.54437255859375,0.9354182054806377,0.7440944881889764,9000.0,aaea917df4baa6a776d70cd8ae692c02e1145051bf1dc2eb53ae727b598f7cfe,0.15445621260963283,sensitivity_mnist_z2_h0p096,0.880980577153726,ucpa,192,0.387047861796394,0.000347283146403114,/mnt/data/ucpa_results_review/UCPA_Pilot_Study_outputs/outputs/sensitivity_mnist_z2_h0p096/sensitivity_mnist_z2_h0p096__seed6102__20261004-022048__cb78e678,0.1460094557000018,clean,6102,0.966,0.7381998697916667
0.26632061966461595,0.5364990234375,0.54437255859375,0.9354182054806377,0.7440944881889764,9000.0,aaea917df4baa6a776d70cd8ae692c02e1145051bf1dc2eb53ae727b598f7cfe,0.15418889785263068,sensitivity_mnist_z2_h0p096,0.8806460338976951,ucpa_coord_only,192,0.3690344312981952,0.015023214739672922,/mnt/data/ucpa_results_review/UCPA_Pilot_Study_outputs/outputs/sensitivity_mnist_z2_h0p096/sensitivity_mnist_z2_h0p096__seed6102__20261004-022048__cb78e678,0.1452427812663947,clean,6102,0.966,0.7367757161458333
0.2721275915466509,0.5364990234375,0.54437255859375,0.9354182054806377,0.7440944881889764,9000.0,aaea917df4baa6a776d70cd8ae692c02e1145051bf1dc2eb53ae727b598f7cfe,0.15450956185886752,sensitivity_mnist_z2_h0p096,0.8809584534074626,ucpa_whole_only,192,0.38200263996256933,0.0018269809438713218,/mnt/data/ucpa_results_review/UCPA_Pilot_Study_outputs/outputs/sensitivity_mnist_z2_h0p096/sensitivity_mnist_z2_h0p096__seed6102__20261004-022048__cb78e678,0.14543446448503342,clean,6102,0.966,0.7377115885416667
0.24557022201268436,0.5364990234375,0.54437255859375,0.9354182054806377,0.7440944881889764,3880.0,aaea917df4baa6a776d70cd8ae692c02e1145051bf1dc2eb53ae727b598f7cfe,0.154201074625477,sensitivity_mnist_z2_h0p096,0.8829211128235328,xfedalign_median,192,0.2593157818020912,0.17342002016900968,/mnt/data/ucpa_results_review/UCPA_Pilot_Study_outputs/outputs/sensitivity_mnist_z2_h0p096/sensitivity_mnist_z2_h0p096__seed6102__20261004-022048__cb78e678,0.1420199865452509,clean,6102,0.966,0.7569986979166667
0.2323658819084028,0.537445068359375,0.534881591796875,0.9472351753924035,0.8620689655172413,3880.0,aaea917df4baa6a776d70cd8ae692c02e1145051bf1dc2eb53ae727b598f7cfe,0.15625240726124806,sensitivity_mnist_z2_h0p096,0.8900961560776826,cluster,192,0.27686952356067773,0.0855011420129877,/mnt/data/ucpa_results_review/UCPA_Pilot_Study_outputs/outputs/sensitivity_mnist_z2_h0p096/sensitivity_mnist_z2_h0p096__seed6104__20261004-024611__22dc395a,0.13960591152427576,clean,6104,0.9642,0.7683512369791666
0.1773658690435289,0.537445068359375,0.534881591796875,0.9472351753924035,0.8620689655172413,3880.0,aaea917df4baa6a776d70cd8ae692c02e1145051bf1dc2eb53ae727b598f7cfe,0.20834920927736678,sensitivity_mnist_z2_h0p096,0.8684441806920707,fedattr_mean,192,0.0,1.8958649106721913e-17,/mnt/data/ucpa_results_review/UCPA_Pilot_Study_outputs/outputs/sensitivity_mnist_z2_h0p096/sensitivity_mnist_z2_h0p096__seed6104__20261004-024611__22dc395a,0.28447118991455417,clean,6104,0.9642,0.5157470703125
0.2749248718368733,0.537445068359375,0.534881591796875,0.9472351753924035,0.8620689655172413,0.0,aaea917df4baa6a776d70cd8ae692c02e1145051bf1dc2eb53ae727b598f7cfe,0.15311643829845706,sensitivity_mnist_z2_h0p096,0.8907495343153036,local,192,0.3784318891574753,0.23685361734429133,/mnt/data/ucpa_results_review/UCPA_Pilot_Study_outputs/outputs/sensitivity_mnist_z2_h0p096/sensitivity_mnist_z2_h0p096__seed6104__20261004-024611__22dc395a,0.12204801458378269,clean,6104,0.9642,0.8299560546875
0.27325361161356576,0.537445068359375,0.534881591796875,0.9472351753924035,0.8620689655172413,9000.0,aaea917df4baa6a776d70cd8ae692c02e1145051bf1dc2eb53ae727b598f7cfe,0.15551796530077508,sensitivity_mnist_z2_h0p096,0.8881047702108238,ucpa,192,0.37528674945836915,0.0006101336685240222,/mnt/data/ucpa_results_review/UCPA_Pilot_Study_outputs/outputs/sensitivity_mnist_z2_h0p096/sensitivity_mnist_z2_h0p096__seed6104__20261004-024611__22dc395a,0.14309260839641885,clean,6104,0.9642,0.7412109375
0.26217283580162487,0.537445068359375,0.534881591796875,0.9472351753924035,0.8620689655172413,9000.0,aaea917df4baa6a776d70cd8ae692c02e1145051bf1dc2eb53ae727b598f7cfe,0.15544435152284375,sensitivity_mnist_z2_h0p096,0.8880215083920726,ucpa_coord_only,192,0.3512487276933525,0.020290465998852217,/mnt/data/ucpa_results_review/UCPA_Pilot_Study_outputs/outputs/sensitivity_mnist_z2_h0p096/sensitivity_mnist_z2_h0p096__seed6104__20261004-024611__22dc395a,0.1422116777417069,clean,6104,0.9642,0.7374674479166666
0.2701195673944336,0.537445068359375,0.534881591796875,0.9472351753924035,0.8620689655172413,9000.0,aaea917df4baa6a776d70cd8ae692c02e1145051bf1dc2eb53ae727b598f7cfe,0.1553936784696513,sensitivity_mnist_z2_h0p096,0.8881064829950143,ucpa_whole_only,192,0.3707569603463803,0.0021300306918742625,/mnt/data/ucpa_results_review/UCPA_Pilot_Study_outputs/outputs/sensitivity_mnist_z2_h0p096/sensitivity_mnist_z2_h0p096__seed6104__20261004-024611__22dc395a,0.1425373045362992,clean,6104,0.9642,0.7418212890625
0.2439708915903922,0.537445068359375,0.534881591796875,0.9472351753924035,0.8620689655172413,3880.0,aaea917df4baa6a776d70cd8ae692c02e1145051bf1dc2eb53ae727b598f7cfe,0.15495861737726954,sensitivity_mnist_z2_h0p096,0.889762547265127,xfedalign_median,192,0.25211915282281844,0.16799399600189452,/mnt/data/ucpa_results_review/UCPA_Pilot_Study_outputs/outputs/sensitivity_mnist_z2_h0p096/sensitivity_mnist_z2_h0p096__seed6104__20261004-024611__22dc395a,0.1387647338916772,clean,6104,0.9642,0.7666829427083333
0.22749371272653712,0.539642333984375,0.5589599609375,0.9276615131297082,0.7076923076923077,3880.0,81c25f096c38beb1e248022b1496ffb700a3bb8f4ec41a0c2b295aba79e891d9,0.1665599839174926,robust_mnist_rotation_random_support,0.8894263758838254,cluster,192,0.2715424867048671,0.0779726100586417,/mnt/data/ucpa_results_review/UCPA_Pilot_Study_outputs/outputs/robust_mnist_rotation_random_support/robust_mnist_rotation_random_support__seed6103__20261003-133919__f552deba,0.14420335429276146,clean,6103,0.9635,0.7596435546875
0.17018474425503927,0.539642333984375,0.5589599609375,0.9276615131297082,0.7076923076923077,3880.0,81c25f096c38beb1e248022b1496ffb700a3bb8f4ec41a0c2b295aba79e891d9,0.22008541672383522,robust_mnist_rotation_random_support,0.8599558928084055,fedattr_mean,192,0.0,1.2860936084062536e-17,/mnt/data/ucpa_results_review/UCPA_Pilot_Study_outputs/outputs/robust_mnist_rotation_random_support/robust_mnist_rotation_random_support__seed6103__20261003-133919__f552deba,0.30026119928871947,clean,6103,0.9635,0.49751790364583337
0.27333907562689563,0.539642333984375,0.5589599609375,0.9276615131297082,0.7076923076923077,0.0,81c25f096c38beb1e248022b1496ffb700a3bb8f4ec41a0c2b295aba79e891d9,0.1641173736267471,robust_mnist_rotation_random_support,0.8907147085104953,local,192,0.3624658157658609,0.23804909495070609,/mnt/data/ucpa_results_review/UCPA_Pilot_Study_outputs/outputs/robust_mnist_rotation_random_support/robust_mnist_rotation_random_support__seed6103__20261003-133919__f552deba,0.12698230772774136,clean,6103,0.9635,0.820556640625
0.2732750933497105,0.539642333984375,0.5589599609375,0.9276615131297082,0.7076923076923077,9000.0,81c25f096c38beb1e248022b1496ffb700a3bb8f4ec41a0c2b295aba79e891d9,0.16684967770640166,robust_mnist_rotation_random_support,0.8885035392772503,ucpa,192,0.362372777363569,9.705119771340213e-06,/mnt/data/ucpa_results_review/UCPA_Pilot_Study_outputs/outputs/robust_mnist_rotation_random_support/robust_mnist_rotation_random_support__seed6103__20261003-133919__f552deba,0.14642164114863626,clean,6103,0.9635,0.7402750651041666
0.26411597086726,0.539642333984375,0.5589599609375,0.9276615131297082,0.7076923076923077,9000.0,81c25f096c38beb1e248022b1496ffb700a3bb8f4ec41a0c2b295aba79e891d9,0.16687711628468,robust_mnist_rotation_random_support,0.888617059130047,ucpa_coord_only,192,0.34466098915993093,0.011794885321231444,/mnt/data/ucpa_results_review/UCPA_Pilot_Study_outputs/outputs/robust_mnist_rotation_random_support/robust_mnist_rotation_random_support__seed6103__20261003-133919__f552deba,0.14539236653313664,clean,6103,0.9635,0.7384033203125
0.272840675358064,0.539642333984375,0.5589599609375,0.9276615131297082,0.7076923076923077,9000.0,81c25f096c38beb1e248022b1496ffb700a3bb8f4ec41a0c2b295aba79e891d9,0.16682527940508105,robust_mnist_rotation_random_support,0.888461530594941,ucpa_whole_only,192,0.3617558238137998,9.921422738268664e-05,/mnt/data/ucpa_results_review/UCPA_Pilot_Study_outputs/outputs/robust_mnist_rotation_random_support/robust_mnist_rotation_random_support__seed6103__20261003-133919__f552deba,0.1463721891983763,clean,6103,0.9635,0.740234375
0.24334716141439167,0.539642333984375,0.5589599609375,0.9276615131297082,0.7076923076923077,3880.0,81c25f096c38beb1e248022b1496ffb700a3bb8f4ec41a0c2b295aba79e891d9,0.1668226969202806,robust_mnist_rotation_random_support,0.8900018639792203,xfedalign_median,192,0.24261579177674017,0.176464763325837,/mnt/data/ucpa_results_review/UCPA_Pilot_Study_outputs/outputs/robust_mnist_rotation_random_support/robust_mnist_rotation_random_support__seed6103__20261003-133919__f552deba,0.1472410990094795,clean,6103,0.9635,0.7507731119791666
0.30260808343744916,0.539642333984375,0.5589599609375,0.9276615131297082,0.7076923076923077,3880.0,81c25f096c38beb1e248022b1496ffb700a3bb8f4ec41a0c2b295aba79e891d9,0.16707538039433228,robust_mnist_rotation_random_support,0.8888025577643324,cluster,192,0.3996478142026508,0.0853507968645793,/mnt/data/ucpa_results_review/UCPA_Pilot_Study_outputs/outputs/robust_mnist_rotation_random_support/robust_mnist_rotation_random_support__seed6103__20261003-133919__f552deba,0.15152943866747223,attacked,6103,0.9635,0.7396240234375
0.2118909687653573,0.539642333984375,0.5589599609375,0.9276615131297082,0.7076923076923077,3880.0,81c25f096c38beb1e248022b1496ffb700a3bb8f4ec41a0c2b295aba79e891d9,0.24974682130831904,robust_mnist_rotation_random_support,0.8323595791590681,fedattr_mean,192,0.0,7.504369896979466e-18,/mnt/data/ucpa_results_review/UCPA_Pilot_Study_outputs/outputs/robust_mnist_rotation_random_support/robust_mnist_rotation_random_support__seed6103__20261003-133919__f552deba,0.34002096891920863,attacked,6103,0.9635,0.4580891927083333
0.3441581919743653,0.539642333984375,0.5589599609375,0.9276615131297082,0.7076923076923077,0.0,81c25f096c38beb1e248022b1496ffb700a3bb8f4ec41a0c2b295aba79e891d9,0.1641173736267471,robust_mnist_rotation_random_support,0.8907147085104953,local,192,0.478991843837567,0.3118716707360971,/mnt/data/ucpa_results_review/UCPA_Pilot_Study_outputs/outputs/robust_mnist_rotation_random_support/robust_mnist_rotation_random_support__seed6103__20261003-133919__f552deba,0.12698230772774136,attacked,6103,0.9635,0.820556640625
0.34412361936808644,0.539642333984375,0.5589599609375,0.9276615131297082,0.7076923076923077,9000.0,81c25f096c38beb1e248022b1496ffb700a3bb8f4ec41a0c2b295aba79e891d9,0.16715363330713445,robust_mnist_rotation_random_support,0.8877264492837034,ucpa,192,0.4789532405866598,4.357018291489909e-06,/mnt/data/ucpa_results_review/UCPA_Pilot_Study_outputs/outputs/robust_mnist_rotation_random_support/robust_mnist_rotation_random_support__seed6103__20261003-133919__f552deba,0.15359954727934924,attacked,6103,0.9635,0.7085367838541666
0.3387463071306138,0.539642333984375,0.5589599609375,0.9276615131297082,0.7076923076923077,9000.0,81c25f096c38beb1e248022b1496ffb700a3bb8f4ec41a0c2b295aba79e891d9,0.1667219576895756,robust_mnist_rotation_random_support,0.8875687384560782,ucpa_coord_only,192,0.47047993865387705,0.0062387273100266705,/mnt/data/ucpa_results_review/UCPA_Pilot_Study_outputs/outputs/robust_mnist_rotation_random_support/robust_mnist_rotation_random_support__seed6103__20261003-133919__f552deba,0.15306373368458692,attacked,6103,0.9635,0.7081298828125
0.3437930742731438,0.539642333984375,0.5589599609375,0.9276615131297082,0.7076923076923077,9000.0,81c25f096c38beb1e248022b1496ffb700a3bb8f4ec41a0c2b295aba79e891d9,0.16712697702538815,robust_mnist_rotation_random_support,0.8877062488078082,ucpa_whole_only,192,0.47857820610201207,6.940690614548545e-05,/mnt/data/ucpa_results_review/UCPA_Pilot_Study_outputs/outputs/robust_mnist_rotation_random_support/robust_mnist_rotation_random_support__seed6103__20261003-133919__f552deba,0.15356477364654691,attacked,6103,0.9635,0.7084554036458333
0.3065574794912108,0.539642333984375,0.5589599609375,0.9276615131297082,0.7076923076923077,3880.0,81c25f096c38beb1e248022b1496ffb700a3bb8f4ec41a0c2b295aba79e891d9,0.16631210612073727,robust_mnist_rotation_random_support,0.8893642148754832,xfedalign_median,192,0.3353904313677243,0.24868073840502117,/mnt/data/ucpa_results_review/UCPA_Pilot_Study_outputs/outputs/robust_mnist_rotation_random_support/robust_mnist_rotation_random_support__seed6103__20261003-133919__f552deba,0.15076629711787876,attacked,6103,0.9635,0.7578125
0.23211712344773142,0.5364990234375,0.54437255859375,0.9354182054806377,0.7440944881889764,3880.0,81c25f096c38beb1e248022b1496ffb700a3bb8f4ec41a0c2b295aba79e891d9,0.15525812699343078,robust_mnist_rotation_random_support,0.8829520142969463,cluster,192,0.29530010363708825,0.08359522316997287,/mnt/data/ucpa_results_review/UCPA_Pilot_Study_outputs/outputs/robust_mnist_rotation_random_support/robust_mnist_rotation_random_support__seed6102__20261003-132606__d5079fe5,0.1416256415456418,clean,6102,0.966,0.7621256510416667
0.1688194762164727,0.5364990234375,0.54437255859375,0.9354182054806377,0.7440944881889764,3880.0,81c25f096c38beb1e248022b1496ffb700a3bb8f4ec41a0c2b295aba79e891d9,0.21464675494031932,robust_mnist_rotation_random_support,0.8519527746559106,fedattr_mean,192,0.0,1.4715877293975556e-17,/mnt/data/ucpa_results_review/UCPA_Pilot_Study_outputs/outputs/robust_mnist_rotation_random_support/robust_mnist_rotation_random_support__seed6102__20261003-132606__d5079fe5,0.2828087926555707,clean,6102,0.966,0.5211181640625
0.27634915363269497,0.5364990234375,0.54437255859375,0.9354182054806377,0.7440944881889764,0.0,81c25f096c38beb1e248022b1496ffb700a3bb8f4ec41a0c2b295aba79e891d9,0.14963935930863953,robust_mnist_rotation_random_support,0.8822948344393808,local,192,0.38870108219389576,0.24235801099957804,/mnt/data/ucpa_results_review/UCPA_Pilot_Study_outputs/outputs/robust_mnist_rotation_random_support/robust_mnist_rotation_random_support__seed6102__20261003-132606__d5079fe5,0.125778683894644,clean,6102,0.966,0.8221435546875
0.27627909133962203,0.5364990234375,0.54437255859375,0.9354182054806377,0.7440944881889764,9000.0,81c25f096c38beb1e248022b1496ffb700a3bb8f4ec41a0c2b295aba79e891d9,0.15448228897815475,robust_mnist_rotation_random_support,0.8809493664193724,ucpa,192,0.3885914462401357,1.635837495665078e-05,/mnt/data/ucpa_results_review/UCPA_Pilot_Study_outputs/outputs/robust_mnist_rotation_random_support/robust_mnist_rotation_random_support__seed6102__20261003-132606__d5079fe5,0.14608975206839864,clean,6102,0.966,0.7386067708333333
0.26632061966461595,0.5364990234375,0.54437255859375,0.9354182054806377,0.7440944881889764,9000.0,81c25f096c38beb1e248022b1496ffb700a3bb8f4ec41a0c2b295aba79e891d9,0.15418889785263068,robust_mnist_rotation_random_support,0.8806460338976951,ucpa_coord_only,192,0.3690344312981952,0.015023214739672922,/mnt/data/ucpa_results_review/UCPA_Pilot_Study_outputs/outputs/robust_mnist_rotation_random_support/robust_mnist_rotation_random_support__seed6102__20261003-132606__d5079fe5,0.1452427812663947,clean,6102,0.966,0.7367757161458333
0.27588397465519443,0.5364990234375,0.54437255859375,0.9354182054806377,0.7440944881889764,9000.0,81c25f096c38beb1e248022b1496ffb700a3bb8f4ec41a0c2b295aba79e891d9,0.15445812699508676,robust_mnist_rotation_random_support,0.8808962461623498,ucpa_whole_only,192,0.3880897564480844,9.6521780448449e-05,/mnt/data/ucpa_results_review/UCPA_Pilot_Study_outputs/outputs/robust_mnist_rotation_random_support/robust_mnist_rotation_random_support__seed6102__20261003-132606__d5079fe5,0.14603137562916851,clean,6102,0.966,0.7384033203125
0.24557022201268436,0.5364990234375,0.54437255859375,0.9354182054806377,0.7440944881889764,3880.0,81c25f096c38beb1e248022b1496ffb700a3bb8f4ec41a0c2b295aba79e891d9,0.154201074625477,robust_mnist_rotation_random_support,0.8829211128235328,xfedalign_median,192,0.2593157818020912,0.17342002016900968,/mnt/data/ucpa_results_review/UCPA_Pilot_Study_outputs/outputs/robust_mnist_rotation_random_support/robust_mnist_rotation_random_support__seed6102__20261003-132606__d5079fe5,0.1420199865452509,clean,6102,0.966,0.7569986979166667
0.2988941386934211,0.5364990234375,0.54437255859375,0.9354182054806377,0.7440944881889764,3880.0,81c25f096c38beb1e248022b1496ffb700a3bb8f4ec41a0c2b295aba79e891d9,0.1578966199900606,robust_mnist_rotation_random_support,0.881959850997858,cluster,192,0.3797348698744417,0.11496471804679516,/mnt/data/ucpa_results_review/UCPA_Pilot_Study_outputs/outputs/robust_mnist_rotation_random_support/robust_mnist_rotation_random_support__seed6102__20261003-132606__d5079fe5,0.14682645399337743,attacked,6102,0.966,0.7676188151041666
0.2158319274782003,0.5364990234375,0.54437255859375,0.9354182054806377,0.7440944881889764,3880.0,81c25f096c38beb1e248022b1496ffb700a3bb8f4ec41a0c2b295aba79e891d9,0.23622297118117785,robust_mnist_rotation_random_support,0.8253217516108331,fedattr_mean,192,0.0,1.8100176953015878e-17,/mnt/data/ucpa_results_review/UCPA_Pilot_Study_outputs/outputs/robust_mnist_rotation_random_support/robust_mnist_rotation_random_support__seed6102__20261003-132606__d5079fe5,0.32575177498355323,attacked,6102,0.966,0.48441569010416663
0.3536007389414152,0.5364990234375,0.54437255859375,0.9354182054806377,0.7440944881889764,0.0,81c25f096c38beb1e248022b1496ffb700a3bb8f4ec41a0c2b295aba79e891d9,0.14963935930863953,robust_mnist_rotation_random_support,0.8822948344393808,local,192,0.4963643071714677,0.31776733619666836,/mnt/data/ucpa_results_review/UCPA_Pilot_Study_outputs/outputs/robust_mnist_rotation_random_support/robust_mnist_rotation_random_support__seed6102__20261003-132606__d5079fe5,0.125778683894644,attacked,6102,0.966,0.8221435546875
0.35356288820732074,0.5364990234375,0.54437255859375,0.9354182054806377,0.7440944881889764,9000.0,81c25f096c38beb1e248022b1496ffb700a3bb8f4ec41a0c2b295aba79e891d9,0.15494752528041622,robust_mnist_rotation_random_support,0.8797569114736689,ucpa,192,0.4963252085943361,6.008938693804506e-06,/mnt/data/ucpa_results_review/UCPA_Pilot_Study_outputs/outputs/robust_mnist_rotation_random_support/robust_mnist_rotation_random_support__seed6102__20261003-132606__d5079fe5,0.1519814639547854,attacked,6102,0.966,0.7198893229166667
0.3458494684764336,0.5364990234375,0.54437255859375,0.9354182054806377,0.7440944881889764,9000.0,81c25f096c38beb1e248022b1496ffb700a3bb8f4ec41a0c2b295aba79e891d9,0.15478251453605482,robust_mnist_rotation_random_support,0.8793094821805425,ucpa_coord_only,192,0.48324129626149565,0.01250233750333767,/mnt/data/ucpa_results_review/UCPA_Pilot_Study_outputs/outputs/robust_mnist_rotation_random_support/robust_mnist_rotation_random_support__seed6102__20261003-132606__d5079fe5,0.15130279646113226,attacked,6102,0.966,0.7180989583333333
0.35330926427573073,0.5364990234375,0.54437255859375,0.9354182054806377,0.7440944881889764,9000.0,81c25f096c38beb1e248022b1496ffb700a3bb8f4ec41a0c2b295aba79e891d9,0.15492456411799746,robust_mnist_rotation_random_support,0.8797327410839595,ucpa_whole_only,192,0.49606778779386934,5.811069945625356e-05,/mnt/data/ucpa_results_review/UCPA_Pilot_Study_outputs/outputs/robust_mnist_rotation_random_support/robust_mnist_rotation_random_support__seed6102__20261003-132606__d5079fe5,0.1519422671976039,attacked,6102,0.966,0.7196858723958333
0.31380039382922287,0.5364990234375,0.54437255859375,0.9354182054806377,0.7440944881889764,3880.0,81c25f096c38beb1e248022b1496ffb700a3bb8f4ec41a0c2b295aba79e891d9,0.15417550232523353,robust_mnist_rotation_random_support,0.8819655930994486,xfedalign_median,192,0.34936056421384604,0.2537512028704053,/mnt/data/ucpa_results_review/UCPA_Pilot_Study_outputs/outputs/robust_mnist_rotation_random_support/robust_mnist_rotation_random_support__seed6102__20261003-132606__d5079fe5,0.1462176033011565,attacked,6102,0.966,0.7622477213541666
0.23150669389811257,0.510589599609375,0.502532958984375,0.9593727460979786,0.9157509157509157,3880.0,81c25f096c38beb1e248022b1496ffb700a3bb8f4ec41a0c2b295aba79e891d9,0.16620611134846208,robust_mnist_rotation_random_support,0.8953336172268678,cluster,192,0.2892210429533392,0.08227066701431074,/mnt/data/ucpa_results_review/UCPA_Pilot_Study_outputs/outputs/robust_mnist_rotation_random_support/robust_mnist_rotation_random_support__seed6101__20261003-131224__401cba14,0.14383708096041573,clean,6101,0.9697,0.7715657552083334
0.17884273612052198,0.510589599609375,0.502532958984375,0.9593727460979786,0.9157509157509157,3880.0,81c25f096c38beb1e248022b1496ffb700a3bb8f4ec41a0c2b295aba79e891d9,0.22315446786860493,robust_mnist_rotation_random_support,0.8597895302860706,fedattr_mean,192,0.0,1.8641364361360352e-17,/mnt/data/ucpa_results_review/UCPA_Pilot_Study_outputs/outputs/robust_mnist_rotation_random_support/robust_mnist_rotation_random_support__seed6101__20261003-131224__401cba14,0.28652734003211133,clean,6101,0.9697,0.525146484375
0.2718797027898493,0.510589599609375,0.502532958984375,0.9593727460979786,0.9157509157509157,0.0,81c25f096c38beb1e248022b1496ffb700a3bb8f4ec41a0c2b295aba79e891d9,0.16511989565715338,robust_mnist_rotation_random_support,0.896656165864897,local,192,0.3812355271666494,0.2448097130515075,/mnt/data/ucpa_results_review/UCPA_Pilot_Study_outputs/outputs/robust_mnist_rotation_random_support/robust_mnist_rotation_random_support__seed6101__20261003-131224__401cba14,0.12840990620319037,clean,6101,0.9697,0.8442789713541667
0.27178659412006556,0.510589599609375,0.502532958984375,0.9593727460979786,0.9157509157509157,9000.0,81c25f096c38beb1e248022b1496ffb700a3bb8f4ec41a0c2b295aba79e891d9,0.16779718212710576,robust_mnist_rotation_random_support,0.89382818988967,ucpa,192,0.3811151951415528,1.48430977690037e-05,/mnt/data/ucpa_results_review/UCPA_Pilot_Study_outputs/outputs/robust_mnist_rotation_random_support/robust_mnist_rotation_random_support__seed6101__20261003-131224__401cba14,0.14739981335253144,clean,6101,0.9697,0.7529703776041666
0.2617496660355852,0.510589599609375,0.502532958984375,0.9593727460979786,0.9157509157509157,9000.0,81c25f096c38beb1e248022b1496ffb700a3bb8f4ec41a0c2b295aba79e891d9,0.16774055775919502,robust_mnist_rotation_random_support,0.8941304918584033,ucpa_coord_only,192,0.3607800044738396,0.01386211323286159,/mnt/data/ucpa_results_review/UCPA_Pilot_Study_outputs/outputs/robust_mnist_rotation_random_support/robust_mnist_rotation_random_support__seed6101__20261003-131224__401cba14,0.14648062760408354,clean,6101,0.9697,0.748291015625
0.27118212070647957,0.510589599609375,0.502532958984375,0.9593727460979786,0.9157509157509157,9000.0,81c25f096c38beb1e248022b1496ffb700a3bb8f4ec41a0c2b295aba79e891d9,0.16762797958260003,robust_mnist_rotation_random_support,0.8938230635487343,ucpa_whole_only,192,0.3802493233166238,0.00016870458250609006,/mnt/data/ucpa_results_review/UCPA_Pilot_Study_outputs/outputs/robust_mnist_rotation_random_support/robust_mnist_rotation_random_support__seed6101__20261003-131224__401cba14,0.147291946706642,clean,6101,0.9697,0.752685546875
0.24412345448197353,0.510589599609375,0.502532958984375,0.9593727460979786,0.9157509157509157,3880.0,81c25f096c38beb1e248022b1496ffb700a3bb8f4ec41a0c2b295aba79e891d9,0.16723436743838344,robust_mnist_rotation_random_support,0.896864229289046,xfedalign_median,192,0.2574461340110358,0.17860086638762804,/mnt/data/ucpa_results_review/UCPA_Pilot_Study_outputs/outputs/robust_mnist_rotation_random_support/robust_mnist_rotation_random_support__seed6101__20261003-131224__401cba14,0.1451671599269203,clean,6101,0.9697,0.7743733723958333
0.30090976587407986,0.510589599609375,0.502532958984375,0.9593727460979786,0.9157509157509157,3880.0,81c25f096c38beb1e248022b1496ffb700a3bb8f4ec41a0c2b295aba79e891d9,0.16639660362173647,robust_mnist_rotation_random_support,0.8949775464404525,cluster,192,0.3730364147693704,0.10832923006273695,/mnt/data/ucpa_results_review/UCPA_Pilot_Study_outputs/outputs/robust_mnist_rotation_random_support/robust_mnist_rotation_random_support__seed6101__20261003-131224__401cba14,0.1500162299821433,attacked,6101,0.9697,0.7725016276041666
0.21695313547157496,0.510589599609375,0.502532958984375,0.9593727460979786,0.9157509157509157,3880.0,81c25f096c38beb1e248022b1496ffb700a3bb8f4ec41a0c2b295aba79e891d9,0.22250873119558748,robust_mnist_rotation_random_support,0.8330893893265359,fedattr_mean,192,0.0,1.3374144872512693e-17,/mnt/data/ucpa_results_review/UCPA_Pilot_Study_outputs/outputs/robust_mnist_rotation_random_support/robust_mnist_rotation_random_support__seed6101__20261003-131224__401cba14,0.3227753803213862,attacked,6101,0.9697,0.494873046875
0.352329114007634,0.510589599609375,0.502532958984375,0.9593727460979786,0.9157509157509157,0.0,81c25f096c38beb1e248022b1496ffb700a3bb8f4ec41a0c2b295aba79e891d9,0.16511989565715338,robust_mnist_rotation_random_support,0.896656165864897,local,192,0.48536894967964866,0.3110373326987727,/mnt/data/ucpa_results_review/UCPA_Pilot_Study_outputs/outputs/robust_mnist_rotation_random_support/robust_mnist_rotation_random_support__seed6101__20261003-131224__401cba14,0.12840990620319037,attacked,6101,0.9697,0.8442789713541667
0.3522921920327279,0.510589599609375,0.502532958984375,0.9593727460979786,0.9157509157509157,9000.0,81c25f096c38beb1e248022b1496ffb700a3bb8f4ec41a0c2b295aba79e891d9,0.16919477765647267,robust_mnist_rotation_random_support,0.893304364633938,ucpa,192,0.48532560809547315,5.795703041251182e-06,/mnt/data/ucpa_results_review/UCPA_Pilot_Study_outputs/outputs/robust_mnist_rotation_random_support/robust_mnist_rotation_random_support__seed6101__20261003-131224__401cba14,0.15359599353391584,attacked,6101,0.9697,0.7271321614583334
0.3444567423757535,0.510589599609375,0.502532958984375,0.9593727460979786,0.9157509157509157,9000.0,81c25f096c38beb1e248022b1496ffb700a3bb8f4ec41a0c2b295aba79e891d9,0.16951571492263612,robust_mnist_rotation_random_support,0.8935245813261541,ucpa_coord_only,192,0.47131033363109437,0.011777734620174864,/mnt/data/ucpa_results_review/UCPA_Pilot_Study_outputs/outputs/robust_mnist_rotation_random_support/robust_mnist_rotation_random_support__seed6101__20261003-131224__401cba14,0.15299650443150153,attacked,6101,0.9697,0.7247721354166667
0.3520226588053795,0.510589599609375,0.502532958984375,0.9593727460979786,0.9157509157509157,9000.0,81c25f096c38beb1e248022b1496ffb700a3bb8f4ec41a0c2b295aba79e891d9,0.16908040489379345,robust_mnist_rotation_random_support,0.8933247818014327,ucpa_whole_only,192,0.4849971927442394,7.02772145178863e-05,/mnt/data/ucpa_results_review/UCPA_Pilot_Study_outputs/outputs/robust_mnist_rotation_random_support/robust_mnist_rotation_random_support__seed6101__20261003-131224__401cba14,0.15355091572872348,attacked,6101,0.9697,0.72705078125
0.30542481513832864,0.510589599609375,0.502532958984375,0.9593727460979786,0.9157509157509157,3880.0,81c25f096c38beb1e248022b1496ffb700a3bb8f4ec41a0c2b295aba79e891d9,0.16754898458160217,robust_mnist_rotation_random_support,0.8951493371655337,xfedalign_median,192,0.3373719010246191,0.2404393285359817,/mnt/data/ucpa_results_review/UCPA_Pilot_Study_outputs/outputs/robust_mnist_rotation_random_support/robust_mnist_rotation_random_support__seed6101__20261003-131224__401cba14,0.14738251810918745,attacked,6101,0.9697,0.7813720703125
0.2323658819084028,0.537445068359375,0.534881591796875,0.9472351753924035,0.8620689655172413,3880.0,81c25f096c38beb1e248022b1496ffb700a3bb8f4ec41a0c2b295aba79e891d9,0.15625240726124806,robust_mnist_rotation_random_support,0.8900961560776826,cluster,192,0.27686952356067773,0.0855011420129877,/mnt/data/ucpa_results_review/UCPA_Pilot_Study_outputs/outputs/robust_mnist_rotation_random_support/robust_mnist_rotation_random_support__seed6104__20261003-135305__cc122e15,0.13960591152427576,clean,6104,0.9642,0.7683512369791666
0.1773658690435289,0.537445068359375,0.534881591796875,0.9472351753924035,0.8620689655172413,3880.0,81c25f096c38beb1e248022b1496ffb700a3bb8f4ec41a0c2b295aba79e891d9,0.20834920927736678,robust_mnist_rotation_random_support,0.8684441806920707,fedattr_mean,192,0.0,1.8958649106721913e-17,/mnt/data/ucpa_results_review/UCPA_Pilot_Study_outputs/outputs/robust_mnist_rotation_random_support/robust_mnist_rotation_random_support__seed6104__20261003-135305__cc122e15,0.28447118991455417,clean,6104,0.9642,0.5157470703125
0.2749248718368733,0.537445068359375,0.534881591796875,0.9472351753924035,0.8620689655172413,0.0,81c25f096c38beb1e248022b1496ffb700a3bb8f4ec41a0c2b295aba79e891d9,0.15311643829845706,robust_mnist_rotation_random_support,0.8907495343153036,local,192,0.3784318891574753,0.23685361734429133,/mnt/data/ucpa_results_review/UCPA_Pilot_Study_outputs/outputs/robust_mnist_rotation_random_support/robust_mnist_rotation_random_support__seed6104__20261003-135305__cc122e15,0.12204801458378269,clean,6104,0.9642,0.8299560546875
0.274809157387095,0.537445068359375,0.534881591796875,0.9472351753924035,0.8620689655172413,9000.0,81c25f096c38beb1e248022b1496ffb700a3bb8f4ec41a0c2b295aba79e891d9,0.1555204231090708,robust_mnist_rotation_random_support,0.8879458849599663,ucpa,192,0.3782610808396906,1.9308861498124593e-05,/mnt/data/ucpa_results_review/UCPA_Pilot_Study_outputs/outputs/robust_mnist_rotation_random_support/robust_mnist_rotation_random_support__seed6104__20261003-135305__cc122e15,0.14324120657116163,clean,6104,0.9642,0.7415364583333334
0.26217283580162487,0.537445068359375,0.534881591796875,0.9472351753924035,0.8620689655172413,9000.0,81c25f096c38beb1e248022b1496ffb700a3bb8f4ec41a0c2b295aba79e891d9,0.15544435152284375,robust_mnist_rotation_random_support,0.8880215083920726,ucpa_coord_only,192,0.3512487276933525,0.020290465998852217,/mnt/data/ucpa_results_review/UCPA_Pilot_Study_outputs/outputs/robust_mnist_rotation_random_support/robust_mnist_rotation_random_support__seed6104__20261003-135305__cc122e15,0.1422116777417069,clean,6104,0.9642,0.7374674479166666
0.2743239687131958,0.537445068359375,0.534881591796875,0.9472351753924035,0.8620689655172413,9000.0,81c25f096c38beb1e248022b1496ffb700a3bb8f4ec41a0c2b295aba79e891d9,0.15531160154375054,robust_mnist_rotation_random_support,0.8879746256119688,ucpa_whole_only,192,0.3776640759873712,0.00013021657834461263,/mnt/data/ucpa_results_review/UCPA_Pilot_Study_outputs/outputs/robust_mnist_rotation_random_support/robust_mnist_rotation_random_support__seed6104__20261003-135305__cc122e15,0.14314587943238946,clean,6104,0.9642,0.7418619791666666
0.2439708915903922,0.537445068359375,0.534881591796875,0.9472351753924035,0.8620689655172413,3880.0,81c25f096c38beb1e248022b1496ffb700a3bb8f4ec41a0c2b295aba79e891d9,0.15495861737726954,robust_mnist_rotation_random_support,0.889762547265127,xfedalign_median,192,0.25211915282281844,0.16799399600189452,/mnt/data/ucpa_results_review/UCPA_Pilot_Study_outputs/outputs/robust_mnist_rotation_random_support/robust_mnist_rotation_random_support__seed6104__20261003-135305__cc122e15,0.1387647338916772,clean,6104,0.9642,0.7666829427083333
0.3046438827972536,0.537445068359375,0.534881591796875,0.9472351753924035,0.8620689655172413,3880.0,81c25f096c38beb1e248022b1496ffb700a3bb8f4ec41a0c2b295aba79e891d9,0.1575790271626223,robust_mnist_rotation_random_support,0.8876820587394225,cluster,192,0.39941162773777417,0.08842557690405697,/mnt/data/ucpa_results_review/UCPA_Pilot_Study_outputs/outputs/robust_mnist_rotation_random_support/robust_mnist_rotation_random_support__seed6104__20261003-135305__cc122e15,0.14631913876919805,attacked,6104,0.9642,0.7561442057291667
0.21120918516005588,0.537445068359375,0.534881591796875,0.9472351753924035,0.8620689655172413,3880.0,81c25f096c38beb1e248022b1496ffb700a3bb8f4ec41a0c2b295aba79e891d9,0.2154348740285059,robust_mnist_rotation_random_support,0.8505240926924065,fedattr_mean,192,0.0,1.708632134204742e-17,/mnt/data/ucpa_results_review/UCPA_Pilot_Study_outputs/outputs/robust_mnist_rotation_random_support/robust_mnist_rotation_random_support__seed6104__20261003-135305__cc122e15,0.3148280559576052,attacked,6104,0.9642,0.498291015625
0.34395948567443224,0.537445068359375,0.534881591796875,0.9472351753924035,0.8620689655172413,0.0,81c25f096c38beb1e248022b1496ffb700a3bb8f4ec41a0c2b295aba79e891d9,0.15311643829845706,robust_mnist_rotation_random_support,0.8907495343153036,local,192,0.4847659385295909,0.3068730471315664,/mnt/data/ucpa_results_review/UCPA_Pilot_Study_outputs/outputs/robust_mnist_rotation_random_support/robust_mnist_rotation_random_support__seed6104__20261003-135305__cc122e15,0.12204801458378269,attacked,6104,0.9642,0.8299560546875
0.34390889452905116,0.537445068359375,0.534881591796875,0.9472351753924035,0.8620689655172413,9000.0,81c25f096c38beb1e248022b1496ffb700a3bb8f4ec41a0c2b295aba79e891d9,0.15645817759480754,robust_mnist_rotation_random_support,0.8868202897363517,ucpa,192,0.48470204886812446,8.295173980113135e-06,/mnt/data/ucpa_results_review/UCPA_Pilot_Study_outputs/outputs/robust_mnist_rotation_random_support/robust_mnist_rotation_random_support__seed6104__20261003-135305__cc122e15,0.14937720815506678,attacked,6104,0.9642,0.7201741536458334
0.3359182409490459,0.537445068359375,0.534881591796875,0.9472351753924035,0.8620689655172413,9000.0,81c25f096c38beb1e248022b1496ffb700a3bb8f4ec41a0c2b295aba79e891d9,0.15598480455737446,robust_mnist_rotation_random_support,0.887361088449931,ucpa_coord_only,192,0.4693979401785851,0.013818455724206393,/mnt/data/ucpa_results_review/UCPA_Pilot_Study_outputs/outputs/robust_mnist_rotation_random_support/robust_mnist_rotation_random_support__seed6104__20261003-135305__cc122e15,0.1483785952047428,attacked,6104,0.9642,0.719970703125
0.34366883500435563,0.537445068359375,0.534881591796875,0.9472351753924035,0.8620689655172413,9000.0,81c25f096c38beb1e248022b1496ffb700a3bb8f4ec41a0c2b295aba79e891d9,0.15642056952662342,robust_mnist_rotation_random_support,0.8868741481441248,ucpa_whole_only,192,0.48445105944981953,5.258690338727487e-05,/mnt/data/ucpa_results_review/UCPA_Pilot_Study_outputs/outputs/robust_mnist_rotation_random_support/robust_mnist_rotation_random_support__seed6104__20261003-135305__cc122e15,0.1493432456267718,attacked,6104,0.9642,0.7202555338541667
0.29878566159319603,0.537445068359375,0.534881591796875,0.9472351753924035,0.8620689655172413,3880.0,81c25f096c38beb1e248022b1496ffb700a3bb8f4ec41a0c2b295aba79e891d9,0.15464157456711594,robust_mnist_rotation_random_support,0.8890826657436264,xfedalign_median,192,0.3359693076149714,0.234864581245478,/mnt/data/ucpa_results_review/UCPA_Pilot_Study_outputs/outputs/robust_mnist_rotation_random_support/robust_mnist_rotation_random_support__seed6104__20261003-135305__cc122e15,0.14130093089276702,attacked,6104,0.9642,0.7725830078125
0.2473971773830414,0.538848876953125,0.55340576171875,0.9384811335066237,0.8514851485148515,3880.0,81c25f096c38beb1e248022b1496ffb700a3bb8f4ec41a0c2b295aba79e891d9,0.16569806308762053,robust_mnist_rotation_random_support,0.8946524184769562,cluster,192,0.29090507213411265,0.07982716995565221,/mnt/data/ucpa_results_review/UCPA_Pilot_Study_outputs/outputs/robust_mnist_rotation_random_support/robust_mnist_rotation_random_support__seed6105__20261003-140650__5fa16aaf,0.13501364098292745,clean,6105,0.9451,0.7610677083333334
0.1932725765123497,0.538848876953125,0.55340576171875,0.9384811335066237,0.8514851485148515,3880.0,81c25f096c38beb1e248022b1496ffb700a3bb8f4ec41a0c2b295aba79e891d9,0.2244017995565931,robust_mnist_rotation_random_support,0.8602514076616595,fedattr_mean,192,0.0,1.943274198083193e-17,/mnt/data/ucpa_results_review/UCPA_Pilot_Study_outputs/outputs/robust_mnist_rotation_random_support/robust_mnist_rotation_random_support__seed6105__20261003-140650__5fa16aaf,0.2784510475915435,clean,6105,0.9451,0.5308024088541667
0.28531102506439754,0.538848876953125,0.55340576171875,0.9384811335066237,0.8514851485148515,0.0,81c25f096c38beb1e248022b1496ffb700a3bb8f4ec41a0c2b295aba79e891d9,0.16217822613980387,robust_mnist_rotation_random_support,0.8953470222089285,local,192,0.3740851387357933,0.23548747934133143,/mnt/data/ucpa_results_review/UCPA_Pilot_Study_outputs/outputs/robust_mnist_rotation_random_support/robust_mnist_rotation_random_support__seed6105__20261003-140650__5fa16aaf,0.11741545011293633,clean,6105,0.9451,0.8466796875
0.2852197764697461,0.538848876953125,0.55340576171875,0.9384811335066237,0.8514851485148515,9000.0,81c25f096c38beb1e248022b1496ffb700a3bb8f4ec41a0c2b295aba79e891d9,0.1653141046719005,robust_mnist_rotation_random_support,0.8937734550253178,ucpa,192,0.3738952919644051,1.9616176525939736e-05,/mnt/data/ucpa_results_review/UCPA_Pilot_Study_outputs/outputs/robust_mnist_rotation_random_support/robust_mnist_rotation_random_support__seed6105__20261003-140650__5fa16aaf,0.13785588552357897,clean,6105,0.9451,0.7486572265625
0.2734195071257169,0.538848876953125,0.55340576171875,0.9384811335066237,0.8514851485148515,9000.0,81c25f096c38beb1e248022b1496ffb700a3bb8f4ec41a0c2b295aba79e891d9,0.16517638566389603,robust_mnist_rotation_random_support,0.8942168808202646,ucpa_coord_only,192,0.3475556045527179,0.01946482316097826,/mnt/data/ucpa_results_review/UCPA_Pilot_Study_outputs/outputs/robust_mnist_rotation_random_support/robust_mnist_rotation_random_support__seed6105__20261003-140650__5fa16aaf,0.13675400333754162,clean,6105,0.9451,0.7440999348958333
0.2848188360906838,0.538848876953125,0.55340576171875,0.9384811335066237,0.8514851485148515,9000.0,81c25f096c38beb1e248022b1496ffb700a3bb8f4ec41a0c2b295aba79e891d9,0.1652966846129857,robust_mnist_rotation_random_support,0.8937543412592883,ucpa_whole_only,192,0.37327155451554317,0.0001146620792860652,/mnt/data/ucpa_results_review/UCPA_Pilot_Study_outputs/outputs/robust_mnist_rotation_random_support/robust_mnist_rotation_random_support__seed6105__20261003-140650__5fa16aaf,0.13777216871773829,clean,6105,0.9451,0.7473551432291666
0.2568090409872961,0.538848876953125,0.55340576171875,0.9384811335066237,0.8514851485148515,3880.0,81c25f096c38beb1e248022b1496ffb700a3bb8f4ec41a0c2b295aba79e891d9,0.16457156105558776,robust_mnist_rotation_random_support,0.8950241332592366,xfedalign_median,192,0.2505725803069279,0.1689621012380503,/mnt/data/ucpa_results_review/UCPA_Pilot_Study_outputs/outputs/robust_mnist_rotation_random_support/robust_mnist_rotation_random_support__seed6105__20261003-140650__5fa16aaf,0.1340702395043955,clean,6105,0.9451,0.7716471354166667
0.31767707643769083,0.538848876953125,0.55340576171875,0.9384811335066237,0.8514851485148515,3880.0,81c25f096c38beb1e248022b1496ffb700a3bb8f4ec41a0c2b295aba79e891d9,0.16536255857742316,robust_mnist_rotation_random_support,0.8937487105547917,cluster,192,0.39405115952540265,0.09121691987055437,/mnt/data/ucpa_results_review/UCPA_Pilot_Study_outputs/outputs/robust_mnist_rotation_random_support/robust_mnist_rotation_random_support__seed6105__20261003-140650__5fa16aaf,0.14338678892654153,attacked,6105,0.9451,0.736328125
0.240632360567053,0.538848876953125,0.55340576171875,0.9384811335066237,0.8514851485148515,3880.0,81c25f096c38beb1e248022b1496ffb700a3bb8f4ec41a0c2b295aba79e891d9,0.24295931254770647,robust_mnist_rotation_random_support,0.8365727868619918,fedattr_mean,192,0.0,1.3750655156978092e-17,/mnt/data/ucpa_results_review/UCPA_Pilot_Study_outputs/outputs/robust_mnist_rotation_random_support/robust_mnist_rotation_random_support__seed6105__20261003-140650__5fa16aaf,0.32375676789271723,attacked,6105,0.9451,0.49393717447916663
0.3589833632314603,0.538848876953125,0.55340576171875,0.9384811335066237,0.8514851485148515,0.0,81c25f096c38beb1e248022b1496ffb700a3bb8f4ec41a0c2b295aba79e891d9,0.16217822613980387,robust_mnist_rotation_random_support,0.8953470222089285,local,192,0.4864966568022965,0.31115882301892683,/mnt/data/ucpa_results_review/UCPA_Pilot_Study_outputs/outputs/robust_mnist_rotation_random_support/robust_mnist_rotation_random_support__seed6105__20261003-140650__5fa16aaf,0.11741545011293633,attacked,6105,0.9451,0.8466796875
0.3589415742485571,0.538848876953125,0.55340576171875,0.9384811335066237,0.8514851485148515,9000.0,81c25f096c38beb1e248022b1496ffb700a3bb8f4ec41a0c2b295aba79e891d9,0.16616862965820473,robust_mnist_rotation_random_support,0.8925032536848448,ucpa,192,0.4864219518539729,8.826849703034094e-06,/mnt/data/ucpa_results_review/UCPA_Pilot_Study_outputs/outputs/robust_mnist_rotation_random_support/robust_mnist_rotation_random_support__seed6105__20261003-140650__5fa16aaf,0.14418555797755145,attacked,6105,0.9451,0.724609375
0.3498638134050219,0.538848876953125,0.55340576171875,0.9384811335066237,0.8514851485148515,9000.0,81c25f096c38beb1e248022b1496ffb700a3bb8f4ec41a0c2b295aba79e891d9,0.16615413586284072,robust_mnist_rotation_random_support,0.8926910594581083,ucpa_coord_only,192,0.46980810116684635,0.014870239679516773,/mnt/data/ucpa_results_review/UCPA_Pilot_Study_outputs/outputs/robust_mnist_rotation_random_support/robust_mnist_rotation_random_support__seed6105__20261003-140650__5fa16aaf,0.14335479561412875,attacked,6105,0.9451,0.7215169270833333
0.35880428727395414,0.538848876953125,0.55340576171875,0.9384811335066237,0.8514851485148515,9000.0,81c25f096c38beb1e248022b1496ffb700a3bb8f4ec41a0c2b295aba79e891d9,0.16616195833557867,robust_mnist_rotation_random_support,0.8925028442288749,ucpa_whole_only,192,0.48624623272638856,3.39879465305813e-05,/mnt/data/ucpa_results_review/UCPA_Pilot_Study_outputs/outputs/robust_mnist_rotation_random_support/robust_mnist_rotation_random_support__seed6105__20261003-140650__5fa16aaf,0.14416117888344193,attacked,6105,0.9451,0.72412109375
0.31995288401806943,0.538848876953125,0.55340576171875,0.9384811335066237,0.8514851485148515,3880.0,81c25f096c38beb1e248022b1496ffb700a3bb8f4ec41a0c2b295aba79e891d9,0.16594596288050525,robust_mnist_rotation_random_support,0.8943860747933892,xfedalign_median,192,0.3424017851633752,0.24807977034293824,/mnt/data/ucpa_results_review/UCPA_Pilot_Study_outputs/outputs/robust_mnist_rotation_random_support/robust_mnist_rotation_random_support__seed6105__20261003-140650__5fa16aaf,0.13769747866948867,attacked,6105,0.9451,0.7815755208333333
0.17061664068654725,0.516754150390625,0.5357666015625,0.9593727460979786,0.9157509157509157,7720.0,18d4149450aad9f4ab167195a0f21bd1675a01979a1db269cecdd1a690506024,0.16646859166576178,sweep_mnist_topk_256,0.8965281144999607,cluster,192,0.21269389846237297,0.06331427373636034,/mnt/data/ucpa_results_review/UCPA_Pilot_Study_outputs/outputs/sweep_mnist_topk_256/sweep_mnist_topk_256__seed6101__20261003-173339__432f91bb,0.14365738431234554,clean,6101,0.9697,0.7447916666666667
0.1527230513480196,0.516754150390625,0.5357666015625,0.9593727460979786,0.9157509157509157,7720.0,18d4149450aad9f4ab167195a0f21bd1675a01979a1db269cecdd1a690506024,0.21365245955504644,sweep_mnist_topk_256,0.8654568733635339,fedattr_mean,192,0.0,1.729602078298122e-17,/mnt/data/ucpa_results_review/UCPA_Pilot_Study_outputs/outputs/sweep_mnist_topk_256/sweep_mnist_topk_256__seed6101__20261003-173339__432f91bb,0.27720782323958215,clean,6101,0.9697,0.65020751953125
0.1961061962034652,0.516754150390625,0.5357666015625,0.9593727460979786,0.9157509157509157,0.0,18d4149450aad9f4ab167195a0f21bd1675a01979a1db269cecdd1a690506024,0.16511989565715338,sweep_mnist_topk_256,0.896656165864897,local,192,0.28720849223900746,0.1760694995512907,/mnt/data/ucpa_results_review/UCPA_Pilot_Study_outputs/outputs/sweep_mnist_topk_256/sweep_mnist_topk_256__seed6101__20261003-173339__432f91bb,0.12840990620319037,clean,6101,0.9697,0.993408203125
0.1954890084531125,0.516754150390625,0.5357666015625,0.9593727460979786,0.9157509157509157,17960.0,18d4149450aad9f4ab167195a0f21bd1675a01979a1db269cecdd1a690506024,0.16694607544583656,sweep_mnist_topk_256,0.8949601924723841,ucpa,192,0.28621522642610564,0.0001255055073810447,/mnt/data/ucpa_results_review/UCPA_Pilot_Study_outputs/outputs/sweep_mnist_topk_256/sweep_mnist_topk_256__seed6101__20261003-173339__432f91bb,0.14532778345884736,clean,6101,0.9697,0.7497151692708333
0.179211058886873,0.516754150390625,0.5357666015625,0.9593727460979786,0.9157509157509157,17960.0,18d4149450aad9f4ab167195a0f21bd1675a01979a1db269cecdd1a690506024,0.16659833950222186,sweep_mnist_topk_256,0.8956196346617615,ucpa_coord_only,192,0.24435470642728352,0.025478067033177464,/mnt/data/ucpa_results_review/UCPA_Pilot_Study_outputs/outputs/sweep_mnist_topk_256/sweep_mnist_topk_256__seed6101__20261003-173339__432f91bb,0.14330103464578428,clean,6101,0.9697,0.7334391276041666
0.19370503327790664,0.516754150390625,0.5357666015625,0.9593727460979786,0.9157509157509157,17960.0,18d4149450aad9f4ab167195a0f21bd1675a01979a1db269cecdd1a690506024,0.16684560684625466,sweep_mnist_topk_256,0.8949999555659511,ucpa_whole_only,192,0.28316056766157616,0.0006980499301382173,/mnt/data/ucpa_results_review/UCPA_Pilot_Study_outputs/outputs/sweep_mnist_topk_256/sweep_mnist_topk_256__seed6101__20261003-173339__432f91bb,0.14494939549758895,clean,6101,0.9697,0.7471516927083334
0.16641849856464513,0.516754150390625,0.5357666015625,0.9593727460979786,0.9157509157509157,7720.0,18d4149450aad9f4ab167195a0f21bd1675a01979a1db269cecdd1a690506024,0.16647014396645923,sweep_mnist_topk_256,0.8967204621227514,xfedalign_median,192,0.18222323460162107,0.10792088119690432,/mnt/data/ucpa_results_review/UCPA_Pilot_Study_outputs/outputs/sweep_mnist_topk_256/sweep_mnist_topk_256__seed6101__20261003-173339__432f91bb,0.14015509543251525,clean,6101,0.9697,0.7851969401041667
0.19469813792492874,0.548126220703125,0.583343505859375,0.9384811335066237,0.8514851485148515,7720.0,18d4149450aad9f4ab167195a0f21bd1675a01979a1db269cecdd1a690506024,0.16392036472546656,sweep_mnist_topk_256,0.8961125498618154,cluster,192,0.21676943354419223,0.06335269815510568,/mnt/data/ucpa_results_review/UCPA_Pilot_Study_outputs/outputs/sweep_mnist_topk_256/sweep_mnist_topk_256__seed6105__20261003-182451__8d24cd22,0.1348428324732187,clean,6105,0.9451,0.7376302083333333
0.16958592063146627,0.548126220703125,0.583343505859375,0.9384811335066237,0.8514851485148515,7720.0,18d4149450aad9f4ab167195a0f21bd1675a01979a1db269cecdd1a690506024,0.21549267976976505,sweep_mnist_topk_256,0.8720164057056536,fedattr_mean,192,0.0,1.9768733420367687e-17,/mnt/data/ucpa_results_review/UCPA_Pilot_Study_outputs/outputs/sweep_mnist_topk_256/sweep_mnist_topk_256__seed6105__20261003-182451__8d24cd22,0.26979314847560426,clean,6105,0.9451,0.6648152669270833
0.21998140429319424,0.548126220703125,0.583343505859375,0.9384811335066237,0.8514851485148515,0.0,18d4149450aad9f4ab167195a0f21bd1675a01979a1db269cecdd1a690506024,0.16217822613980387,sweep_mnist_topk_256,0.8953470222089285,local,192,0.2881232229040258,0.1720701787199915,/mnt/data/ucpa_results_review/UCPA_Pilot_Study_outputs/outputs/sweep_mnist_topk_256/sweep_mnist_topk_256__seed6105__20261003-182451__8d24cd22,0.11741545011293633,clean,6105,0.9451,0.99053955078125
0.21943041738431757,0.548126220703125,0.583343505859375,0.9384811335066237,0.8514851485148515,17960.0,18d4149450aad9f4ab167195a0f21bd1675a01979a1db269cecdd1a690506024,0.1645167141512502,sweep_mnist_topk_256,0.8948973601887701,ucpa,192,0.28704719910665566,0.00012337384505027265,/mnt/data/ucpa_results_review/UCPA_Pilot_Study_outputs/outputs/sweep_mnist_topk_256/sweep_mnist_topk_256__seed6105__20261003-182451__8d24cd22,0.13608006925394145,clean,6105,0.9451,0.7461954752604167
0.20073919468304235,0.548126220703125,0.583343505859375,0.9384811335066237,0.8514851485148515,17960.0,18d4149450aad9f4ab167195a0f21bd1675a01979a1db269cecdd1a690506024,0.16431826359815507,sweep_mnist_topk_256,0.895512307988247,ucpa_coord_only,192,0.23786248623919667,0.03176690468791592,/mnt/data/ucpa_results_review/UCPA_Pilot_Study_outputs/outputs/sweep_mnist_topk_256/sweep_mnist_topk_256__seed6105__20261003-182451__8d24cd22,0.13358193356493053,clean,6105,0.9451,0.7315266927083333
0.21816609058164163,0.548126220703125,0.583343505859375,0.9384811335066237,0.8514851485148515,17960.0,18d4149450aad9f4ab167195a0f21bd1675a01979a1db269cecdd1a690506024,0.1643832143735684,sweep_mnist_topk_256,0.8950722757387362,ucpa_whole_only,192,0.2846573132907981,0.0005287133104614995,/mnt/data/ucpa_results_review/UCPA_Pilot_Study_outputs/outputs/sweep_mnist_topk_256/sweep_mnist_topk_256__seed6105__20261003-182451__8d24cd22,0.13573168123247753,clean,6105,0.9451,0.7448527018229167
0.1902851990074098,0.548126220703125,0.583343505859375,0.9384811335066237,0.8514851485148515,7720.0,18d4149450aad9f4ab167195a0f21bd1675a01979a1db269cecdd1a690506024,0.1641214170711464,sweep_mnist_topk_256,0.8971755347865837,xfedalign_median,192,0.18304524195540814,0.10788290435921495,/mnt/data/ucpa_results_review/UCPA_Pilot_Study_outputs/outputs/sweep_mnist_topk_256/sweep_mnist_topk_256__seed6105__20261003-182451__8d24cd22,0.1296565199676648,clean,6105,0.9451,0.8106892903645833
0.17166947962573284,0.537078857421875,0.569610595703125,0.9354182054806377,0.7440944881889764,7720.0,18d4149450aad9f4ab167195a0f21bd1675a01979a1db269cecdd1a690506024,0.15556213889455345,sweep_mnist_topk_256,0.8826275652276915,cluster,192,0.21541500078175269,0.06167562304465944,/mnt/data/ucpa_results_review/UCPA_Pilot_Study_outputs/outputs/sweep_mnist_topk_256/sweep_mnist_topk_256__seed6102__20261003-174633__631cbbb6,0.14061461681823934,clean,6102,0.966,0.7658284505208333
0.1440658734664158,0.537078857421875,0.569610595703125,0.9354182054806377,0.7440944881889764,7720.0,18d4149450aad9f4ab167195a0f21bd1675a01979a1db269cecdd1a690506024,0.20780448021754033,sweep_mnist_topk_256,0.8551863625932128,fedattr_mean,192,0.0,2.0874649095329548e-17,/mnt/data/ucpa_results_review/UCPA_Pilot_Study_outputs/outputs/sweep_mnist_topk_256/sweep_mnist_topk_256__seed6102__20261003-174633__631cbbb6,0.2730720960107941,clean,6102,0.966,0.6759236653645834
0.19913806622085545,0.537078857421875,0.569610595703125,0.9354182054806377,0.7440944881889764,0.0,18d4149450aad9f4ab167195a0f21bd1675a01979a1db269cecdd1a690506024,0.14963935930863953,sweep_mnist_topk_256,0.8822948344393808,local,192,0.2908602509513385,0.17275693316349003,/mnt/data/ucpa_results_review/UCPA_Pilot_Study_outputs/outputs/sweep_mnist_topk_256/sweep_mnist_topk_256__seed6102__20261003-174633__631cbbb6,0.125778683894644,clean,6102,0.966,0.9881998697916667
0.1985942960700527,0.537078857421875,0.569610595703125,0.9354182054806377,0.7440944881889764,17960.0,18d4149450aad9f4ab167195a0f21bd1675a01979a1db269cecdd1a690506024,0.15589460911190448,sweep_mnist_topk_256,0.880360630980916,ucpa,192,0.289969037158471,0.0001102377767418652,/mnt/data/ucpa_results_review/UCPA_Pilot_Study_outputs/outputs/sweep_mnist_topk_256/sweep_mnist_topk_256__seed6102__20261003-174633__631cbbb6,0.14423498896293002,clean,6102,0.966,0.7713826497395833
0.18222015531020216,0.537078857421875,0.569610595703125,0.9354182054806377,0.7440944881889764,17960.0,18d4149450aad9f4ab167195a0f21bd1675a01979a1db269cecdd1a690506024,0.15647215101998882,sweep_mnist_topk_256,0.8804860937828682,ucpa_coord_only,192,0.2490332255581285,0.02596788780620489,/mnt/data/ucpa_results_review/UCPA_Pilot_Study_outputs/outputs/sweep_mnist_topk_256/sweep_mnist_topk_256__seed6102__20261003-174633__631cbbb6,0.1418546035331465,clean,6102,0.966,0.7548624674479166
0.19713860492128465,0.537078857421875,0.569610595703125,0.9354182054806377,0.7440944881889764,17960.0,18d4149450aad9f4ab167195a0f21bd1675a01979a1db269cecdd1a690506024,0.15612169812872403,sweep_mnist_topk_256,0.8804066011582715,ucpa_whole_only,192,0.2875398285045288,0.0005130239404986776,/mnt/data/ucpa_results_review/UCPA_Pilot_Study_outputs/outputs/sweep_mnist_topk_256/sweep_mnist_topk_256__seed6102__20261003-174633__631cbbb6,0.14390719329716162,clean,6102,0.966,0.7688191731770833
0.16764293887221093,0.537078857421875,0.569610595703125,0.9354182054806377,0.7440944881889764,7720.0,18d4149450aad9f4ab167195a0f21bd1675a01979a1db269cecdd1a690506024,0.15476067683703149,sweep_mnist_topk_256,0.883613731553972,xfedalign_median,192,0.18229929352759633,0.10652202340543589,/mnt/data/ucpa_results_review/UCPA_Pilot_Study_outputs/outputs/sweep_mnist_topk_256/sweep_mnist_topk_256__seed6102__20261003-174633__631cbbb6,0.1371169304462846,clean,6102,0.966,0.7953084309895833
0.17911824937914575,0.529510498046875,0.5465087890625,0.9472351753924035,0.8620689655172413,7720.0,18d4149450aad9f4ab167195a0f21bd1675a01979a1db269cecdd1a690506024,0.15708088890678482,sweep_mnist_topk_256,0.8896194418245917,cluster,192,0.21157328572475007,0.06404344664618458,/mnt/data/ucpa_results_review/UCPA_Pilot_Study_outputs/outputs/sweep_mnist_topk_256/sweep_mnist_topk_256__seed6104__20261003-181200__bd08ffeb,0.1385895230522774,clean,6104,0.9642,0.7630411783854167
0.1550370804781004,0.529510498046875,0.5465087890625,0.9472351753924035,0.8620689655172413,7720.0,18d4149450aad9f4ab167195a0f21bd1675a01979a1db269cecdd1a690506024,0.20392650940569484,sweep_mnist_topk_256,0.8789039049930579,fedattr_mean,192,0.0,1.5434553456352314e-17,/mnt/data/ucpa_results_review/UCPA_Pilot_Study_outputs/outputs/sweep_mnist_topk_256/sweep_mnist_topk_256__seed6104__20261003-181200__bd08ffeb,0.2726275171055449,clean,6104,0.9642,0.6627604166666667
0.2044946245626162,0.529510498046875,0.5465087890625,0.9472351753924035,0.8620689655172413,0.0,18d4149450aad9f4ab167195a0f21bd1675a01979a1db269cecdd1a690506024,0.15311643829845706,sweep_mnist_topk_256,0.8907495343153036,local,192,0.29339025700592664,0.17369024147445244,/mnt/data/ucpa_results_review/UCPA_Pilot_Study_outputs/outputs/sweep_mnist_topk_256/sweep_mnist_topk_256__seed6104__20261003-181200__bd08ffeb,0.12204801458378269,clean,6104,0.9642,0.990478515625
0.2038238642482228,0.529510498046875,0.5465087890625,0.9472351753924035,0.8620689655172413,17960.0,18d4149450aad9f4ab167195a0f21bd1675a01979a1db269cecdd1a690506024,0.15655526598323682,sweep_mnist_topk_256,0.8880190283839814,ucpa,192,0.2922240155915713,0.00014599869870225842,/mnt/data/ucpa_results_review/UCPA_Pilot_Study_outputs/outputs/sweep_mnist_topk_256/sweep_mnist_topk_256__seed6104__20261003-181200__bd08ffeb,0.14135554377525866,clean,6104,0.9642,0.75079345703125
0.18607321383909126,0.529510498046875,0.5465087890625,0.9472351753924035,0.8620689655172413,17960.0,18d4149450aad9f4ab167195a0f21bd1675a01979a1db269cecdd1a690506024,0.15699886395038143,sweep_mnist_topk_256,0.8884020133310211,ucpa_coord_only,192,0.2408615496010889,0.03417557069463409,/mnt/data/ucpa_results_review/UCPA_Pilot_Study_outputs/outputs/sweep_mnist_topk_256/sweep_mnist_topk_256__seed6104__20261003-181200__bd08ffeb,0.1392639710198838,clean,6104,0.9642,0.7358194986979166
0.20217975598649252,0.529510498046875,0.5465087890625,0.9472351753924035,0.8620689655172413,17960.0,18d4149450aad9f4ab167195a0f21bd1675a01979a1db269cecdd1a690506024,0.156486258906322,sweep_mnist_topk_256,0.8880928073991528,ucpa_whole_only,192,0.2897190774212181,0.0006408007075853692,/mnt/data/ucpa_results_review/UCPA_Pilot_Study_outputs/outputs/sweep_mnist_topk_256/sweep_mnist_topk_256__seed6104__20261003-181200__bd08ffeb,0.14097350963755195,clean,6104,0.9642,0.7479451497395833
0.17393176332569396,0.529510498046875,0.5465087890625,0.9472351753924035,0.8620689655172413,7720.0,18d4149450aad9f4ab167195a0f21bd1675a01979a1db269cecdd1a690506024,0.15566659824932383,sweep_mnist_topk_256,0.8908006185847626,xfedalign_median,192,0.18481359671234,0.10738070740168669,/mnt/data/ucpa_results_review/UCPA_Pilot_Study_outputs/outputs/sweep_mnist_topk_256/sweep_mnist_topk_256__seed6104__20261003-181200__bd08ffeb,0.13450592051061155,clean,6104,0.9642,0.7960001627604166
0.16181244604835993,0.525146484375,0.576568603515625,0.9276615131297082,0.7076923076923077,7720.0,18d4149450aad9f4ab167195a0f21bd1675a01979a1db269cecdd1a690506024,0.16815406290552348,sweep_mnist_topk_256,0.8901663284138824,cluster,192,0.19424553391267926,0.05418205971889655,/mnt/data/ucpa_results_review/UCPA_Pilot_Study_outputs/outputs/sweep_mnist_topk_256/sweep_mnist_topk_256__seed6103__20261003-175857__4d3f801e,0.1422187994844955,clean,6103,0.9635,0.77978515625
0.13917590783827433,0.525146484375,0.576568603515625,0.9276615131297082,0.7076923076923077,7720.0,18d4149450aad9f4ab167195a0f21bd1675a01979a1db269cecdd1a690506024,0.2170544454345721,sweep_mnist_topk_256,0.8707047263833374,fedattr_mean,192,0.0,1.4212371789253808e-17,/mnt/data/ucpa_results_review/UCPA_Pilot_Study_outputs/outputs/sweep_mnist_topk_256/sweep_mnist_topk_256__seed6103__20261003-175857__4d3f801e,0.2850693419227229,clean,6103,0.9635,0.67913818359375
0.18915105048079647,0.525146484375,0.576568603515625,0.9276615131297082,0.7076923076923077,0.0,18d4149450aad9f4ab167195a0f21bd1675a01979a1db269cecdd1a690506024,0.1641173736267471,sweep_mnist_topk_256,0.8907147085104953,local,192,0.2634558074808838,0.16687606864753035,/mnt/data/ucpa_results_review/UCPA_Pilot_Study_outputs/outputs/sweep_mnist_topk_256/sweep_mnist_topk_256__seed6103__20261003-175857__4d3f801e,0.12698230772774136,clean,6103,0.9635,0.990478515625
0.18853043068961367,0.525146484375,0.576568603515625,0.9276615131297082,0.7076923076923077,17960.0,18d4149450aad9f4ab167195a0f21bd1675a01979a1db269cecdd1a690506024,0.16771296689476006,sweep_mnist_topk_256,0.8889555420264514,ucpa,192,0.2623825418795,0.00012053736445083235,/mnt/data/ucpa_results_review/UCPA_Pilot_Study_outputs/outputs/sweep_mnist_topk_256/sweep_mnist_topk_256__seed6103__20261003-175857__4d3f801e,0.14372530428649294,clean,6103,0.9635,0.7761433919270833
0.17320979246134371,0.525146484375,0.576568603515625,0.9276615131297082,0.7076923076923077,17960.0,18d4149450aad9f4ab167195a0f21bd1675a01979a1db269cecdd1a690506024,0.16767534433978049,sweep_mnist_topk_256,0.8896712262513271,ucpa_coord_only,192,0.22597152654644526,0.021128718239119236,/mnt/data/ucpa_results_review/UCPA_Pilot_Study_outputs/outputs/sweep_mnist_topk_256/sweep_mnist_topk_256__seed6103__20261003-175857__4d3f801e,0.1413955863911904,clean,6103,0.9635,0.7601725260416667
0.1865527272888973,0.525146484375,0.576568603515625,0.9276615131297082,0.7076923076923077,17960.0,18d4149450aad9f4ab167195a0f21bd1675a01979a1db269cecdd1a690506024,0.16734796708018015,sweep_mnist_topk_256,0.8889022816281795,ucpa_whole_only,192,0.25892924390249655,0.0007055370103071225,/mnt/data/ucpa_results_review/UCPA_Pilot_Study_outputs/outputs/sweep_mnist_topk_256/sweep_mnist_topk_256__seed6103__20261003-175857__4d3f801e,0.14332000114630356,clean,6103,0.9635,0.77301025390625
0.15942736836542698,0.525146484375,0.576568603515625,0.9276615131297082,0.7076923076923077,7720.0,18d4149450aad9f4ab167195a0f21bd1675a01979a1db269cecdd1a690506024,0.16585920903222967,sweep_mnist_topk_256,0.8905235881673434,xfedalign_median,192,0.1648858396087811,0.10922402408145132,/mnt/data/ucpa_results_review/UCPA_Pilot_Study_outputs/outputs/sweep_mnist_topk_256/sweep_mnist_topk_256__seed6103__20261003-175857__4d3f801e,0.14071857429519868,clean,6103,0.9635,0.8110148111979166
0.46676223872058004,0.714630126953125,0.57196044921875,0.6171985098210007,0.40594059405940597,7720.0,9cd8438161201dc47e0398d9540a07eef8038a9f8072ad00669e102b8e90161e,0.1235788777581604,stress_cifar10_rotation_task_ig,0.2574156758072599,cluster,192,0.4137338099894171,0.12528038365127311,/mnt/data/ucpa_results_review/UCPA_Pilot_Study_outputs/outputs/stress_cifar10_rotation_task_ig/stress_cifar10_rotation_task_ig__seed6101__20261003-105114__6a9720a7,0.02686275223939058,clean,6101,0.5621,0.6858927408854167
0.3421480243365911,0.714630126953125,0.57196044921875,0.6171985098210007,0.40594059405940597,7720.0,9cd8438161201dc47e0398d9540a07eef8038a9f8072ad00669e102b8e90161e,0.14959373386944133,stress_cifar10_rotation_task_ig,0.23552520941036997,fedattr_mean,192,0.0,1.540124577608112e-17,/mnt/data/ucpa_results_review/UCPA_Pilot_Study_outputs/outputs/stress_cifar10_rotation_task_ig/stress_cifar10_rotation_task_ig__seed6101__20261003-105114__6a9720a7,0.3873732783466326,clean,6101,0.5621,0.22688802083333331
0.5381805804710917,0.714630126953125,0.57196044921875,0.6171985098210007,0.40594059405940597,0.0,9cd8438161201dc47e0398d9540a07eef8038a9f8072ad00669e102b8e90161e,0.1263631517127905,stress_cifar10_rotation_task_ig,0.24259898876103464,local,192,0.5406964873523163,0.34594356584743813,/mnt/data/ucpa_results_review/UCPA_Pilot_Study_outputs/outputs/stress_cifar10_rotation_task_ig/stress_cifar10_rotation_task_ig__seed6101__20261003-105114__6a9720a7,0.0,clean,6101,0.5621,1.0
0.538179943630342,0.714630126953125,0.57196044921875,0.6171985098210007,0.40594059405940597,17960.0,9cd8438161201dc47e0398d9540a07eef8038a9f8072ad00669e102b8e90161e,0.12437466767207042,stress_cifar10_rotation_task_ig,0.24793462615179845,ucpa,192,0.5406957193618304,8.544349067165995e-08,/mnt/data/ucpa_results_review/UCPA_Pilot_Study_outputs/outputs/stress_cifar10_rotation_task_ig/stress_cifar10_rotation_task_ig__seed6101__20261003-105114__6a9720a7,0.03863417372294141,clean,6101,0.5621,0.650146484375
0.5356974721648133,0.714630126953125,0.57196044921875,0.6171985098210007,0.40594059405940597,17960.0,9cd8438161201dc47e0398d9540a07eef8038a9f8072ad00669e102b8e90161e,0.1244373369318519,stress_cifar10_rotation_task_ig,0.24824503027109537,ucpa_coord_only,192,0.5361535696928451,0.003466227096133872,/mnt/data/ucpa_results_review/UCPA_Pilot_Study_outputs/outputs/stress_cifar10_rotation_task_ig/stress_cifar10_rotation_task_ig__seed6101__20261003-105114__6a9720a7,0.03823858777784435,clean,6101,0.5621,0.64776611328125
0.5381558676957503,0.714630126953125,0.57196044921875,0.6171985098210007,0.40594059405940597,17960.0,9cd8438161201dc47e0398d9540a07eef8038a9f8072ad00669e102b8e90161e,0.1243852240612668,stress_cifar10_rotation_task_ig,0.24793877199171943,ucpa_whole_only,192,0.5406662764414671,3.755958249974745e-06,/mnt/data/ucpa_results_review/UCPA_Pilot_Study_outputs/outputs/stress_cifar10_rotation_task_ig/stress_cifar10_rotation_task_ig__seed6101__20261003-105114__6a9720a7,0.038632290048594885,clean,6101,0.5621,0.650146484375
0.5161695879694238,0.714630126953125,0.57196044921875,0.6171985098210007,0.40594059405940597,7720.0,9cd8438161201dc47e0398d9540a07eef8038a9f8072ad00669e102b8e90161e,0.1263243159745779,stress_cifar10_rotation_task_ig,0.24510634687689126,xfedalign_median,192,0.38866217082392907,0.28362094242262453,/mnt/data/ucpa_results_review/UCPA_Pilot_Study_outputs/outputs/stress_cifar10_rotation_task_ig/stress_cifar10_rotation_task_ig__seed6101__20261003-105114__6a9720a7,0.046530903441771375,clean,6101,0.5621,0.7943522135416666
0.4704928404848721,0.648590087890625,0.5303955078125,0.5590382424017436,0.46488294314381273,7720.0,9cd8438161201dc47e0398d9540a07eef8038a9f8072ad00669e102b8e90161e,0.15471920462106048,stress_cifar10_rotation_task_ig,0.25853629396712374,cluster,192,0.40754264107649585,0.12015354728113467,/mnt/data/ucpa_results_review/UCPA_Pilot_Study_outputs/outputs/stress_cifar10_rotation_task_ig/stress_cifar10_rotation_task_ig__seed6105__20261003-114941__5a7cb642,0.026682218820722255,clean,6105,0.4905,0.6709391276041666
0.352514161459785,0.648590087890625,0.5303955078125,0.5590382424017436,0.46488294314381273,7720.0,9cd8438161201dc47e0398d9540a07eef8038a9f8072ad00669e102b8e90161e,0.14447174104774,stress_cifar10_rotation_task_ig,0.19745559900432758,fedattr_mean,192,0.0,1.7004144962195673e-17,/mnt/data/ucpa_results_review/UCPA_Pilot_Study_outputs/outputs/stress_cifar10_rotation_task_ig/stress_cifar10_rotation_task_ig__seed6105__20261003-114941__5a7cb642,0.3904046139157213,clean,6105,0.4905,0.26214599609375
0.5370973889926209,0.648590087890625,0.5303955078125,0.5590382424017436,0.46488294314381273,0.0,9cd8438161201dc47e0398d9540a07eef8038a9f8072ad00669e102b8e90161e,0.15432134469438158,stress_cifar10_rotation_task_ig,0.24865914812000936,local,192,0.5331156600662657,0.33669924470444973,/mnt/data/ucpa_results_review/UCPA_Pilot_Study_outputs/outputs/stress_cifar10_rotation_task_ig/stress_cifar10_rotation_task_ig__seed6105__20261003-114941__5a7cb642,0.0,clean,6105,0.4905,1.0
0.5370967569579828,0.648590087890625,0.5303955078125,0.5590382424017436,0.46488294314381273,17960.0,9cd8438161201dc47e0398d9540a07eef8038a9f8072ad00669e102b8e90161e,0.15563305683589027,stress_cifar10_rotation_task_ig,0.25359710629748705,ucpa,192,0.5331149235341719,8.217591669165871e-08,/mnt/data/ucpa_results_review/UCPA_Pilot_Study_outputs/outputs/stress_cifar10_rotation_task_ig/stress_cifar10_rotation_task_ig__seed6105__20261003-114941__5a7cb642,0.03749839811915885,clean,6105,0.4905,0.6611124674479166
0.5346315512272807,0.648590087890625,0.5303955078125,0.5590382424017436,0.46488294314381273,17960.0,9cd8438161201dc47e0398d9540a07eef8038a9f8072ad00669e102b8e90161e,0.15570584702079143,stress_cifar10_rotation_task_ig,0.25379207492443734,ucpa_coord_only,192,0.5284204067523894,0.003972758039893705,/mnt/data/ucpa_results_review/UCPA_Pilot_Study_outputs/outputs/stress_cifar10_rotation_task_ig/stress_cifar10_rotation_task_ig__seed6105__20261003-114941__5a7cb642,0.037301731708262856,clean,6105,0.4905,0.6593017578125
0.5370608091804038,0.648590087890625,0.5303955078125,0.5590382424017436,0.46488294314381273,17960.0,9cd8438161201dc47e0398d9540a07eef8038a9f8072ad00669e102b8e90161e,0.15562685977806068,stress_cifar10_rotation_task_ig,0.25359713536930334,ucpa_whole_only,192,0.5330689517859161,5.797003488889676e-06,/mnt/data/ucpa_results_review/UCPA_Pilot_Study_outputs/outputs/stress_cifar10_rotation_task_ig/stress_cifar10_rotation_task_ig__seed6105__20261003-114941__5a7cb642,0.03749473853415637,clean,6105,0.4905,0.6611124674479166
0.5124475756849534,0.648590087890625,0.5303955078125,0.5590382424017436,0.46488294314381273,7720.0,9cd8438161201dc47e0398d9540a07eef8038a9f8072ad00669e102b8e90161e,0.15246114279757905,stress_cifar10_rotation_task_ig,0.25365472348776164,xfedalign_median,192,0.3788701670151913,0.2701713125919145,/mnt/data/ucpa_results_review/UCPA_Pilot_Study_outputs/outputs/stress_cifar10_rotation_task_ig/stress_cifar10_rotation_task_ig__seed6105__20261003-114941__5a7cb642,0.04271485026655889,clean,6105,0.4905,0.7709757486979166
0.48955072091536456,0.6832275390625,0.5674220493861607,0.48934331817149235,0.12745098039215685,7720.0,9cd8438161201dc47e0398d9540a07eef8038a9f8072ad00669e102b8e90161e,0.18440850514271873,stress_cifar10_rotation_task_ig,0.27906954978247234,cluster,175,0.45179448658967125,0.11186377920373175,/mnt/data/ucpa_results_review/UCPA_Pilot_Study_outputs/outputs/stress_cifar10_rotation_task_ig/stress_cifar10_rotation_task_ig__seed6104__20261003-113514__982da9a0,0.028549519011372565,clean,6104,0.4532,0.6346871512276786
0.36545112690923226,0.6832275390625,0.5674220493861607,0.48934331817149235,0.12745098039215685,7720.0,9cd8438161201dc47e0398d9540a07eef8038a9f8072ad00669e102b8e90161e,0.17575449160614792,stress_cifar10_rotation_task_ig,0.27496851232717745,fedattr_mean,175,0.0,1.3139497869221548e-17,/mnt/data/ucpa_results_review/UCPA_Pilot_Study_outputs/outputs/stress_cifar10_rotation_task_ig/stress_cifar10_rotation_task_ig__seed6104__20261003-113514__982da9a0,0.3969443946699027,clean,6104,0.4532,0.2412894112723214
0.5417701170166735,0.6832275390625,0.5674220493861607,0.48934331817149235,0.12745098039215685,0.0,9cd8438161201dc47e0398d9540a07eef8038a9f8072ad00669e102b8e90161e,0.18436538843964498,stress_cifar10_rotation_task_ig,0.2741847229398099,local,175,0.5467207190438514,0.3517910151225307,/mnt/data/ucpa_results_review/UCPA_Pilot_Study_outputs/outputs/stress_cifar10_rotation_task_ig/stress_cifar10_rotation_task_ig__seed6104__20261003-113514__982da9a0,0.0,clean,6104,0.4532,1.0
0.5417693729121991,0.6832275390625,0.5674220493861607,0.48934331817149235,0.12745098039215685,17960.0,9cd8438161201dc47e0398d9540a07eef8038a9f8072ad00669e102b8e90161e,0.1831043447409229,stress_cifar10_rotation_task_ig,0.2768311233683237,ucpa,175,0.5467197732301605,1.0028809619409901e-07,/mnt/data/ucpa_results_review/UCPA_Pilot_Study_outputs/outputs/stress_cifar10_rotation_task_ig/stress_cifar10_rotation_task_ig__seed6104__20261003-113514__982da9a0,0.03760942690592928,clean,6104,0.4532,0.6450137183779763
0.538169346879249,0.6832275390625,0.5674220493861607,0.48934331817149235,0.12745098039215685,17960.0,9cd8438161201dc47e0398d9540a07eef8038a9f8072ad00669e102b8e90161e,0.18370768855035013,stress_cifar10_rotation_task_ig,0.27726963337284444,ucpa_coord_only,175,0.5393531624732455,0.006183674197963486,/mnt/data/ucpa_results_review/UCPA_Pilot_Study_outputs/outputs/stress_cifar10_rotation_task_ig/stress_cifar10_rotation_task_ig__seed6104__20261003-113514__982da9a0,0.03698827162589375,clean,6104,0.4532,0.6396164667038691
0.541746060007791,0.6832275390625,0.5674220493861607,0.48934331817149235,0.12745098039215685,17960.0,9cd8438161201dc47e0398d9540a07eef8038a9f8072ad00669e102b8e90161e,0.18309582004956915,stress_cifar10_rotation_task_ig,0.2768496406978686,ucpa_whole_only,175,0.546687790539749,3.6897517107032827e-06,/mnt/data/ucpa_results_review/UCPA_Pilot_Study_outputs/outputs/stress_cifar10_rotation_task_ig/stress_cifar10_rotation_task_ig__seed6104__20261003-113514__982da9a0,0.037607263597014655,clean,6104,0.4532,0.6450137183779763
0.5228147550695299,0.6832275390625,0.5674220493861607,0.48934331817149235,0.12745098039215685,7720.0,9cd8438161201dc47e0398d9540a07eef8038a9f8072ad00669e102b8e90161e,0.18460971408048862,stress_cifar10_rotation_task_ig,0.277654559456845,xfedalign_median,175,0.4001968927317138,0.3086929728174824,/mnt/data/ucpa_results_review/UCPA_Pilot_Study_outputs/outputs/stress_cifar10_rotation_task_ig/stress_cifar10_rotation_task_ig__seed6104__20261003-113514__982da9a0,0.04551716558745932,clean,6104,0.4532,0.7921723865327381
0.4661448307892373,0.64044189453125,0.55267333984375,0.61950481049669,0.4556701030927835,7720.0,9cd8438161201dc47e0398d9540a07eef8038a9f8072ad00669e102b8e90161e,0.1277379239442401,stress_cifar10_rotation_task_ig,0.2130464854318376,cluster,192,0.39555938268137736,0.11737008448433592,/mnt/data/ucpa_results_review/UCPA_Pilot_Study_outputs/outputs/stress_cifar10_rotation_task_ig/stress_cifar10_rotation_task_ig__seed6103__20261003-112043__e3254c3a,0.02653187903955928,clean,6103,0.4931,0.68408203125
0.3483636895312342,0.64044189453125,0.55267333984375,0.61950481049669,0.4556701030927835,7720.0,9cd8438161201dc47e0398d9540a07eef8038a9f8072ad00669e102b8e90161e,0.13445104483592635,stress_cifar10_rotation_task_ig,0.1836378360152724,fedattr_mean,192,0.0,1.4972747299771326e-17,/mnt/data/ucpa_results_review/UCPA_Pilot_Study_outputs/outputs/stress_cifar10_rotation_task_ig/stress_cifar10_rotation_task_ig__seed6103__20261003-112043__e3254c3a,0.388134729888452,clean,6103,0.4931,0.26155598958333337
0.5324858713771049,0.64044189453125,0.55267333984375,0.61950481049669,0.4556701030927835,0.0,9cd8438161201dc47e0398d9540a07eef8038a9f8072ad00669e102b8e90161e,0.1289692860436238,stress_cifar10_rotation_task_ig,0.20737755684611675,local,192,0.5177217628286926,0.3289806101447694,/mnt/data/ucpa_results_review/UCPA_Pilot_Study_outputs/outputs/stress_cifar10_rotation_task_ig/stress_cifar10_rotation_task_ig__seed6103__20261003-112043__e3254c3a,0.0,clean,6103,0.4931,1.0
0.5324855062788294,0.64044189453125,0.55267333984375,0.61950481049669,0.4556701030927835,17960.0,9cd8438161201dc47e0398d9540a07eef8038a9f8072ad00669e102b8e90161e,0.1281936933872847,stress_cifar10_rotation_task_ig,0.21024913401355527,ucpa,192,0.5177213626271903,4.328444701083556e-08,/mnt/data/ucpa_results_review/UCPA_Pilot_Study_outputs/outputs/stress_cifar10_rotation_task_ig/stress_cifar10_rotation_task_ig__seed6103__20261003-112043__e3254c3a,0.03681509106294491,clean,6103,0.4931,0.6669921875
0.5306589900829014,0.64044189453125,0.55267333984375,0.61950481049669,0.4556701030927835,17960.0,9cd8438161201dc47e0398d9540a07eef8038a9f8072ad00669e102b8e90161e,0.12811190001726422,stress_cifar10_rotation_task_ig,0.21041790984247513,ucpa_coord_only,192,0.5146965636825889,0.0032946211988696475,/mnt/data/ucpa_results_review/UCPA_Pilot_Study_outputs/outputs/stress_cifar10_rotation_task_ig/stress_cifar10_rotation_task_ig__seed6103__20261003-112043__e3254c3a,0.036552859133080956,clean,6103,0.4931,0.66510009765625
0.5324342336596644,0.64044189453125,0.55267333984375,0.61950481049669,0.4556701030927835,17960.0,9cd8438161201dc47e0398d9540a07eef8038a9f8072ad00669e102b8e90161e,0.12819212157622817,stress_cifar10_rotation_task_ig,0.21024779759752332,ucpa_whole_only,192,0.5176517066201761,8.322961414282327e-06,/mnt/data/ucpa_results_review/UCPA_Pilot_Study_outputs/outputs/stress_cifar10_rotation_task_ig/stress_cifar10_rotation_task_ig__seed6103__20261003-112043__e3254c3a,0.03680954576595165,clean,6103,0.4931,0.6669921875
0.5084287701649195,0.64044189453125,0.55267333984375,0.61950481049669,0.4556701030927835,7720.0,9cd8438161201dc47e0398d9540a07eef8038a9f8072ad00669e102b8e90161e,0.1290800177523977,stress_cifar10_rotation_task_ig,0.21014355508685345,xfedalign_median,192,0.3677791329927078,0.26578539461938766,/mnt/data/ucpa_results_review/UCPA_Pilot_Study_outputs/outputs/stress_cifar10_rotation_task_ig/stress_cifar10_rotation_task_ig__seed6103__20261003-112043__e3254c3a,0.041904848843214285,clean,6103,0.4931,0.76776123046875
0.4858089253754825,0.688568115234375,0.546630859375,0.6540970582305476,0.5228758169934641,7720.0,9cd8438161201dc47e0398d9540a07eef8038a9f8072ad00669e102b8e90161e,0.15528959649064739,stress_cifar10_rotation_task_ig,0.2816307057852204,cluster,192,0.44326057033382316,0.11707298364623685,/mnt/data/ucpa_results_review/UCPA_Pilot_Study_outputs/outputs/stress_cifar10_rotation_task_ig/stress_cifar10_rotation_task_ig__seed6102__20261003-110553__381f76fb,0.02924241690047242,clean,6102,0.6014,0.64361572265625
0.35679821318918165,0.688568115234375,0.546630859375,0.6540970582305476,0.5228758169934641,7720.0,9cd8438161201dc47e0398d9540a07eef8038a9f8072ad00669e102b8e90161e,0.16368002940511134,stress_cifar10_rotation_task_ig,0.2259576205463342,fedattr_mean,192,0.0,1.9577416401683154e-17,/mnt/data/ucpa_results_review/UCPA_Pilot_Study_outputs/outputs/stress_cifar10_rotation_task_ig/stress_cifar10_rotation_task_ig__seed6102__20261003-110553__381f76fb,0.39458970051606734,clean,6102,0.6014,0.22908528645833331
0.5454503185719713,0.688568115234375,0.546630859375,0.6540970582305476,0.5228758169934641,0.0,9cd8438161201dc47e0398d9540a07eef8038a9f8072ad00669e102b8e90161e,0.16039637227516296,stress_cifar10_rotation_task_ig,0.26614041596165094,local,192,0.5492927592594976,0.35464324885538523,/mnt/data/ucpa_results_review/UCPA_Pilot_Study_outputs/outputs/stress_cifar10_rotation_task_ig/stress_cifar10_rotation_task_ig__seed6102__20261003-110553__381f76fb,0.0,clean,6102,0.6014,1.0
0.5454498075819121,0.688568115234375,0.546630859375,0.6540970582305476,0.5228758169934641,17960.0,9cd8438161201dc47e0398d9540a07eef8038a9f8072ad00669e102b8e90161e,0.15786754419061094,stress_cifar10_rotation_task_ig,0.27254566513977063,ucpa,192,0.5492921545575294,6.089013468327739e-08,/mnt/data/ucpa_results_review/UCPA_Pilot_Study_outputs/outputs/stress_cifar10_rotation_task_ig/stress_cifar10_rotation_task_ig__seed6102__20261003-110553__381f76fb,0.03856884979547821,clean,6102,0.6014,0.6537679036458333
0.5425538155351708,0.688568115234375,0.546630859375,0.6540970582305476,0.5228758169934641,17960.0,9cd8438161201dc47e0398d9540a07eef8038a9f8072ad00669e102b8e90161e,0.15770156532314605,stress_cifar10_rotation_task_ig,0.27241801202621263,ucpa_coord_only,192,0.5433962670463383,0.0050600302721725,/mnt/data/ucpa_results_review/UCPA_Pilot_Study_outputs/outputs/stress_cifar10_rotation_task_ig/stress_cifar10_rotation_task_ig__seed6102__20261003-110553__381f76fb,0.03809343628696915,clean,6102,0.6014,0.6493733723958333
0.545426089751019,0.688568115234375,0.546630859375,0.6540970582305476,0.5228758169934641,17960.0,9cd8438161201dc47e0398d9540a07eef8038a9f8072ad00669e102b8e90161e,0.157868268283211,stress_cifar10_rotation_task_ig,0.2725595986106375,ucpa_whole_only,192,0.5492615179327627,3.7147075826346915e-06,/mnt/data/ucpa_results_review/UCPA_Pilot_Study_outputs/outputs/stress_cifar10_rotation_task_ig/stress_cifar10_rotation_task_ig__seed6102__20261003-110553__381f76fb,0.03856621520935759,clean,6102,0.6014,0.6537882486979166
0.5277025103413931,0.688568115234375,0.546630859375,0.6540970582305476,0.5228758169934641,7720.0,9cd8438161201dc47e0398d9540a07eef8038a9f8072ad00669e102b8e90161e,0.15577033067650645,stress_cifar10_rotation_task_ig,0.27195734700821694,xfedalign_median,192,0.40073032909983825,0.2977498617508537,/mnt/data/ucpa_results_review/UCPA_Pilot_Study_outputs/outputs/stress_cifar10_rotation_task_ig/stress_cifar10_rotation_task_ig__seed6102__20261003-110553__381f76fb,0.04814804899349892,clean,6102,0.6014,0.82135009765625
0.2613126560307397,0.536834716796875,0.53076171875,0.9354182054806377,0.7440944881889764,3880.0,c3309447af5d4937159b638d63532f220712eaccdcae45a5a6ff6f548ab491a4,0.15475963043888138,sweep_mnist_dp_0p2,0.8826808102741779,cluster,192,0.33577326540148045,0.09486663594139044,/mnt/data/ucpa_results_review/UCPA_Pilot_Study_outputs/outputs/sweep_mnist_dp_0p2/sweep_mnist_dp_0p2__seed6102__20261003-220330__67d4cd67,0.14221352664194856,clean,6102,0.966,0.7567545572916667
0.18010691253734729,0.536834716796875,0.53076171875,0.9354182054806377,0.7440944881889764,3880.0,c3309447af5d4937159b638d63532f220712eaccdcae45a5a6ff6f548ab491a4,0.2102692239838992,sweep_mnist_dp_0p2,0.8392166343573384,fedattr_mean,192,0.0,1.314627520488422e-17,/mnt/data/ucpa_results_review/UCPA_Pilot_Study_outputs/outputs/sweep_mnist_dp_0p2/sweep_mnist_dp_0p2__seed6102__20261003-220330__67d4cd67,0.29239449666206396,clean,6102,0.966,0.5095621744791666
0.31322333311281764,0.536834716796875,0.53076171875,0.9354182054806377,0.7440944881889764,0.0,c3309447af5d4937159b638d63532f220712eaccdcae45a5a6ff6f548ab491a4,0.14963935930863953,sweep_mnist_dp_0p2,0.8822948344393808,local,192,0.43801583738868266,0.2750698063761032,/mnt/data/ucpa_results_review/UCPA_Pilot_Study_outputs/outputs/sweep_mnist_dp_0p2/sweep_mnist_dp_0p2__seed6102__20261003-220330__67d4cd67,0.125778683894644,clean,6102,0.966,0.8221435546875
0.31318771838451276,0.536834716796875,0.53076171875,0.9354182054806377,0.7440944881889764,9000.0,c3309447af5d4937159b638d63532f220712eaccdcae45a5a6ff6f548ab491a4,0.15385693950568868,sweep_mnist_dp_0p2,0.8806067716812929,ucpa,192,0.4379605418892925,8.28983432694834e-06,/mnt/data/ucpa_results_review/UCPA_Pilot_Study_outputs/outputs/sweep_mnist_dp_0p2/sweep_mnist_dp_0p2__seed6102__20261003-220330__67d4cd67,0.14696772093354243,clean,6102,0.966,0.7343343098958333
0.2986182008104063,0.536834716796875,0.53076171875,0.9354182054806377,0.7440944881889764,9000.0,c3309447af5d4937159b638d63532f220712eaccdcae45a5a6ff6f548ab491a4,0.15367607788357418,sweep_mnist_dp_0p2,0.8803414666270934,ucpa_coord_only,192,0.4122215976549967,0.01904940057551411,/mnt/data/ucpa_results_review/UCPA_Pilot_Study_outputs/outputs/sweep_mnist_dp_0p2/sweep_mnist_dp_0p2__seed6102__20261003-220330__67d4cd67,0.14611767440315537,clean,6102,0.966,0.732421875
0.31295341890363215,0.536834716796875,0.53076171875,0.9354182054806377,0.7440944881889764,9000.0,c3309447af5d4937159b638d63532f220712eaccdcae45a5a6ff6f548ab491a4,0.1538277278239548,sweep_mnist_dp_0p2,0.8805936397341914,ucpa_whole_only,192,0.4376931022970614,4.8117839410948065e-05,/mnt/data/ucpa_results_review/UCPA_Pilot_Study_outputs/outputs/sweep_mnist_dp_0p2/sweep_mnist_dp_0p2__seed6102__20261003-220330__67d4cd67,0.14694970975232552,clean,6102,0.966,0.7342122395833334
0.28073862499073293,0.536834716796875,0.53076171875,0.9354182054806377,0.7440944881889764,3880.0,c3309447af5d4937159b638d63532f220712eaccdcae45a5a6ff6f548ab491a4,0.15394530055394473,sweep_mnist_dp_0p2,0.8817053636218285,xfedalign_median,192,0.3004752034484518,0.21176479390701877,/mnt/data/ucpa_results_review/UCPA_Pilot_Study_outputs/outputs/sweep_mnist_dp_0p2/sweep_mnist_dp_0p2__seed6102__20261003-220330__67d4cd67,0.14490719185312284,clean,6102,0.966,0.7650146484375
0.2758037964919827,0.540313720703125,0.54681396484375,0.9384811335066237,0.8514851485148515,3880.0,c3309447af5d4937159b638d63532f220712eaccdcae45a5a6ff6f548ab491a4,0.16481316970069504,sweep_mnist_dp_0p2,0.8940309323060016,cluster,192,0.32969715841532254,0.09048191498701125,/mnt/data/ucpa_results_review/UCPA_Pilot_Study_outputs/outputs/sweep_mnist_dp_0p2/sweep_mnist_dp_0p2__seed6105__20261003-224149__b9431679,0.13609104992183685,clean,6105,0.9451,0.7548421223958333
0.2048095321730221,0.540313720703125,0.54681396484375,0.9384811335066237,0.8514851485148515,3880.0,c3309447af5d4937159b638d63532f220712eaccdcae45a5a6ff6f548ab491a4,0.22955518579280276,sweep_mnist_dp_0p2,0.8476588585428544,fedattr_mean,192,0.0,1.9031730465119506e-17,/mnt/data/ucpa_results_review/UCPA_Pilot_Study_outputs/outputs/sweep_mnist_dp_0p2/sweep_mnist_dp_0p2__seed6105__20261003-224149__b9431679,0.28915865205392177,clean,6105,0.9451,0.515380859375
0.31882771371032315,0.540313720703125,0.54681396484375,0.9384811335066237,0.8514851485148515,0.0,c3309447af5d4937159b638d63532f220712eaccdcae45a5a6ff6f548ab491a4,0.16217822613980387,sweep_mnist_dp_0p2,0.8953470222089285,local,192,0.4216917061025394,0.26667295247537826,/mnt/data/ucpa_results_review/UCPA_Pilot_Study_outputs/outputs/sweep_mnist_dp_0p2/sweep_mnist_dp_0p2__seed6105__20261003-224149__b9431679,0.11741545011293633,clean,6105,0.9451,0.8466796875
0.3187702125131281,0.540313720703125,0.54681396484375,0.9384811335066237,0.8514851485148515,9000.0,c3309447af5d4937159b638d63532f220712eaccdcae45a5a6ff6f548ab491a4,0.16534825927834995,sweep_mnist_dp_0p2,0.8925873168249382,ucpa,192,0.4215763915401764,1.2142352307948785e-05,/mnt/data/ucpa_results_review/UCPA_Pilot_Study_outputs/outputs/sweep_mnist_dp_0p2/sweep_mnist_dp_0p2__seed6105__20261003-224149__b9431679,0.13891006169098008,clean,6105,0.9451,0.7444254557291667
0.3011666622056018,0.540313720703125,0.54681396484375,0.9384811335066237,0.8514851485148515,9000.0,c3309447af5d4937159b638d63532f220712eaccdcae45a5a6ff6f548ab491a4,0.16524311452934248,sweep_mnist_dp_0p2,0.8929776674379051,ucpa_coord_only,192,0.38656444074195206,0.024792055418014113,/mnt/data/ucpa_results_review/UCPA_Pilot_Study_outputs/outputs/sweep_mnist_dp_0p2/sweep_mnist_dp_0p2__seed6105__20261003-224149__b9431679,0.13766638824361022,clean,6105,0.9451,0.7408854166666667
0.31851625266487527,0.540313720703125,0.54681396484375,0.9384811335066237,0.8514851485148515,9000.0,c3309447af5d4937159b638d63532f220712eaccdcae45a5a6ff6f548ab491a4,0.16535129838181697,sweep_mnist_dp_0p2,0.8925549719841608,ucpa_whole_only,192,0.42123368889418883,5.9002812955307234e-05,/mnt/data/ucpa_results_review/UCPA_Pilot_Study_outputs/outputs/sweep_mnist_dp_0p2/sweep_mnist_dp_0p2__seed6105__20261003-224149__b9431679,0.13887996199490388,clean,6105,0.9451,0.7439371744791667
0.28878670365273423,0.540313720703125,0.54681396484375,0.9384811335066237,0.8514851485148515,3880.0,c3309447af5d4937159b638d63532f220712eaccdcae45a5a6ff6f548ab491a4,0.1644335700790786,sweep_mnist_dp_0p2,0.8944997790288955,xfedalign_median,192,0.2891185907010447,0.20316432686237826,/mnt/data/ucpa_results_review/UCPA_Pilot_Study_outputs/outputs/sweep_mnist_dp_0p2/sweep_mnist_dp_0p2__seed6105__20261003-224149__b9431679,0.13653297503074752,clean,6105,0.9451,0.7808024088541666
0.26160259759323856,0.50848388671875,0.501922607421875,0.9593727460979786,0.9157509157509157,3880.0,c3309447af5d4937159b638d63532f220712eaccdcae45a5a6ff6f548ab491a4,0.16602601820686688,sweep_mnist_dp_0p2,0.8947358584833183,cluster,192,0.3288203310478835,0.09415924484815909,/mnt/data/ucpa_results_review/UCPA_Pilot_Study_outputs/outputs/sweep_mnist_dp_0p2/sweep_mnist_dp_0p2__seed6101__20261003-215029__18c09e8b,0.1445304654105683,clean,6101,0.9697,0.7657470703125
0.19022030178444566,0.50848388671875,0.501922607421875,0.9593727460979786,0.9157509157509157,3880.0,c3309447af5d4937159b638d63532f220712eaccdcae45a5a6ff6f548ab491a4,0.22199916996666125,sweep_mnist_dp_0p2,0.8429910112441652,fedattr_mean,192,0.0,1.1888905748220354e-17,/mnt/data/ucpa_results_review/UCPA_Pilot_Study_outputs/outputs/sweep_mnist_dp_0p2/sweep_mnist_dp_0p2__seed6101__20261003-215029__18c09e8b,0.29662407090488263,clean,6101,0.9697,0.5094807942708334
0.3097193082401003,0.50848388671875,0.501922607421875,0.9593727460979786,0.9157509157509157,0.0,c3309447af5d4937159b638d63532f220712eaccdcae45a5a6ff6f548ab491a4,0.16511989565715338,sweep_mnist_dp_0p2,0.896656165864897,local,192,0.43112609506087096,0.27766343695695883,/mnt/data/ucpa_results_review/UCPA_Pilot_Study_outputs/outputs/sweep_mnist_dp_0p2/sweep_mnist_dp_0p2__seed6101__20261003-215029__18c09e8b,0.12840990620319037,clean,6101,0.9697,0.8442789713541667
0.30967819175812833,0.50848388671875,0.501922607421875,0.9593727460979786,0.9157509157509157,9000.0,c3309447af5d4937159b638d63532f220712eaccdcae45a5a6ff6f548ab491a4,0.16774979973658144,sweep_mnist_dp_0p2,0.8936224012284584,ucpa,192,0.4310735077505873,6.076104062878429e-06,/mnt/data/ucpa_results_review/UCPA_Pilot_Study_outputs/outputs/sweep_mnist_dp_0p2/sweep_mnist_dp_0p2__seed6101__20261003-215029__18c09e8b,0.14838775699136753,clean,6101,0.9697,0.7497151692708334
0.2949185085003007,0.50848388671875,0.501922607421875,0.9593727460979786,0.9157509157509157,9000.0,c3309447af5d4937159b638d63532f220712eaccdcae45a5a6ff6f548ab491a4,0.16727951065307328,sweep_mnist_dp_0p2,0.8936287817589185,ucpa_coord_only,192,0.4045262492187301,0.017435402071889667,/mnt/data/ucpa_results_review/UCPA_Pilot_Study_outputs/outputs/sweep_mnist_dp_0p2/sweep_mnist_dp_0p2__seed6101__20261003-215029__18c09e8b,0.14746903673126677,clean,6101,0.9697,0.7452799479166667
0.3093165294526853,0.50848388671875,0.501922607421875,0.9593727460979786,0.9157509157509157,9000.0,c3309447af5d4937159b638d63532f220712eaccdcae45a5a6ff6f548ab491a4,0.16774470782474962,sweep_mnist_dp_0p2,0.8936606730837108,ucpa_whole_only,192,0.4306220293256575,7.377170855657865e-05,/mnt/data/ucpa_results_review/UCPA_Pilot_Study_outputs/outputs/sweep_mnist_dp_0p2/sweep_mnist_dp_0p2__seed6101__20261003-215029__18c09e8b,0.14835143916028198,clean,6101,0.9697,0.7495930989583333
0.279839714203906,0.50848388671875,0.501922607421875,0.9593727460979786,0.9157509157509157,3880.0,c3309447af5d4937159b638d63532f220712eaccdcae45a5a6ff6f548ab491a4,0.16783126245087865,sweep_mnist_dp_0p2,0.8967456329148868,xfedalign_median,192,0.2979929562563623,0.2162017046126424,/mnt/data/ucpa_results_review/UCPA_Pilot_Study_outputs/outputs/sweep_mnist_dp_0p2/sweep_mnist_dp_0p2__seed6101__20261003-215029__18c09e8b,0.14801227017550136,clean,6101,0.9697,0.785400390625
0.2597771774640921,0.539306640625,0.5308837890625,0.9472351753924035,0.8620689655172413,3880.0,c3309447af5d4937159b638d63532f220712eaccdcae45a5a6ff6f548ab491a4,0.15613979926686927,sweep_mnist_dp_0p2,0.8894150899909923,cluster,192,0.3128435338333754,0.0969606512174891,/mnt/data/ucpa_results_review/UCPA_Pilot_Study_outputs/outputs/sweep_mnist_dp_0p2/sweep_mnist_dp_0p2__seed6104__20261003-222855__0a7a0055,0.1401695908402647,clean,6104,0.9642,0.7655843098958334
0.18735963073733014,0.539306640625,0.5308837890625,0.9472351753924035,0.8620689655172413,3880.0,c3309447af5d4937159b638d63532f220712eaccdcae45a5a6ff6f548ab491a4,0.2076510026959416,sweep_mnist_dp_0p2,0.8585476388822523,fedattr_mean,192,0.0,2.038236165658885e-17,/mnt/data/ucpa_results_review/UCPA_Pilot_Study_outputs/outputs/sweep_mnist_dp_0p2/sweep_mnist_dp_0p2__seed6104__20261003-222855__0a7a0055,0.2921784750865911,clean,6104,0.9642,0.5084228515625
0.3103739871734994,0.539306640625,0.5308837890625,0.9472351753924035,0.8620689655172413,0.0,c3309447af5d4937159b638d63532f220712eaccdcae45a5a6ff6f548ab491a4,0.15311643829845706,sweep_mnist_dp_0p2,0.8907495343153036,local,192,0.42432588194365223,0.26714678583618245,/mnt/data/ucpa_results_review/UCPA_Pilot_Study_outputs/outputs/sweep_mnist_dp_0p2/sweep_mnist_dp_0p2__seed6104__20261003-222855__0a7a0055,0.12204801458378269,clean,6104,0.9642,0.8299560546875
0.3103064471972117,0.539306640625,0.5308837890625,0.9472351753924035,0.8620689655172413,9000.0,c3309447af5d4937159b638d63532f220712eaccdcae45a5a6ff6f548ab491a4,0.1553279422206591,sweep_mnist_dp_0p2,0.8874750522161775,ucpa,192,0.4242290054019362,1.1317817299994603e-05,/mnt/data/ucpa_results_review/UCPA_Pilot_Study_outputs/outputs/sweep_mnist_dp_0p2/sweep_mnist_dp_0p2__seed6104__20261003-222855__0a7a0055,0.14430110101904514,clean,6104,0.9642,0.7364501953125
0.2918212554666929,0.539306640625,0.5308837890625,0.9472351753924035,0.8620689655172413,9000.0,c3309447af5d4937159b638d63532f220712eaccdcae45a5a6ff6f548ab491a4,0.15550291170681402,sweep_mnist_dp_0p2,0.8879261372249554,ucpa_coord_only,192,0.3886429589975929,0.025237323356073087,/mnt/data/ucpa_results_review/UCPA_Pilot_Study_outputs/outputs/sweep_mnist_dp_0p2/sweep_mnist_dp_0p2__seed6104__20261003-222855__0a7a0055,0.14316618706486609,clean,6104,0.9642,0.7334798177083334
0.3100196587586136,0.539306640625,0.5308837890625,0.9472351753924035,0.8620689655172413,9000.0,c3309447af5d4937159b638d63532f220712eaccdcae45a5a6ff6f548ab491a4,0.15524971238216193,sweep_mnist_dp_0p2,0.8874697027652776,ucpa_whole_only,192,0.42391277065466537,5.898316590747574e-05,/mnt/data/ucpa_results_review/UCPA_Pilot_Study_outputs/outputs/sweep_mnist_dp_0p2/sweep_mnist_dp_0p2__seed6104__20261003-222855__0a7a0055,0.1442707129705546,clean,6104,0.9642,0.7363688151041667
0.27675968472934165,0.539306640625,0.5308837890625,0.9472351753924035,0.8620689655172413,3880.0,c3309447af5d4937159b638d63532f220712eaccdcae45a5a6ff6f548ab491a4,0.1542482601410787,sweep_mnist_dp_0p2,0.8896454979541886,xfedalign_median,192,0.28862951600533704,0.20044258971141998,/mnt/data/ucpa_results_review/UCPA_Pilot_Study_outputs/outputs/sweep_mnist_dp_0p2/sweep_mnist_dp_0p2__seed6104__20261003-222855__0a7a0055,0.14081736666051248,clean,6104,0.9642,0.7716878255208333
0.25532192424365396,0.5380859375,0.550140380859375,0.9276615131297082,0.7076923076923077,3880.0,c3309447af5d4937159b638d63532f220712eaccdcae45a5a6ff6f548ab491a4,0.16616896604446083,sweep_mnist_dp_0p2,0.8888046356851798,cluster,192,0.31476965773834137,0.09146432878278823,/mnt/data/ucpa_results_review/UCPA_Pilot_Study_outputs/outputs/sweep_mnist_dp_0p2/sweep_mnist_dp_0p2__seed6103__20261003-221557__a78c7784,0.1447192186912461,clean,6103,0.9635,0.7589111328125
0.178654176006122,0.5380859375,0.550140380859375,0.9276615131297082,0.7076923076923077,3880.0,c3309447af5d4937159b638d63532f220712eaccdcae45a5a6ff6f548ab491a4,0.2243370879384505,sweep_mnist_dp_0p2,0.8513897198821117,fedattr_mean,192,0.0,1.935480024436434e-17,/mnt/data/ucpa_results_review/UCPA_Pilot_Study_outputs/outputs/sweep_mnist_dp_0p2/sweep_mnist_dp_0p2__seed6103__20261003-221557__a78c7784,0.3079010370856372,clean,6103,0.9635,0.4876708984375
0.3107256487202418,0.5380859375,0.550140380859375,0.9276615131297082,0.7076923076923077,0.0,c3309447af5d4937159b638d63532f220712eaccdcae45a5a6ff6f548ab491a4,0.1641173736267471,sweep_mnist_dp_0p2,0.8907147085104953,local,192,0.4191336522927069,0.273243819506156,/mnt/data/ucpa_results_review/UCPA_Pilot_Study_outputs/outputs/sweep_mnist_dp_0p2/sweep_mnist_dp_0p2__seed6103__20261003-221557__a78c7784,0.12698230772774136,clean,6103,0.9635,0.820556640625
0.31069080326383935,0.5380859375,0.550140380859375,0.9276615131297082,0.7076923076923077,9000.0,c3309447af5d4937159b638d63532f220712eaccdcae45a5a6ff6f548ab491a4,0.16680177163398185,sweep_mnist_dp_0p2,0.8874748037240352,ucpa,192,0.4190874462520469,5.283770118040993e-06,/mnt/data/ucpa_results_review/UCPA_Pilot_Study_outputs/outputs/sweep_mnist_dp_0p2/sweep_mnist_dp_0p2__seed6103__20261003-221557__a78c7784,0.1475048215819006,clean,6103,0.9635,0.7371419270833334
0.2974452519579428,0.5380859375,0.550140380859375,0.9276615131297082,0.7076923076923077,9000.0,c3309447af5d4937159b638d63532f220712eaccdcae45a5a6ff6f548ab491a4,0.1672049793770687,sweep_mnist_dp_0p2,0.8878861224349142,ucpa_coord_only,192,0.3962819869991929,0.01419911876848384,/mnt/data/ucpa_results_review/UCPA_Pilot_Study_outputs/outputs/sweep_mnist_dp_0p2/sweep_mnist_dp_0p2__seed6103__20261003-221557__a78c7784,0.1464276265320511,clean,6103,0.9635,0.7356363932291667
0.31042751040446404,0.5380859375,0.550140380859375,0.9276615131297082,0.7076923076923077,9000.0,c3309447af5d4937159b638d63532f220712eaccdcae45a5a6ff6f548ab491a4,0.1667996418845481,sweep_mnist_dp_0p2,0.887466166948919,ucpa_whole_only,192,0.4187543516310385,4.8095411483119326e-05,/mnt/data/ucpa_results_review/UCPA_Pilot_Study_outputs/outputs/sweep_mnist_dp_0p2/sweep_mnist_dp_0p2__seed6103__20261003-221557__a78c7784,0.14748806877004997,clean,6103,0.9635,0.7371012369791667
0.2775039221079674,0.5380859375,0.550140380859375,0.9276615131297082,0.7076923076923077,3880.0,c3309447af5d4937159b638d63532f220712eaccdcae45a5a6ff6f548ab491a4,0.16659046939421387,sweep_mnist_dp_0p2,0.8894877107664191,xfedalign_median,192,0.28633737998229686,0.2120596648212829,/mnt/data/ucpa_results_review/UCPA_Pilot_Study_outputs/outputs/sweep_mnist_dp_0p2/sweep_mnist_dp_0p2__seed6103__20261003-221557__a78c7784,0.14991011641522495,clean,6103,0.9635,0.7528889973958334
0.2489736614265867,0.5557861328125,0.532958984375,0.9688071370551031,0.9551020408163265,3880.0,9dd3d1834aff77dd4201db2ac3bebaca0f0fdc4d700359f227410a3458091246,0.16514885807300744,core_mnist_label_skew,0.9218904641044599,cluster,192,0.2800327639431435,0.08181106149444123,/mnt/data/ucpa_results_review/UCPA_Pilot_Study_outputs/outputs/core_mnist_label_skew/core_mnist_label_skew__seed6105__20261002-233929__86150497,0.13908566106624554,clean,6105,0.9731,0.7559407552083333
0.19239538339778406,0.5557861328125,0.532958984375,0.9688071370551031,0.9551020408163265,3880.0,9dd3d1834aff77dd4201db2ac3bebaca0f0fdc4d700359f227410a3458091246,0.23837932926186717,core_mnist_label_skew,0.8852955001735001,fedattr_mean,192,0.0,1.883894749839054e-17,/mnt/data/ucpa_results_review/UCPA_Pilot_Study_outputs/outputs/core_mnist_label_skew/core_mnist_label_skew__seed6105__20261002-233929__86150497,0.2923284365207629,clean,6105,0.9731,0.5284830729166667
0.2873534184199917,0.5557861328125,0.532958984375,0.9688071370551031,0.9551020408163265,0.0,9dd3d1834aff77dd4201db2ac3bebaca0f0fdc4d700359f227410a3458091246,0.16272157290683634,core_mnist_label_skew,0.9224744493782056,local,192,0.376641989865767,0.230619315538489,/mnt/data/ucpa_results_review/UCPA_Pilot_Study_outputs/outputs/core_mnist_label_skew/core_mnist_label_skew__seed6105__20261002-233929__86150497,0.11762414655647987,clean,6105,0.9731,0.8981526692708333
0.28710986794716264,0.5557861328125,0.532958984375,0.9688071370551031,0.9551020408163265,9000.0,9dd3d1834aff77dd4201db2ac3bebaca0f0fdc4d700359f227410a3458091246,0.166232849113779,core_mnist_label_skew,0.9213487122285491,ucpa,192,0.3763536604475825,3.839166654551975e-05,/mnt/data/ucpa_results_review/UCPA_Pilot_Study_outputs/outputs/core_mnist_label_skew/core_mnist_label_skew__seed6105__20261002-233929__86150497,0.14163114685328862,clean,6105,0.9731,0.7375895182291667
0.2744571663968173,0.5557861328125,0.532958984375,0.9688071370551031,0.9551020408163265,9000.0,9dd3d1834aff77dd4201db2ac3bebaca0f0fdc4d700359f227410a3458091246,0.16646567893233927,core_mnist_label_skew,0.9212767707455594,ucpa_coord_only,192,0.3484002284633667,0.02163531618291598,/mnt/data/ucpa_results_review/UCPA_Pilot_Study_outputs/outputs/core_mnist_label_skew/core_mnist_label_skew__seed6105__20261002-233929__86150497,0.140903100089539,clean,6105,0.9731,0.7328287760416666
0.286243634801755,0.5557861328125,0.532958984375,0.9688071370551031,0.9551020408163265,9000.0,9dd3d1834aff77dd4201db2ac3bebaca0f0fdc4d700359f227410a3458091246,0.16598811704558708,core_mnist_label_skew,0.9212551049810525,ucpa_whole_only,192,0.37531751082365855,0.0002515019099594151,/mnt/data/ucpa_results_review/UCPA_Pilot_Study_outputs/outputs/core_mnist_label_skew/core_mnist_label_skew__seed6105__20261002-233929__86150497,0.14150083311462147,clean,6105,0.9731,0.7363688151041667
0.256242100931651,0.5557861328125,0.532958984375,0.9688071370551031,0.9551020408163265,3880.0,9dd3d1834aff77dd4201db2ac3bebaca0f0fdc4d700359f227410a3458091246,0.1671710386828636,core_mnist_label_skew,0.9216997530097919,xfedalign_median,192,0.24578560127201066,0.1572896103251528,/mnt/data/ucpa_results_review/UCPA_Pilot_Study_outputs/outputs/core_mnist_label_skew/core_mnist_label_skew__seed6105__20261002-233929__86150497,0.13776918591562293,clean,6105,0.9731,0.7635904947916666
0.22367571110269283,0.53192138671875,0.5404052734375,0.9749152222269584,0.9435897435897436,3880.0,9dd3d1834aff77dd4201db2ac3bebaca0f0fdc4d700359f227410a3458091246,0.17883078606573694,core_mnist_label_skew,0.9394272423516669,cluster,192,0.2534274554316485,0.07784275237627046,/mnt/data/ucpa_results_review/UCPA_Pilot_Study_outputs/outputs/core_mnist_label_skew/core_mnist_label_skew__seed6103__20261002-231434__235aba8e,0.14395039915099328,clean,6103,0.9773,0.7767333984375
0.176468301624911,0.53192138671875,0.5404052734375,0.9749152222269584,0.9435897435897436,3880.0,9dd3d1834aff77dd4201db2ac3bebaca0f0fdc4d700359f227410a3458091246,0.2779016653235563,core_mnist_label_skew,0.9105980813403827,fedattr_mean,192,0.0,1.8139012360730847e-17,/mnt/data/ucpa_results_review/UCPA_Pilot_Study_outputs/outputs/core_mnist_label_skew/core_mnist_label_skew__seed6103__20261002-231434__235aba8e,0.32005518178106973,clean,6103,0.9773,0.5079345703125
0.2635877541749864,0.53192138671875,0.5404052734375,0.9749152222269584,0.9435897435897436,0.0,9dd3d1834aff77dd4201db2ac3bebaca0f0fdc4d700359f227410a3458091246,0.17417435494811193,core_mnist_label_skew,0.9402878427835579,local,192,0.32970057387215745,0.23086566946225334,/mnt/data/ucpa_results_review/UCPA_Pilot_Study_outputs/outputs/core_mnist_label_skew/core_mnist_label_skew__seed6103__20261002-231434__235aba8e,0.12130451230614281,clean,6103,0.9773,0.8807373046875
0.26338559873442186,0.53192138671875,0.5404052734375,0.9749152222269584,0.9435897435897436,9000.0,9dd3d1834aff77dd4201db2ac3bebaca0f0fdc4d700359f227410a3458091246,0.17987830264883087,core_mnist_label_skew,0.9394283716991292,ucpa,192,0.32942359756125844,3.198339725492443e-05,/mnt/data/ucpa_results_review/UCPA_Pilot_Study_outputs/outputs/core_mnist_label_skew/core_mnist_label_skew__seed6103__20261002-231434__235aba8e,0.1438963982081065,clean,6103,0.9773,0.7531331380208333
0.2538747007139178,0.53192138671875,0.5404052734375,0.9749152222269584,0.9435897435897436,9000.0,9dd3d1834aff77dd4201db2ac3bebaca0f0fdc4d700359f227410a3458091246,0.17982427599860484,core_mnist_label_skew,0.9392737792424062,ucpa_coord_only,192,0.30794092022894887,0.013634683173849246,/mnt/data/ucpa_results_review/UCPA_Pilot_Study_outputs/outputs/core_mnist_label_skew/core_mnist_label_skew__seed6103__20261002-231434__235aba8e,0.1433465815583791,clean,6103,0.9773,0.7517496744791667
0.2622595804340898,0.53192138671875,0.5404052734375,0.9749152222269584,0.9435897435897436,9000.0,9dd3d1834aff77dd4201db2ac3bebaca0f0fdc4d700359f227410a3458091246,0.17989116018428225,core_mnist_label_skew,0.9395051565533019,ucpa_whole_only,192,0.3278380964419729,0.0003239948842989422,/mnt/data/ucpa_results_review/UCPA_Pilot_Study_outputs/outputs/core_mnist_label_skew/core_mnist_label_skew__seed6103__20261002-231434__235aba8e,0.1437834213917105,clean,6103,0.9773,0.7533365885416667
0.24050613535020088,0.53192138671875,0.5404052734375,0.9749152222269584,0.9435897435897436,3880.0,9dd3d1834aff77dd4201db2ac3bebaca0f0fdc4d700359f227410a3458091246,0.1790215660289808,core_mnist_label_skew,0.9394641601698822,xfedalign_median,192,0.22018746286707933,0.15731859833614908,/mnt/data/ucpa_results_review/UCPA_Pilot_Study_outputs/outputs/core_mnist_label_skew/core_mnist_label_skew__seed6103__20261002-231434__235aba8e,0.14372429641369416,clean,6103,0.9773,0.7906494140625
0.2398056956403884,0.522491455078125,0.5050048828125,0.9782172875551456,0.9652014652014652,3880.0,9dd3d1834aff77dd4201db2ac3bebaca0f0fdc4d700359f227410a3458091246,0.16549931799157397,core_mnist_label_skew,0.9269836595659096,cluster,192,0.2659288896277043,0.07419880386433132,/mnt/data/ucpa_results_review/UCPA_Pilot_Study_outputs/outputs/core_mnist_label_skew/core_mnist_label_skew__seed6101__20261002-225005__ebfa3fb0,0.14766659203969562,clean,6101,0.9818,0.7663981119791666
0.17439974218103937,0.522491455078125,0.5050048828125,0.9782172875551456,0.9652014652014652,3880.0,9dd3d1834aff77dd4201db2ac3bebaca0f0fdc4d700359f227410a3458091246,0.2366456430494016,core_mnist_label_skew,0.8949998089650761,fedattr_mean,192,0.0,1.3309174139157914e-17,/mnt/data/ucpa_results_review/UCPA_Pilot_Study_outputs/outputs/core_mnist_label_skew/core_mnist_label_skew__seed6101__20261002-225005__ebfa3fb0,0.2983101536855412,clean,6101,0.9818,0.51904296875
0.2777690868284418,0.522491455078125,0.5050048828125,0.9782172875551456,0.9652014652014652,0.0,9dd3d1834aff77dd4201db2ac3bebaca0f0fdc4d700359f227410a3458091246,0.16297028186090756,core_mnist_label_skew,0.9292976520316416,local,192,0.3454781096714873,0.22465310306671415,/mnt/data/ucpa_results_review/UCPA_Pilot_Study_outputs/outputs/core_mnist_label_skew/core_mnist_label_skew__seed6101__20261002-225005__ebfa3fb0,0.12874389385696522,clean,6101,0.9818,0.9036458333333334
0.2774959385193865,0.522491455078125,0.5050048828125,0.9782172875551456,0.9652014652014652,9000.0,9dd3d1834aff77dd4201db2ac3bebaca0f0fdc4d700359f227410a3458091246,0.165932198191634,core_mnist_label_skew,0.9257163144473755,ucpa,192,0.34508504690524777,5.155299323442011e-05,/mnt/data/ucpa_results_review/UCPA_Pilot_Study_outputs/outputs/core_mnist_label_skew/core_mnist_label_skew__seed6101__20261002-225005__ebfa3fb0,0.15143094895629405,clean,6101,0.9818,0.748779296875
0.26612956960873846,0.522491455078125,0.5050048828125,0.9782172875551456,0.9652014652014652,9000.0,9dd3d1834aff77dd4201db2ac3bebaca0f0fdc4d700359f227410a3458091246,0.16612882237847468,core_mnist_label_skew,0.9259899446570368,ucpa_coord_only,192,0.31787472221773894,0.019887609231727513,/mnt/data/ucpa_results_review/UCPA_Pilot_Study_outputs/outputs/core_mnist_label_skew/core_mnist_label_skew__seed6101__20261002-225005__ebfa3fb0,0.15084082453296344,clean,6101,0.9818,0.7417399088541667
0.2762322481376683,0.522491455078125,0.5050048828125,0.9782172875551456,0.9652014652014652,9000.0,9dd3d1834aff77dd4201db2ac3bebaca0f0fdc4d700359f227410a3458091246,0.16577303059566476,core_mnist_label_skew,0.9257608762100972,ucpa_whole_only,192,0.34344799323840736,0.0004339647875687937,/mnt/data/ucpa_results_review/UCPA_Pilot_Study_outputs/outputs/core_mnist_label_skew/core_mnist_label_skew__seed6101__20261002-225005__ebfa3fb0,0.15128966741931524,clean,6101,0.9818,0.74755859375
0.2497745400990049,0.522491455078125,0.5050048828125,0.9782172875551456,0.9652014652014652,3880.0,9dd3d1834aff77dd4201db2ac3bebaca0f0fdc4d700359f227410a3458091246,0.16707275563433843,core_mnist_label_skew,0.9275373976601258,xfedalign_median,192,0.2297334289169839,0.15820172470556676,/mnt/data/ucpa_results_review/UCPA_Pilot_Study_outputs/outputs/core_mnist_label_skew/core_mnist_label_skew__seed6101__20261002-225005__ebfa3fb0,0.14867305934334052,clean,6101,0.9818,0.7858479817708334
0.2416516221758428,0.53363037109375,0.5302734375,0.9639499493561606,0.9181034482758621,3880.0,9dd3d1834aff77dd4201db2ac3bebaca0f0fdc4d700359f227410a3458091246,0.15066052949914593,core_mnist_label_skew,0.9021224013524867,cluster,192,0.2517020559941962,0.08571531403439207,/mnt/data/ucpa_results_review/UCPA_Pilot_Study_outputs/outputs/core_mnist_label_skew/core_mnist_label_skew__seed6104__20261002-232706__1fa860cb,0.14417542705936998,clean,6104,0.9674,0.7819417317708333
0.19018555751129348,0.53363037109375,0.5302734375,0.9639499493561606,0.9181034482758621,3880.0,9dd3d1834aff77dd4201db2ac3bebaca0f0fdc4d700359f227410a3458091246,0.22921900994272923,core_mnist_label_skew,0.8722484222865508,fedattr_mean,192,0.0,1.9770926826217382e-17,/mnt/data/ucpa_results_review/UCPA_Pilot_Study_outputs/outputs/core_mnist_label_skew/core_mnist_label_skew__seed6104__20261002-232706__1fa860cb,0.31365350896643474,clean,6104,0.9674,0.5060221354166667
0.2817335079174207,0.53363037109375,0.5302734375,0.9639499493561606,0.9181034482758621,0.0,9dd3d1834aff77dd4201db2ac3bebaca0f0fdc4d700359f227410a3458091246,0.14664088528224967,core_mnist_label_skew,0.9032817951772207,local,192,0.35096385247372125,0.22905624100606775,/mnt/data/ucpa_results_review/UCPA_Pilot_Study_outputs/outputs/core_mnist_label_skew/core_mnist_label_skew__seed6104__20261002-232706__1fa860cb,0.12208900233352106,clean,6104,0.9674,0.8903401692708334
0.28153227252877655,0.53363037109375,0.5302734375,0.9639499493561606,0.9181034482758621,9000.0,9dd3d1834aff77dd4201db2ac3bebaca0f0fdc4d700359f227410a3458091246,0.15132232276543317,core_mnist_label_skew,0.9019266166292558,ucpa,192,0.3506649542293618,3.5584852996494175e-05,/mnt/data/ucpa_results_review/UCPA_Pilot_Study_outputs/outputs/core_mnist_label_skew/core_mnist_label_skew__seed6104__20261002-232706__1fa860cb,0.1464855284828233,clean,6104,0.9674,0.7482096354166666
0.2705466298253425,0.53363037109375,0.5302734375,0.9639499493561606,0.9181034482758621,9000.0,9dd3d1834aff77dd4201db2ac3bebaca0f0fdc4d700359f227410a3458091246,0.1514030563373429,core_mnist_label_skew,0.9014730720892354,ucpa_coord_only,192,0.3245586522694244,0.017858955851957372,/mnt/data/ucpa_results_review/UCPA_Pilot_Study_outputs/outputs/core_mnist_label_skew/core_mnist_label_skew__seed6104__20261002-232706__1fa860cb,0.14575187410944218,clean,6104,0.9674,0.7478841145833334
0.280659600614668,0.53363037109375,0.5302734375,0.9639499493561606,0.9181034482758621,9000.0,9dd3d1834aff77dd4201db2ac3bebaca0f0fdc4d700359f227410a3458091246,0.15136938528812605,core_mnist_label_skew,0.9018291526512864,ucpa_whole_only,192,0.3494832133539636,0.00026082945681464397,/mnt/data/ucpa_results_review/UCPA_Pilot_Study_outputs/outputs/core_mnist_label_skew/core_mnist_label_skew__seed6104__20261002-232706__1fa860cb,0.14633653887717019,clean,6104,0.9674,0.748291015625
0.2519612730953207,0.53363037109375,0.5302734375,0.9639499493561606,0.9181034482758621,3880.0,9dd3d1834aff77dd4201db2ac3bebaca0f0fdc4d700359f227410a3458091246,0.15100822348176735,core_mnist_label_skew,0.9026583931020771,xfedalign_median,192,0.23146584963024522,0.15431117481207712,/mnt/data/ucpa_results_review/UCPA_Pilot_Study_outputs/outputs/core_mnist_label_skew/core_mnist_label_skew__seed6104__20261002-232706__1fa860cb,0.1437024833605329,clean,6104,0.9674,0.791748046875
0.2427976026170898,0.538543701171875,0.5462646484375,0.9765942093823625,0.9603024574669187,3880.0,9dd3d1834aff77dd4201db2ac3bebaca0f0fdc4d700359f227410a3458091246,0.17278675429591506,core_mnist_label_skew,0.9353369527299946,cluster,192,0.2552795667670809,0.08155128657911165,/mnt/data/ucpa_results_review/UCPA_Pilot_Study_outputs/outputs/core_mnist_label_skew/core_mnist_label_skew__seed6102__20261002-230233__62daec28,0.14039252580771946,clean,6102,0.9804,0.7714029947916667
0.17788715994772614,0.538543701171875,0.5462646484375,0.9765942093823625,0.9603024574669187,3880.0,9dd3d1834aff77dd4201db2ac3bebaca0f0fdc4d700359f227410a3458091246,0.27000694073839404,core_mnist_label_skew,0.9087194077435319,fedattr_mean,192,0.0,1.7612759847901045e-17,/mnt/data/ucpa_results_review/UCPA_Pilot_Study_outputs/outputs/core_mnist_label_skew/core_mnist_label_skew__seed6102__20261002-230233__62daec28,0.2933154333833451,clean,6102,0.9804,0.53466796875
0.2808119523404126,0.538543701171875,0.5462646484375,0.9765942093823625,0.9603024574669187,0.0,9dd3d1834aff77dd4201db2ac3bebaca0f0fdc4d700359f227410a3458091246,0.16690117017945644,core_mnist_label_skew,0.9354904297261479,local,192,0.343374778346972,0.2235240528121744,/mnt/data/ucpa_results_review/UCPA_Pilot_Study_outputs/outputs/core_mnist_label_skew/core_mnist_label_skew__seed6102__20261002-230233__62daec28,0.11940230354737227,clean,6102,0.9804,0.8821207682291667
0.28061162974626086,0.538543701171875,0.5462646484375,0.9765942093823625,0.9603024574669187,9000.0,9dd3d1834aff77dd4201db2ac3bebaca0f0fdc4d700359f227410a3458091246,0.17232713348045461,core_mnist_label_skew,0.9347210598059368,ucpa,192,0.34308273791027655,3.922949949080207e-05,/mnt/data/ucpa_results_review/UCPA_Pilot_Study_outputs/outputs/core_mnist_label_skew/core_mnist_label_skew__seed6102__20261002-230233__62daec28,0.14340385098222802,clean,6102,0.9804,0.7524820963541667
0.26992803427734235,0.538543701171875,0.5462646484375,0.9765942093823625,0.9603024574669187,9000.0,9dd3d1834aff77dd4201db2ac3bebaca0f0fdc4d700359f227410a3458091246,0.17270286740284368,core_mnist_label_skew,0.934972334002426,ucpa_coord_only,192,0.3194515719758681,0.016183554474077398,/mnt/data/ucpa_results_review/UCPA_Pilot_Study_outputs/outputs/core_mnist_label_skew/core_mnist_label_skew__seed6102__20261002-230233__62daec28,0.14225133273558527,clean,6102,0.9804,0.7506510416666666
0.2795941828997024,0.538543701171875,0.5462646484375,0.9765942093823625,0.9603024574669187,9000.0,9dd3d1834aff77dd4201db2ac3bebaca0f0fdc4d700359f227410a3458091246,0.17216617356947003,core_mnist_label_skew,0.9346850198982186,ucpa_whole_only,192,0.3417456675913038,0.0003152419561891561,/mnt/data/ucpa_results_review/UCPA_Pilot_Study_outputs/outputs/core_mnist_label_skew/core_mnist_label_skew__seed6102__20261002-230233__62daec28,0.14328457018615984,clean,6102,0.9804,0.7520751953125
0.25255993951971567,0.538543701171875,0.5462646484375,0.9765942093823625,0.9603024574669187,3880.0,9dd3d1834aff77dd4201db2ac3bebaca0f0fdc4d700359f227410a3458091246,0.17440547575097298,core_mnist_label_skew,0.935212991990799,xfedalign_median,192,0.22663013896116138,0.15402262518552598,/mnt/data/ucpa_results_review/UCPA_Pilot_Study_outputs/outputs/core_mnist_label_skew/core_mnist_label_skew__seed6102__20261002-230233__62daec28,0.13978324179231,clean,6102,0.9804,0.7816975911458334
0.2501686112280931,0.507171630859375,0.490570068359375,0.9508560291387641,0.9084249084249084,3880.0,b932a8dd6ea8fec31ab028dbe451dc125e4939c6ae38e7e77e0d62ebd7d32a2f,0.16601684438583109,core_mnist_rotation,0.8818724260735205,cluster,192,0.3019571645649611,0.07964865975418386,/mnt/data/ucpa_results_review/UCPA_Pilot_Study_outputs/outputs/core_mnist_rotation/core_mnist_rotation__seed6101__20261002-235207__0be270a2,0.14671004620252268,clean,6101,0.966,0.7643229166666667
0.19160535662866018,0.507171630859375,0.490570068359375,0.9508560291387641,0.9084249084249084,3880.0,b932a8dd6ea8fec31ab028dbe451dc125e4939c6ae38e7e77e0d62ebd7d32a2f,0.2137984359883376,core_mnist_rotation,0.8337863326007209,fedattr_mean,192,0.0,1.3469421298836162e-17,/mnt/data/ucpa_results_review/UCPA_Pilot_Study_outputs/outputs/core_mnist_rotation/core_mnist_rotation__seed6101__20261002-235207__0be270a2,0.2907670655367084,clean,6101,0.966,0.5172526041666666
0.2919906278679931,0.507171630859375,0.490570068359375,0.9508560291387641,0.9084249084249084,0.0,b932a8dd6ea8fec31ab028dbe451dc125e4939c6ae38e7e77e0d62ebd7d32a2f,0.16340650695756267,core_mnist_rotation,0.8857825148817862,local,192,0.38737743562964955,0.2467949884403712,/mnt/data/ucpa_results_review/UCPA_Pilot_Study_outputs/outputs/core_mnist_rotation/core_mnist_rotation__seed6101__20261002-235207__0be270a2,0.12972858649319266,clean,6101,0.966,0.8426513671875
0.2919227108046002,0.507171630859375,0.490570068359375,0.9508560291387641,0.9084249084249084,9000.0,b932a8dd6ea8fec31ab028dbe451dc125e4939c6ae38e7e77e0d62ebd7d32a2f,0.16662227010626035,core_mnist_rotation,0.8820124574726984,ucpa,192,0.3872831643141217,1.1480043594786335e-05,/mnt/data/ucpa_results_review/UCPA_Pilot_Study_outputs/outputs/core_mnist_rotation/core_mnist_rotation__seed6101__20261002-235207__0be270a2,0.1488145909240678,clean,6101,0.966,0.7526041666666667
0.28106668794304623,0.507171630859375,0.490570068359375,0.9508560291387641,0.9084249084249084,9000.0,b932a8dd6ea8fec31ab028dbe451dc125e4939c6ae38e7e77e0d62ebd7d32a2f,0.16616835735815888,core_mnist_rotation,0.8816354096228528,ucpa_coord_only,192,0.36581565873024513,0.0156586156888389,/mnt/data/ucpa_results_review/UCPA_Pilot_Study_outputs/outputs/core_mnist_rotation/core_mnist_rotation__seed6101__20261002-235207__0be270a2,0.1478457784523133,clean,6101,0.966,0.7492268880208333
0.2915050512570476,0.507171630859375,0.490570068359375,0.9508560291387641,0.9084249084249084,9000.0,b932a8dd6ea8fec31ab028dbe451dc125e4939c6ae38e7e77e0d62ebd7d32a2f,0.16664371490539148,core_mnist_rotation,0.8819820318781997,ucpa_whole_only,192,0.3866402169942051,0.00012036288925885732,/mnt/data/ucpa_results_review/UCPA_Pilot_Study_outputs/outputs/core_mnist_rotation/core_mnist_rotation__seed6101__20261002-235207__0be270a2,0.1487294133644257,clean,6101,0.966,0.7520751953125
0.26213955821391044,0.507171630859375,0.490570068359375,0.9508560291387641,0.9084249084249084,3880.0,b932a8dd6ea8fec31ab028dbe451dc125e4939c6ae38e7e77e0d62ebd7d32a2f,0.1652978747488305,core_mnist_rotation,0.8829211016732492,xfedalign_median,192,0.2611055902614482,0.18181630844344338,/mnt/data/ucpa_results_review/UCPA_Pilot_Study_outputs/outputs/core_mnist_rotation/core_mnist_rotation__seed6101__20261002-235207__0be270a2,0.1480319979511579,clean,6101,0.966,0.7681884765625
0.22741543224836258,0.53753662109375,0.5545654296875,0.9091141578290396,0.6153846153846154,3880.0,b932a8dd6ea8fec31ab028dbe451dc125e4939c6ae38e7e77e0d62ebd7d32a2f,0.1595880840890459,core_mnist_rotation,0.8760070174583233,cluster,192,0.28660859184687215,0.0813396827219543,/mnt/data/ucpa_results_review/UCPA_Pilot_Study_outputs/outputs/core_mnist_rotation/core_mnist_rotation__seed6103__20261003-001725__42b8a5fd,0.14367925772857856,clean,6103,0.9556,0.7620849609375
0.16593422059641966,0.53753662109375,0.5545654296875,0.9091141578290396,0.6153846153846154,3880.0,b932a8dd6ea8fec31ab028dbe451dc125e4939c6ae38e7e77e0d62ebd7d32a2f,0.20946553169966742,core_mnist_rotation,0.8530161687072906,fedattr_mean,192,0.0,1.3551609609370765e-17,/mnt/data/ucpa_results_review/UCPA_Pilot_Study_outputs/outputs/core_mnist_rotation/core_mnist_rotation__seed6103__20261003-001725__42b8a5fd,0.28493487680979224,clean,6103,0.9556,0.516357421875
0.2764337404577768,0.53753662109375,0.5545654296875,0.9091141578290396,0.6153846153846154,0.0,b932a8dd6ea8fec31ab028dbe451dc125e4939c6ae38e7e77e0d62ebd7d32a2f,0.15996761119713485,core_mnist_rotation,0.8762089076642345,local,192,0.3805623548097976,0.23805987781246687,/mnt/data/ucpa_results_review/UCPA_Pilot_Study_outputs/outputs/core_mnist_rotation/core_mnist_rotation__seed6103__20261003-001725__42b8a5fd,0.12925723055250307,clean,6103,0.9556,0.818115234375
0.27638505792011836,0.53753662109375,0.5545654296875,0.9091141578290396,0.6153846153846154,9000.0,b932a8dd6ea8fec31ab028dbe451dc125e4939c6ae38e7e77e0d62ebd7d32a2f,0.16204422254413658,core_mnist_rotation,0.8753329770513423,ucpa,192,0.3804930822645278,7.703277576524849e-06,/mnt/data/ucpa_results_review/UCPA_Pilot_Study_outputs/outputs/core_mnist_rotation/core_mnist_rotation__seed6103__20261003-001725__42b8a5fd,0.14835968272413064,clean,6103,0.9556,0.7367757161458334
0.26814343835862287,0.53753662109375,0.5545654296875,0.9091141578290396,0.6153846153846154,9000.0,b932a8dd6ea8fec31ab028dbe451dc125e4939c6ae38e7e77e0d62ebd7d32a2f,0.16211241757901007,core_mnist_rotation,0.8757292454742128,ucpa_coord_only,192,0.3634831082837483,0.01262589272346033,/mnt/data/ucpa_results_review/UCPA_Pilot_Study_outputs/outputs/core_mnist_rotation/core_mnist_rotation__seed6103__20261003-001725__42b8a5fd,0.14731957731154333,clean,6103,0.9556,0.7344970703125
0.2760046282022885,0.53753662109375,0.5545654296875,0.9091141578290396,0.6153846153846154,9000.0,b932a8dd6ea8fec31ab028dbe451dc125e4939c6ae38e7e77e0d62ebd7d32a2f,0.16202463782525833,core_mnist_rotation,0.8754164907062658,ucpa_whole_only,192,0.37998914396302064,7.934393886952077e-05,/mnt/data/ucpa_results_review/UCPA_Pilot_Study_outputs/outputs/core_mnist_rotation/core_mnist_rotation__seed6103__20261003-001725__42b8a5fd,0.14831185730661173,clean,6103,0.9556,0.7367350260416667
0.2432533065085269,0.53753662109375,0.5545654296875,0.9091141578290396,0.6153846153846154,3880.0,b932a8dd6ea8fec31ab028dbe451dc125e4939c6ae38e7e77e0d62ebd7d32a2f,0.1611346925091008,core_mnist_rotation,0.8761159177491209,xfedalign_median,192,0.2527498634046909,0.17715292673256736,/mnt/data/ucpa_results_review/UCPA_Pilot_Study_outputs/outputs/core_mnist_rotation/core_mnist_rotation__seed6103__20261003-001725__42b8a5fd,0.14567248363215118,clean,6103,0.9556,0.7566731770833333
0.23675025217401496,0.544464111328125,0.5513916015625,0.9339813922018889,0.8415841584158416,3880.0,b932a8dd6ea8fec31ab028dbe451dc125e4939c6ae38e7e77e0d62ebd7d32a2f,0.15881857506877473,core_mnist_rotation,0.8826914638193557,cluster,192,0.2986087206012768,0.08295623685815698,/mnt/data/ucpa_results_review/UCPA_Pilot_Study_outputs/outputs/core_mnist_rotation/core_mnist_rotation__seed6105__20261003-004317__8f5fc7ad,0.13128299618910066,clean,6105,0.9278,0.7675374348958333
0.18543515625944407,0.544464111328125,0.5513916015625,0.9339813922018889,0.8415841584158416,3880.0,b932a8dd6ea8fec31ab028dbe451dc125e4939c6ae38e7e77e0d62ebd7d32a2f,0.22102805327231181,core_mnist_rotation,0.8457965990373244,fedattr_mean,192,0.0,9.546590842858946e-18,/mnt/data/ucpa_results_review/UCPA_Pilot_Study_outputs/outputs/core_mnist_rotation/core_mnist_rotation__seed6105__20261003-004317__8f5fc7ad,0.2748392368356367,clean,6105,0.9278,0.531982421875
0.2785389657970038,0.544464111328125,0.5513916015625,0.9339813922018889,0.8415841584158416,0.0,b932a8dd6ea8fec31ab028dbe451dc125e4939c6ae38e7e77e0d62ebd7d32a2f,0.15649649678792532,core_mnist_rotation,0.8840089193409464,local,192,0.3905443846143754,0.24092929750869704,/mnt/data/ucpa_results_review/UCPA_Pilot_Study_outputs/outputs/core_mnist_rotation/core_mnist_rotation__seed6105__20261003-004317__8f5fc7ad,0.11588050348256157,clean,6105,0.9278,0.8475341796875
0.2784563780970374,0.544464111328125,0.5513916015625,0.9339813922018889,0.8415841584158416,9000.0,b932a8dd6ea8fec31ab028dbe451dc125e4939c6ae38e7e77e0d62ebd7d32a2f,0.15973419277822054,core_mnist_rotation,0.882348526835752,ucpa,192,0.390389878322539,1.5694123024839023e-05,/mnt/data/ucpa_results_review/UCPA_Pilot_Study_outputs/outputs/core_mnist_rotation/core_mnist_rotation__seed6105__20261003-004317__8f5fc7ad,0.1366139752080234,clean,6105,0.9278,0.7470703125
0.26643545069005503,0.544464111328125,0.5513916015625,0.9339813922018889,0.8415841584158416,9000.0,b932a8dd6ea8fec31ab028dbe451dc125e4939c6ae38e7e77e0d62ebd7d32a2f,0.15965813056269934,core_mnist_rotation,0.8821640237016253,ucpa_coord_only,192,0.3639740980172901,0.02009874390465075,/mnt/data/ucpa_results_review/UCPA_Pilot_Study_outputs/outputs/core_mnist_rotation/core_mnist_rotation__seed6105__20261003-004317__8f5fc7ad,0.13547993451984122,clean,6105,0.9278,0.7410888671875
0.27811690050972315,0.544464111328125,0.5513916015625,0.9339813922018889,0.8415841584158416,9000.0,b932a8dd6ea8fec31ab028dbe451dc125e4939c6ae38e7e77e0d62ebd7d32a2f,0.15977064636390423,core_mnist_rotation,0.8823505082090075,ucpa_whole_only,192,0.38988258282736615,8.96109930050122e-05,/mnt/data/ucpa_results_review/UCPA_Pilot_Study_outputs/outputs/core_mnist_rotation/core_mnist_rotation__seed6105__20261003-004317__8f5fc7ad,0.13652067257976694,clean,6105,0.9278,0.7460123697916667
0.2482467473250067,0.544464111328125,0.5513916015625,0.9339813922018889,0.8415841584158416,3880.0,b932a8dd6ea8fec31ab028dbe451dc125e4939c6ae38e7e77e0d62ebd7d32a2f,0.1595385067196427,core_mnist_rotation,0.882708926552247,xfedalign_median,192,0.2619004576763214,0.17833782834363238,/mnt/data/ucpa_results_review/UCPA_Pilot_Study_outputs/outputs/core_mnist_rotation/core_mnist_rotation__seed6105__20261003-004317__8f5fc7ad,0.1323678996738265,clean,6105,0.9278,0.7694498697916667
0.22744206321454583,0.539520263671875,0.531982421875,0.9355569921880512,0.8103448275862069,3880.0,b932a8dd6ea8fec31ab028dbe451dc125e4939c6ae38e7e77e0d62ebd7d32a2f,0.15341088177010537,core_mnist_rotation,0.8788350641858416,cluster,192,0.2814848564217313,0.0863231596517069,/mnt/data/ucpa_results_review/UCPA_Pilot_Study_outputs/outputs/core_mnist_rotation/core_mnist_rotation__seed6104__20261003-003025__702072ea,0.1376094256116427,clean,6104,0.9518,0.765625
0.16746181765668747,0.539520263671875,0.531982421875,0.9355569921880512,0.8103448275862069,3880.0,b932a8dd6ea8fec31ab028dbe451dc125e4939c6ae38e7e77e0d62ebd7d32a2f,0.19811453864707196,core_mnist_rotation,0.8655510957098158,fedattr_mean,192,0.0,2.1365947476665635e-17,/mnt/data/ucpa_results_review/UCPA_Pilot_Study_outputs/outputs/core_mnist_rotation/core_mnist_rotation__seed6104__20261003-003025__702072ea,0.2801428014022186,clean,6104,0.9518,0.5184733072916667
0.27395867801699597,0.539520263671875,0.531982421875,0.9355569921880512,0.8103448275862069,0.0,b932a8dd6ea8fec31ab028dbe451dc125e4939c6ae38e7e77e0d62ebd7d32a2f,0.15243242298432355,core_mnist_rotation,0.8789146756396802,local,192,0.39020297234387535,0.24050493888752478,/mnt/data/ucpa_results_review/UCPA_Pilot_Study_outputs/outputs/core_mnist_rotation/core_mnist_rotation__seed6104__20261003-003025__702072ea,0.12142971203425407,clean,6104,0.9518,0.82958984375
0.27386171992303904,0.539520263671875,0.531982421875,0.9355569921880512,0.8103448275862069,9000.0,b932a8dd6ea8fec31ab028dbe451dc125e4939c6ae38e7e77e0d62ebd7d32a2f,0.15589918267263175,core_mnist_rotation,0.8775221888815092,ucpa,192,0.39007170201955893,1.4828885441321625e-05,/mnt/data/ucpa_results_review/UCPA_Pilot_Study_outputs/outputs/core_mnist_rotation/core_mnist_rotation__seed6104__20261003-003025__702072ea,0.14247414048222526,clean,6104,0.9518,0.742431640625
0.2615424454862343,0.539520263671875,0.531982421875,0.9355569921880512,0.8103448275862069,9000.0,b932a8dd6ea8fec31ab028dbe451dc125e4939c6ae38e7e77e0d62ebd7d32a2f,0.15540667535848723,core_mnist_rotation,0.8773264679710944,ucpa_coord_only,192,0.3636413186878858,0.020210382090671424,/mnt/data/ucpa_results_review/UCPA_Pilot_Study_outputs/outputs/core_mnist_rotation/core_mnist_rotation__seed6104__20261003-003025__702072ea,0.14148304458730152,clean,6104,0.9518,0.7373046875
0.27344157374482697,0.539520263671875,0.531982421875,0.9355569921880512,0.8103448275862069,9000.0,b932a8dd6ea8fec31ab028dbe451dc125e4939c6ae38e7e77e0d62ebd7d32a2f,0.15597383541462478,core_mnist_rotation,0.8774611885916481,ucpa_whole_only,192,0.38955721484108047,0.00010436981242619814,/mnt/data/ucpa_results_review/UCPA_Pilot_Study_outputs/outputs/core_mnist_rotation/core_mnist_rotation__seed6104__20261003-003025__702072ea,0.14240436673319362,clean,6104,0.9518,0.742431640625
0.24008016961097522,0.539520263671875,0.531982421875,0.9355569921880512,0.8103448275862069,3880.0,b932a8dd6ea8fec31ab028dbe451dc125e4939c6ae38e7e77e0d62ebd7d32a2f,0.15433494603421422,core_mnist_rotation,0.879792124828964,xfedalign_median,192,0.2593143475967104,0.17291705373791058,/mnt/data/ucpa_results_review/UCPA_Pilot_Study_outputs/outputs/core_mnist_rotation/core_mnist_rotation__seed6104__20261003-003025__702072ea,0.13778637141246913,clean,6104,0.9518,0.7609049479166667
0.2386682594760722,0.5335693359375,0.52655029296875,0.9242731225558658,0.7362204724409449,3880.0,b932a8dd6ea8fec31ab028dbe451dc125e4939c6ae38e7e77e0d62ebd7d32a2f,0.15813989725663002,core_mnist_rotation,0.8682507608734644,cluster,192,0.297550726761577,0.0827447829406012,/mnt/data/ucpa_results_review/UCPA_Pilot_Study_outputs/outputs/core_mnist_rotation/core_mnist_rotation__seed6102__20261003-000500__6aade289,0.1426444409286291,clean,6102,0.96,0.7621256510416666
0.1866547925526348,0.5335693359375,0.52655029296875,0.9242731225558658,0.7362204724409449,3880.0,b932a8dd6ea8fec31ab028dbe451dc125e4939c6ae38e7e77e0d62ebd7d32a2f,0.2289239246146735,core_mnist_rotation,0.8239544138157726,fedattr_mean,192,0.0,1.7133983370744364e-17,/mnt/data/ucpa_results_review/UCPA_Pilot_Study_outputs/outputs/core_mnist_rotation/core_mnist_rotation__seed6102__20261003-000500__6aade289,0.29648784276242707,clean,6102,0.96,0.49849446614583337
0.28054156149653603,0.5335693359375,0.52655029296875,0.9242731225558658,0.7362204724409449,0.0,b932a8dd6ea8fec31ab028dbe451dc125e4939c6ae38e7e77e0d62ebd7d32a2f,0.1534746830813674,core_mnist_rotation,0.8683023606840834,local,192,0.38325394710394706,0.24657961158548347,/mnt/data/ucpa_results_review/UCPA_Pilot_Study_outputs/outputs/core_mnist_rotation/core_mnist_rotation__seed6102__20261003-000500__6aade289,0.1257959341689578,clean,6102,0.96,0.8213704427083334
0.280490816778897,0.5335693359375,0.52655029296875,0.9242731225558658,0.7362204724409449,9000.0,b932a8dd6ea8fec31ab028dbe451dc125e4939c6ae38e7e77e0d62ebd7d32a2f,0.15731066870293947,core_mnist_rotation,0.8653355454286915,ucpa,192,0.38317112369367207,1.0121558993317778e-05,/mnt/data/ucpa_results_review/UCPA_Pilot_Study_outputs/outputs/core_mnist_rotation/core_mnist_rotation__seed6102__20261003-000500__6aade289,0.14651741613312133,clean,6102,0.96,0.7390950520833333
0.2718418653619987,0.5335693359375,0.52655029296875,0.9242731225558658,0.7362204724409449,9000.0,b932a8dd6ea8fec31ab028dbe451dc125e4939c6ae38e7e77e0d62ebd7d32a2f,0.15736455273205746,core_mnist_rotation,0.8656514684958287,ucpa_coord_only,192,0.36517280682772035,0.012698448567501646,/mnt/data/ucpa_results_review/UCPA_Pilot_Study_outputs/outputs/core_mnist_rotation/core_mnist_rotation__seed6102__20261003-000500__6aade289,0.14569315396786825,clean,6102,0.96,0.7368570963541667
0.2801862050895316,0.5335693359375,0.52655029296875,0.9242731225558658,0.7362204724409449,9000.0,b932a8dd6ea8fec31ab028dbe451dc125e4939c6ae38e7e77e0d62ebd7d32a2f,0.15723829985154225,core_mnist_rotation,0.865273922115072,ucpa_whole_only,192,0.38277137532756866,7.011378463541075e-05,/mnt/data/ucpa_results_review/UCPA_Pilot_Study_outputs/outputs/core_mnist_rotation/core_mnist_rotation__seed6102__20261003-000500__6aade289,0.14645627442281717,clean,6102,0.96,0.7389729817708334
0.25264530866296653,0.5335693359375,0.52655029296875,0.9242731225558658,0.7362204724409449,3880.0,b932a8dd6ea8fec31ab028dbe451dc125e4939c6ae38e7e77e0d62ebd7d32a2f,0.15603155562803295,core_mnist_rotation,0.8660361666468815,xfedalign_median,192,0.25881854548831157,0.1765097446613091,/mnt/data/ucpa_results_review/UCPA_Pilot_Study_outputs/outputs/core_mnist_rotation/core_mnist_rotation__seed6102__20261003-000500__6aade289,0.1435329787690428,clean,6102,0.96,0.7609456380208334
0.4401906957162433,0.68359375,0.60546875,0.375,0.25,400.0,d132a809a19a1a5e92e526445ea1a2fbd082466d8308f867d1c1840222d9c5f3,0.2661743159405887,sanity_synthetic,0.26626005256548524,cluster,8,0.4459589677126951,0.09357900009696947,/mnt/data/ucpa_results_review/UCPA_Pilot_Study_outputs/outputs/sanity_synthetic/sanity_synthetic__seed101__20261002-224039__ef283982,0.14527433701025852,clean,101,0.3875,0.17578125
0.3161378908279473,0.68359375,0.60546875,0.375,0.25,400.0,d132a809a19a1a5e92e526445ea1a2fbd082466d8308f867d1c1840222d9c5f3,0.2661607223562896,sanity_synthetic,0.2666671243496239,fedattr_mean,8,0.0,0.0,/mnt/data/ucpa_results_review/UCPA_Pilot_Study_outputs/outputs/sanity_synthetic/sanity_synthetic__seed101__20261002-224039__ef283982,0.32585615633490317,clean,101,0.3875,0.15234375
0.5013062820036158,0.68359375,0.60546875,0.375,0.25,0.0,d132a809a19a1a5e92e526445ea1a2fbd082466d8308f867d1c1840222d9c5f3,0.26607571402564645,sanity_synthetic,0.2664896701462567,local,8,0.5813447329314766,0.30371297102643724,/mnt/data/ucpa_results_review/UCPA_Pilot_Study_outputs/outputs/sanity_synthetic/sanity_synthetic__seed101__20261002-224039__ef283982,0.13801255555627423,clean,101,0.3875,0.22265625
0.5013062819570411,0.68359375,0.60546875,0.375,0.25,912.0,d132a809a19a1a5e92e526445ea1a2fbd082466d8308f867d1c1840222d9c5f3,0.2660917923785746,sanity_synthetic,0.2664787354879081,ucpa,8,0.5813447327386717,1.6197715511758717e-15,/mnt/data/ucpa_results_review/UCPA_Pilot_Study_outputs/outputs/sanity_synthetic/sanity_synthetic__seed101__20261002-224039__ef283982,0.1622217339438455,clean,101,0.3875,0.13671875
0.5013026251574626,0.68359375,0.60546875,0.375,0.25,912.0,d132a809a19a1a5e92e526445ea1a2fbd082466d8308f867d1c1840222d9c5f3,0.2660917923785746,sanity_synthetic,0.2664787354879081,ucpa_coord_only,8,0.5813273432408388,7.100424676074864e-06,/mnt/data/ucpa_results_review/UCPA_Pilot_Study_outputs/outputs/sanity_synthetic/sanity_synthetic__seed101__20261002-224039__ef283982,0.16220992808652404,clean,101,0.3875,0.13671875
0.5013062814693213,0.68359375,0.60546875,0.375,0.25,912.0,d132a809a19a1a5e92e526445ea1a2fbd082466d8308f867d1c1840222d9c5f3,0.2660917923785746,sanity_synthetic,0.2664787354879081,ucpa_whole_only,8,0.5813447300775566,1.0109841639184312e-13,/mnt/data/ucpa_results_review/UCPA_Pilot_Study_outputs/outputs/sanity_synthetic/sanity_synthetic__seed101__20261002-224039__ef283982,0.1622217338318212,clean,101,0.3875,0.13671875
0.4648502688245451,0.68359375,0.60546875,0.375,0.25,400.0,d132a809a19a1a5e92e526445ea1a2fbd082466d8308f867d1c1840222d9c5f3,0.26621505664661527,sanity_synthetic,0.2661752081476152,xfedalign_median,8,0.39227377349003173,0.23281558523221302,/mnt/data/ucpa_results_review/UCPA_Pilot_Study_outputs/outputs/sanity_synthetic/sanity_synthetic__seed101__20261002-224039__ef283982,0.15432599485745763,clean,101,0.3875,0.17578125
0.22749371272653712,0.539642333984375,0.5589599609375,0.9276615131297082,0.7076923076923077,3880.0,8319ce4bd63159370f66769a31bbe4dfa17158fa1facf706291ca40a477b2740,0.1665599839174926,sensitivity_mnist_z4_h0p048,0.8894263758838254,cluster,192,0.2715424867048671,0.0779726100586417,/mnt/data/ucpa_results_review/UCPA_Pilot_Study_outputs/outputs/sensitivity_mnist_z4_h0p048/sensitivity_mnist_z4_h0p048__seed6103__20261004-002428__d48aca00,0.14420335429276146,clean,6103,0.9635,0.7596435546875
0.17018474425503927,0.539642333984375,0.5589599609375,0.9276615131297082,0.7076923076923077,3880.0,8319ce4bd63159370f66769a31bbe4dfa17158fa1facf706291ca40a477b2740,0.22008541672383522,sensitivity_mnist_z4_h0p048,0.8599558928084055,fedattr_mean,192,0.0,1.2860936084062536e-17,/mnt/data/ucpa_results_review/UCPA_Pilot_Study_outputs/outputs/sensitivity_mnist_z4_h0p048/sensitivity_mnist_z4_h0p048__seed6103__20261004-002428__d48aca00,0.30026119928871947,clean,6103,0.9635,0.49751790364583337
0.27333907562689563,0.539642333984375,0.5589599609375,0.9276615131297082,0.7076923076923077,0.0,8319ce4bd63159370f66769a31bbe4dfa17158fa1facf706291ca40a477b2740,0.1641173736267471,sensitivity_mnist_z4_h0p048,0.8907147085104953,local,192,0.3624658157658609,0.23804909495070609,/mnt/data/ucpa_results_review/UCPA_Pilot_Study_outputs/outputs/sensitivity_mnist_z4_h0p048/sensitivity_mnist_z4_h0p048__seed6103__20261004-002428__d48aca00,0.12698230772774136,clean,6103,0.9635,0.820556640625
0.2731571777065361,0.539642333984375,0.5589599609375,0.9276615131297082,0.7076923076923077,9000.0,8319ce4bd63159370f66769a31bbe4dfa17158fa1facf706291ca40a477b2740,0.16684554076958497,sensitivity_mnist_z4_h0p048,0.8884931584609148,ucpa,192,0.3622094872036783,2.8591795040033e-05,/mnt/data/ucpa_results_review/UCPA_Pilot_Study_outputs/outputs/sensitivity_mnist_z4_h0p048/sensitivity_mnist_z4_h0p048__seed6103__20261004-002428__d48aca00,0.14641057261674836,clean,6103,0.9635,0.7402750651041666
0.2588691215564428,0.539642333984375,0.5589599609375,0.9276615131297082,0.7076923076923077,9000.0,8319ce4bd63159370f66769a31bbe4dfa17158fa1facf706291ca40a477b2740,0.16751197480364985,sensitivity_mnist_z4_h0p048,0.8889566790909156,ucpa_coord_only,192,0.3350087045563191,0.019554961424110943,/mnt/data/ucpa_results_review/UCPA_Pilot_Study_outputs/outputs/sensitivity_mnist_z4_h0p048/sensitivity_mnist_z4_h0p048__seed6103__20261004-002428__d48aca00,0.14464580822235054,clean,6103,0.9635,0.7391357421875
0.272840675358064,0.539642333984375,0.5589599609375,0.9276615131297082,0.7076923076923077,9000.0,8319ce4bd63159370f66769a31bbe4dfa17158fa1facf706291ca40a477b2740,0.16682527940508105,sensitivity_mnist_z4_h0p048,0.888461530594941,ucpa_whole_only,192,0.3617558238137998,9.921422738268664e-05,/mnt/data/ucpa_results_review/UCPA_Pilot_Study_outputs/outputs/sensitivity_mnist_z4_h0p048/sensitivity_mnist_z4_h0p048__seed6103__20261004-002428__d48aca00,0.1463721891983763,clean,6103,0.9635,0.740234375
0.24334716141439167,0.539642333984375,0.5589599609375,0.9276615131297082,0.7076923076923077,3880.0,8319ce4bd63159370f66769a31bbe4dfa17158fa1facf706291ca40a477b2740,0.1668226969202806,sensitivity_mnist_z4_h0p048,0.8900018639792203,xfedalign_median,192,0.24261579177674017,0.176464763325837,/mnt/data/ucpa_results_review/UCPA_Pilot_Study_outputs/outputs/sensitivity_mnist_z4_h0p048/sensitivity_mnist_z4_h0p048__seed6103__20261004-002428__d48aca00,0.1472410990094795,clean,6103,0.9635,0.7507731119791666
0.23150669389811257,0.510589599609375,0.502532958984375,0.9593727460979786,0.9157509157509157,3880.0,8319ce4bd63159370f66769a31bbe4dfa17158fa1facf706291ca40a477b2740,0.16620611134846208,sensitivity_mnist_z4_h0p048,0.8953336172268678,cluster,192,0.2892210429533392,0.08227066701431074,/mnt/data/ucpa_results_review/UCPA_Pilot_Study_outputs/outputs/sensitivity_mnist_z4_h0p048/sensitivity_mnist_z4_h0p048__seed6101__20261003-235905__f32ffae0,0.14383708096041573,clean,6101,0.9697,0.7715657552083334
0.17884273612052198,0.510589599609375,0.502532958984375,0.9593727460979786,0.9157509157509157,3880.0,8319ce4bd63159370f66769a31bbe4dfa17158fa1facf706291ca40a477b2740,0.22315446786860493,sensitivity_mnist_z4_h0p048,0.8597895302860706,fedattr_mean,192,0.0,1.8641364361360352e-17,/mnt/data/ucpa_results_review/UCPA_Pilot_Study_outputs/outputs/sensitivity_mnist_z4_h0p048/sensitivity_mnist_z4_h0p048__seed6101__20261003-235905__f32ffae0,0.28652734003211133,clean,6101,0.9697,0.525146484375
0.2718797027898493,0.510589599609375,0.502532958984375,0.9593727460979786,0.9157509157509157,0.0,8319ce4bd63159370f66769a31bbe4dfa17158fa1facf706291ca40a477b2740,0.16511989565715338,sensitivity_mnist_z4_h0p048,0.896656165864897,local,192,0.3812355271666494,0.2448097130515075,/mnt/data/ucpa_results_review/UCPA_Pilot_Study_outputs/outputs/sensitivity_mnist_z4_h0p048/sensitivity_mnist_z4_h0p048__seed6101__20261003-235905__f32ffae0,0.12840990620319037,clean,6101,0.9697,0.8442789713541667
0.27161126390309337,0.510589599609375,0.502532958984375,0.9593727460979786,0.9157509157509157,9000.0,8319ce4bd63159370f66769a31bbe4dfa17158fa1facf706291ca40a477b2740,0.16773979362448396,sensitivity_mnist_z4_h0p048,0.8938283460724658,ucpa,192,0.380869581565834,4.9762946421219026e-05,/mnt/data/ucpa_results_review/UCPA_Pilot_Study_outputs/outputs/sensitivity_mnist_z4_h0p048/sensitivity_mnist_z4_h0p048__seed6101__20261003-235905__f32ffae0,0.1473707068484905,clean,6101,0.9697,0.7530110677083334
0.2573511316906942,0.510589599609375,0.502532958984375,0.9593727460979786,0.9157509157509157,9000.0,8319ce4bd63159370f66769a31bbe4dfa17158fa1facf706291ca40a477b2740,0.16794633307272305,sensitivity_mnist_z4_h0p048,0.8940417898697006,ucpa_coord_only,192,0.3526796244720624,0.020931243241359546,/mnt/data/ucpa_results_review/UCPA_Pilot_Study_outputs/outputs/sensitivity_mnist_z4_h0p048/sensitivity_mnist_z4_h0p048__seed6101__20261003-235905__f32ffae0,0.14586449879425906,clean,6101,0.9697,0.7481689453125
0.27118212070647957,0.510589599609375,0.502532958984375,0.9593727460979786,0.9157509157509157,9000.0,8319ce4bd63159370f66769a31bbe4dfa17158fa1facf706291ca40a477b2740,0.16762797958260003,sensitivity_mnist_z4_h0p048,0.8938230635487343,ucpa_whole_only,192,0.3802493233166238,0.00016870458250609006,/mnt/data/ucpa_results_review/UCPA_Pilot_Study_outputs/outputs/sensitivity_mnist_z4_h0p048/sensitivity_mnist_z4_h0p048__seed6101__20261003-235905__f32ffae0,0.147291946706642,clean,6101,0.9697,0.752685546875
0.24412345448197353,0.510589599609375,0.502532958984375,0.9593727460979786,0.9157509157509157,3880.0,8319ce4bd63159370f66769a31bbe4dfa17158fa1facf706291ca40a477b2740,0.16723436743838344,sensitivity_mnist_z4_h0p048,0.896864229289046,xfedalign_median,192,0.2574461340110358,0.17860086638762804,/mnt/data/ucpa_results_review/UCPA_Pilot_Study_outputs/outputs/sensitivity_mnist_z4_h0p048/sensitivity_mnist_z4_h0p048__seed6101__20261003-235905__f32ffae0,0.1451671599269203,clean,6101,0.9697,0.7743733723958333
0.23211712344773142,0.5364990234375,0.54437255859375,0.9354182054806377,0.7440944881889764,3880.0,8319ce4bd63159370f66769a31bbe4dfa17158fa1facf706291ca40a477b2740,0.15525812699343078,sensitivity_mnist_z4_h0p048,0.8829520142969463,cluster,192,0.29530010363708825,0.08359522316997287,/mnt/data/ucpa_results_review/UCPA_Pilot_Study_outputs/outputs/sensitivity_mnist_z4_h0p048/sensitivity_mnist_z4_h0p048__seed6102__20261004-001159__7e007ae7,0.1416256415456418,clean,6102,0.966,0.7621256510416667
0.1688194762164727,0.5364990234375,0.54437255859375,0.9354182054806377,0.7440944881889764,3880.0,8319ce4bd63159370f66769a31bbe4dfa17158fa1facf706291ca40a477b2740,0.21464675494031932,sensitivity_mnist_z4_h0p048,0.8519527746559106,fedattr_mean,192,0.0,1.4715877293975556e-17,/mnt/data/ucpa_results_review/UCPA_Pilot_Study_outputs/outputs/sensitivity_mnist_z4_h0p048/sensitivity_mnist_z4_h0p048__seed6102__20261004-001159__7e007ae7,0.2828087926555707,clean,6102,0.966,0.5211181640625
0.27634915363269497,0.5364990234375,0.54437255859375,0.9354182054806377,0.7440944881889764,0.0,8319ce4bd63159370f66769a31bbe4dfa17158fa1facf706291ca40a477b2740,0.14963935930863953,sensitivity_mnist_z4_h0p048,0.8822948344393808,local,192,0.38870108219389576,0.24235801099957804,/mnt/data/ucpa_results_review/UCPA_Pilot_Study_outputs/outputs/sensitivity_mnist_z4_h0p048/sensitivity_mnist_z4_h0p048__seed6102__20261004-001159__7e007ae7,0.125778683894644,clean,6102,0.966,0.8221435546875
0.276182923718417,0.5364990234375,0.54437255859375,0.9354182054806377,0.7440944881889764,9000.0,8319ce4bd63159370f66769a31bbe4dfa17158fa1facf706291ca40a477b2740,0.15444112985120834,sensitivity_mnist_z4_h0p048,0.8808918754965513,ucpa,192,0.3884729084625653,3.2481233602790726e-05,/mnt/data/ucpa_results_review/UCPA_Pilot_Study_outputs/outputs/sensitivity_mnist_z4_h0p048/sensitivity_mnist_z4_h0p048__seed6102__20261004-001159__7e007ae7,0.1460793375382009,clean,6102,0.966,0.7385660807291667
0.2619956841113513,0.5364990234375,0.54437255859375,0.9354182054806377,0.7440944881889764,9000.0,8319ce4bd63159370f66769a31bbe4dfa17158fa1facf706291ca40a477b2740,0.15481578018055492,sensitivity_mnist_z4_h0p048,0.8806166431141416,ucpa_coord_only,192,0.361236915168487,0.021364291622891992,/mnt/data/ucpa_results_review/UCPA_Pilot_Study_outputs/outputs/sensitivity_mnist_z4_h0p048/sensitivity_mnist_z4_h0p048__seed6102__20261004-001159__7e007ae7,0.1445819719831065,clean,6102,0.966,0.7366536458333333
0.27588397465519443,0.5364990234375,0.54437255859375,0.9354182054806377,0.7440944881889764,9000.0,8319ce4bd63159370f66769a31bbe4dfa17158fa1facf706291ca40a477b2740,0.15445812699508676,sensitivity_mnist_z4_h0p048,0.8808962461623498,ucpa_whole_only,192,0.3880897564480844,9.6521780448449e-05,/mnt/data/ucpa_results_review/UCPA_Pilot_Study_outputs/outputs/sensitivity_mnist_z4_h0p048/sensitivity_mnist_z4_h0p048__seed6102__20261004-001159__7e007ae7,0.14603137562916851,clean,6102,0.966,0.7384033203125
0.24557022201268436,0.5364990234375,0.54437255859375,0.9354182054806377,0.7440944881889764,3880.0,8319ce4bd63159370f66769a31bbe4dfa17158fa1facf706291ca40a477b2740,0.154201074625477,sensitivity_mnist_z4_h0p048,0.8829211128235328,xfedalign_median,192,0.2593157818020912,0.17342002016900968,/mnt/data/ucpa_results_review/UCPA_Pilot_Study_outputs/outputs/sensitivity_mnist_z4_h0p048/sensitivity_mnist_z4_h0p048__seed6102__20261004-001159__7e007ae7,0.1420199865452509,clean,6102,0.966,0.7569986979166667
0.2323658819084028,0.537445068359375,0.534881591796875,0.9472351753924035,0.8620689655172413,3880.0,8319ce4bd63159370f66769a31bbe4dfa17158fa1facf706291ca40a477b2740,0.15625240726124806,sensitivity_mnist_z4_h0p048,0.8900961560776826,cluster,192,0.27686952356067773,0.0855011420129877,/mnt/data/ucpa_results_review/UCPA_Pilot_Study_outputs/outputs/sensitivity_mnist_z4_h0p048/sensitivity_mnist_z4_h0p048__seed6104__20261004-003727__8c7eaa1e,0.13960591152427576,clean,6104,0.9642,0.7683512369791666
0.1773658690435289,0.537445068359375,0.534881591796875,0.9472351753924035,0.8620689655172413,3880.0,8319ce4bd63159370f66769a31bbe4dfa17158fa1facf706291ca40a477b2740,0.20834920927736678,sensitivity_mnist_z4_h0p048,0.8684441806920707,fedattr_mean,192,0.0,1.8958649106721913e-17,/mnt/data/ucpa_results_review/UCPA_Pilot_Study_outputs/outputs/sensitivity_mnist_z4_h0p048/sensitivity_mnist_z4_h0p048__seed6104__20261004-003727__8c7eaa1e,0.28447118991455417,clean,6104,0.9642,0.5157470703125
0.2749248718368733,0.537445068359375,0.534881591796875,0.9472351753924035,0.8620689655172413,0.0,8319ce4bd63159370f66769a31bbe4dfa17158fa1facf706291ca40a477b2740,0.15311643829845706,sensitivity_mnist_z4_h0p048,0.8907495343153036,local,192,0.3784318891574753,0.23685361734429133,/mnt/data/ucpa_results_review/UCPA_Pilot_Study_outputs/outputs/sensitivity_mnist_z4_h0p048/sensitivity_mnist_z4_h0p048__seed6104__20261004-003727__8c7eaa1e,0.12204801458378269,clean,6104,0.9642,0.8299560546875
0.2746591313762289,0.537445068359375,0.534881591796875,0.9472351753924035,0.8620689655172413,9000.0,8319ce4bd63159370f66769a31bbe4dfa17158fa1facf706291ca40a477b2740,0.15540422831909384,sensitivity_mnist_z4_h0p048,0.8879877057285437,ucpa,192,0.3780790184575932,4.6997434980689527e-05,/mnt/data/ucpa_results_review/UCPA_Pilot_Study_outputs/outputs/sensitivity_mnist_z4_h0p048/sensitivity_mnist_z4_h0p048__seed6104__20261004-003727__8c7eaa1e,0.1432118588515043,clean,6104,0.9642,0.741455078125
0.2584840440135981,0.537445068359375,0.534881591796875,0.9472351753924035,0.8620689655172413,9000.0,8319ce4bd63159370f66769a31bbe4dfa17158fa1facf706291ca40a477b2740,0.15540274713008936,sensitivity_mnist_z4_h0p048,0.8883403463461339,ucpa_coord_only,192,0.3453831662435178,0.02570132721809448,/mnt/data/ucpa_results_review/UCPA_Pilot_Study_outputs/outputs/sensitivity_mnist_z4_h0p048/sensitivity_mnist_z4_h0p048__seed6104__20261004-003727__8c7eaa1e,0.1416772728816187,clean,6104,0.9642,0.739501953125
0.2743239687131958,0.537445068359375,0.534881591796875,0.9472351753924035,0.8620689655172413,9000.0,8319ce4bd63159370f66769a31bbe4dfa17158fa1facf706291ca40a477b2740,0.15531160154375054,sensitivity_mnist_z4_h0p048,0.8879746256119688,ucpa_whole_only,192,0.3776640759873712,0.00013021657834461263,/mnt/data/ucpa_results_review/UCPA_Pilot_Study_outputs/outputs/sensitivity_mnist_z4_h0p048/sensitivity_mnist_z4_h0p048__seed6104__20261004-003727__8c7eaa1e,0.14314587943238946,clean,6104,0.9642,0.7418619791666666
0.2439708915903922,0.537445068359375,0.534881591796875,0.9472351753924035,0.8620689655172413,3880.0,8319ce4bd63159370f66769a31bbe4dfa17158fa1facf706291ca40a477b2740,0.15495861737726954,sensitivity_mnist_z4_h0p048,0.889762547265127,xfedalign_median,192,0.25211915282281844,0.16799399600189452,/mnt/data/ucpa_results_review/UCPA_Pilot_Study_outputs/outputs/sensitivity_mnist_z4_h0p048/sensitivity_mnist_z4_h0p048__seed6104__20261004-003727__8c7eaa1e,0.1387647338916772,clean,6104,0.9642,0.7666829427083333
0.2473971773830414,0.538848876953125,0.55340576171875,0.9384811335066237,0.8514851485148515,3880.0,8319ce4bd63159370f66769a31bbe4dfa17158fa1facf706291ca40a477b2740,0.16569806308762053,sensitivity_mnist_z4_h0p048,0.8946524184769562,cluster,192,0.29090507213411265,0.07982716995565221,/mnt/data/ucpa_results_review/UCPA_Pilot_Study_outputs/outputs/sensitivity_mnist_z4_h0p048/sensitivity_mnist_z4_h0p048__seed6105__20261004-005045__93682da5,0.13501364098292745,clean,6105,0.9451,0.7610677083333334
0.1932725765123497,0.538848876953125,0.55340576171875,0.9384811335066237,0.8514851485148515,3880.0,8319ce4bd63159370f66769a31bbe4dfa17158fa1facf706291ca40a477b2740,0.2244017995565931,sensitivity_mnist_z4_h0p048,0.8602514076616595,fedattr_mean,192,0.0,1.943274198083193e-17,/mnt/data/ucpa_results_review/UCPA_Pilot_Study_outputs/outputs/sensitivity_mnist_z4_h0p048/sensitivity_mnist_z4_h0p048__seed6105__20261004-005045__93682da5,0.2784510475915435,clean,6105,0.9451,0.5308024088541667
0.28531102506439754,0.538848876953125,0.55340576171875,0.9384811335066237,0.8514851485148515,0.0,8319ce4bd63159370f66769a31bbe4dfa17158fa1facf706291ca40a477b2740,0.16217822613980387,sensitivity_mnist_z4_h0p048,0.8953470222089285,local,192,0.3740851387357933,0.23548747934133143,/mnt/data/ucpa_results_review/UCPA_Pilot_Study_outputs/outputs/sensitivity_mnist_z4_h0p048/sensitivity_mnist_z4_h0p048__seed6105__20261004-005045__93682da5,0.11741545011293633,clean,6105,0.9451,0.8466796875
0.28510712289138984,0.538848876953125,0.55340576171875,0.9384811335066237,0.8514851485148515,9000.0,8319ce4bd63159370f66769a31bbe4dfa17158fa1facf706291ca40a477b2740,0.16530402743956074,sensitivity_mnist_z4_h0p048,0.8937844824123506,ucpa,192,0.3737320052944466,4.0571052590570647e-05,/mnt/data/ucpa_results_review/UCPA_Pilot_Study_outputs/outputs/sensitivity_mnist_z4_h0p048/sensitivity_mnist_z4_h0p048__seed6105__20261004-005045__93682da5,0.13782930568989069,clean,6105,0.9451,0.7482096354166666
0.2703131884928988,0.538848876953125,0.55340576171875,0.9384811335066237,0.8514851485148515,9000.0,8319ce4bd63159370f66769a31bbe4dfa17158fa1facf706291ca40a477b2740,0.16523473240449676,sensitivity_mnist_z4_h0p048,0.8945606818936843,ucpa_coord_only,192,0.34128424188625955,0.02481866411346903,/mnt/data/ucpa_results_review/UCPA_Pilot_Study_outputs/outputs/sensitivity_mnist_z4_h0p048/sensitivity_mnist_z4_h0p048__seed6105__20261004-005045__93682da5,0.13625755524602134,clean,6105,0.9451,0.7433675130208334
0.2848188360906838,0.538848876953125,0.55340576171875,0.9384811335066237,0.8514851485148515,9000.0,8319ce4bd63159370f66769a31bbe4dfa17158fa1facf706291ca40a477b2740,0.1652966846129857,sensitivity_mnist_z4_h0p048,0.8937543412592883,ucpa_whole_only,192,0.37327155451554317,0.0001146620792860652,/mnt/data/ucpa_results_review/UCPA_Pilot_Study_outputs/outputs/sensitivity_mnist_z4_h0p048/sensitivity_mnist_z4_h0p048__seed6105__20261004-005045__93682da5,0.13777216871773829,clean,6105,0.9451,0.7473551432291666
0.2568090409872961,0.538848876953125,0.55340576171875,0.9384811335066237,0.8514851485148515,3880.0,8319ce4bd63159370f66769a31bbe4dfa17158fa1facf706291ca40a477b2740,0.16457156105558776,sensitivity_mnist_z4_h0p048,0.8950241332592366,xfedalign_median,192,0.2505725803069279,0.1689621012380503,/mnt/data/ucpa_results_review/UCPA_Pilot_Study_outputs/outputs/sensitivity_mnist_z4_h0p048/sensitivity_mnist_z4_h0p048__seed6105__20261004-005045__93682da5,0.1340702395043955,clean,6105,0.9451,0.7716471354166667
0.22089626793023637,0.5812684107688064,0.5816404011710198,0.9105646963714775,0.8125,3880.0,c4f653fbb4bfda872a147a8c44bbc802ffdc5a448c2b800ecd58c1b51cc5df15,0.15426659468891255,stress_mnist_rotation_unequal_sizes,0.8549359555763658,cluster,192,0.2991481247336999,0.08681529517489028,/mnt/data/ucpa_results_review/UCPA_Pilot_Study_outputs/outputs/stress_mnist_rotation_unequal_sizes/stress_mnist_rotation_unequal_sizes__seed6105__20261003-063826__929ef07f,0.13886660346277407,clean,6105,0.8905,0.7472330729166667
0.18434298358285067,0.5812684107688064,0.5816404011710198,0.9105646963714775,0.8125,3880.0,c4f653fbb4bfda872a147a8c44bbc802ffdc5a448c2b800ecd58c1b51cc5df15,0.2078177469812848,stress_mnist_rotation_unequal_sizes,0.8281537435153343,fedattr_mean,192,0.0,2.085225508017874e-17,/mnt/data/ucpa_results_review/UCPA_Pilot_Study_outputs/outputs/stress_mnist_rotation_unequal_sizes/stress_mnist_rotation_unequal_sizes__seed6105__20261003-063826__929ef07f,0.293299042662981,clean,6105,0.8905,0.5115559895833334
0.2509817853012194,0.5812684107688064,0.5816404011710198,0.9105646963714775,0.8125,0.0,c4f653fbb4bfda872a147a8c44bbc802ffdc5a448c2b800ecd58c1b51cc5df15,0.15211804584250788,stress_mnist_rotation_unequal_sizes,0.8547156466108087,local,192,0.3765870999003073,0.25206448080739324,/mnt/data/ucpa_results_review/UCPA_Pilot_Study_outputs/outputs/stress_mnist_rotation_unequal_sizes/stress_mnist_rotation_unequal_sizes__seed6105__20261003-063826__929ef07f,0.11866187270450786,clean,6105,0.8905,0.8364664713541667
0.250848506823572,0.5812684107688064,0.5816404011710198,0.9105646963714775,0.8125,9000.0,c4f653fbb4bfda872a147a8c44bbc802ffdc5a448c2b800ecd58c1b51cc5df15,0.15548142597059875,stress_mnist_rotation_unequal_sizes,0.8537425667110559,ucpa,192,0.3764252736147885,1.3911568759177755e-05,/mnt/data/ucpa_results_review/UCPA_Pilot_Study_outputs/outputs/stress_mnist_rotation_unequal_sizes/stress_mnist_rotation_unequal_sizes__seed6105__20261003-063826__929ef07f,0.13921433044684914,clean,6105,0.8905,0.7392578125
0.23850148929353668,0.5812684107688064,0.5816404011710198,0.9105646963714775,0.8125,9000.0,c4f653fbb4bfda872a147a8c44bbc802ffdc5a448c2b800ecd58c1b51cc5df15,0.15540480745257812,stress_mnist_rotation_unequal_sizes,0.8542598383520574,ucpa_coord_only,192,0.3472426827837622,0.021091517631432608,/mnt/data/ucpa_results_review/UCPA_Pilot_Study_outputs/outputs/stress_mnist_rotation_unequal_sizes/stress_mnist_rotation_unequal_sizes__seed6105__20261003-063826__929ef07f,0.1382064136999548,clean,6105,0.8905,0.7346598307291666
0.2503847996471709,0.5812684107688064,0.5816404011710198,0.9105646963714775,0.8125,9000.0,c4f653fbb4bfda872a147a8c44bbc802ffdc5a448c2b800ecd58c1b51cc5df15,0.15546115032436014,stress_mnist_rotation_unequal_sizes,0.8537399606667653,ucpa_whole_only,192,0.37593819798846323,7.36954591109761e-05,/mnt/data/ucpa_results_review/UCPA_Pilot_Study_outputs/outputs/stress_mnist_rotation_unequal_sizes/stress_mnist_rotation_unequal_sizes__seed6105__20261003-063826__929ef07f,0.13916788648135425,clean,6105,0.8905,0.73876953125
0.23005370207329356,0.5812684107688064,0.5816404011710198,0.9105646963714775,0.8125,3880.0,c4f653fbb4bfda872a147a8c44bbc802ffdc5a448c2b800ecd58c1b51cc5df15,0.15485143129966067,stress_mnist_rotation_unequal_sizes,0.8555393381313479,xfedalign_median,192,0.2602379542856517,0.2108132844166491,/mnt/data/ucpa_results_review/UCPA_Pilot_Study_outputs/outputs/stress_mnist_rotation_unequal_sizes/stress_mnist_rotation_unequal_sizes__seed6105__20261003-063826__929ef07f,0.1397727580813698,clean,6105,0.8905,0.7561442057291667
0.22875289881985414,0.5643524293474823,0.5697039193630862,0.6020844452692607,0.102803738317757,3880.0,c4f653fbb4bfda872a147a8c44bbc802ffdc5a448c2b800ecd58c1b51cc5df15,0.13639305937466115,stress_mnist_rotation_unequal_sizes,0.7122503732203692,cluster,192,0.2874607373912364,0.10787009727627042,/mnt/data/ucpa_results_review/UCPA_Pilot_Study_outputs/outputs/stress_mnist_rotation_unequal_sizes/stress_mnist_rotation_unequal_sizes__seed6104__20261003-062902__87cfbbdb,0.1487920553193409,clean,6104,0.6461,0.7734375
0.20568951236596555,0.5643524293474823,0.5697039193630862,0.6020844452692607,0.102803738317757,3880.0,c4f653fbb4bfda872a147a8c44bbc802ffdc5a448c2b800ecd58c1b51cc5df15,0.1659455600622067,stress_mnist_rotation_unequal_sizes,0.7095649960832284,fedattr_mean,192,0.0,8.195719262113086e-18,/mnt/data/ucpa_results_review/UCPA_Pilot_Study_outputs/outputs/stress_mnist_rotation_unequal_sizes/stress_mnist_rotation_unequal_sizes__seed6104__20261003-062902__87cfbbdb,0.3122956104572413,clean,6104,0.6461,0.48140462239583337
0.2698519142486519,0.5643524293474823,0.5697039193630862,0.6020844452692607,0.102803738317757,0.0,c4f653fbb4bfda872a147a8c44bbc802ffdc5a448c2b800ecd58c1b51cc5df15,0.13655431727902112,stress_mnist_rotation_unequal_sizes,0.7150670586045408,local,192,0.3955233539837914,0.285847893648443,/mnt/data/ucpa_results_review/UCPA_Pilot_Study_outputs/outputs/stress_mnist_rotation_unequal_sizes/stress_mnist_rotation_unequal_sizes__seed6104__20261003-062902__87cfbbdb,0.12977936218708458,clean,6104,0.6461,0.8384602864583333
0.2698055885422652,0.5643524293474823,0.5697039193630862,0.6020844452692607,0.102803738317757,9000.0,c4f653fbb4bfda872a147a8c44bbc802ffdc5a448c2b800ecd58c1b51cc5df15,0.13996790179686136,stress_mnist_rotation_unequal_sizes,0.712028808115421,ucpa,192,0.3954601576038589,6.514670868998666e-06,/mnt/data/ucpa_results_review/UCPA_Pilot_Study_outputs/outputs/stress_mnist_rotation_unequal_sizes/stress_mnist_rotation_unequal_sizes__seed6104__20261003-062902__87cfbbdb,0.15082540485646462,clean,6104,0.6461,0.7444254557291667
0.2613421830963994,0.5643524293474823,0.5697039193630862,0.6020844452692607,0.102803738317757,9000.0,c4f653fbb4bfda872a147a8c44bbc802ffdc5a448c2b800ecd58c1b51cc5df15,0.1398109050993232,stress_mnist_rotation_unequal_sizes,0.7122836740527343,ucpa_coord_only,192,0.37941299867388817,0.010251522621893822,/mnt/data/ucpa_results_review/UCPA_Pilot_Study_outputs/outputs/stress_mnist_rotation_unequal_sizes/stress_mnist_rotation_unequal_sizes__seed6104__20261003-062902__87cfbbdb,0.15008668219503557,clean,6104,0.6461,0.7425537109375
0.2694809858800205,0.5643524293474823,0.5697039193630862,0.6020844452692607,0.102803738317757,9000.0,c4f653fbb4bfda872a147a8c44bbc802ffdc5a448c2b800ecd58c1b51cc5df15,0.13995153309944044,stress_mnist_rotation_unequal_sizes,0.7120208723972534,ucpa_whole_only,192,0.3949747299531903,7.665061026264587e-05,/mnt/data/ucpa_results_review/UCPA_Pilot_Study_outputs/outputs/stress_mnist_rotation_unequal_sizes/stress_mnist_rotation_unequal_sizes__seed6104__20261003-062902__87cfbbdb,0.1507821775710379,clean,6104,0.6461,0.744384765625
0.24839317173465297,0.5643524293474823,0.5697039193630862,0.6020844452692607,0.102803738317757,3880.0,c4f653fbb4bfda872a147a8c44bbc802ffdc5a448c2b800ecd58c1b51cc5df15,0.13825963877876957,stress_mnist_rotation_unequal_sizes,0.7144744834742217,xfedalign_median,192,0.2710990957650384,0.22489225219883394,/mnt/data/ucpa_results_review/UCPA_Pilot_Study_outputs/outputs/stress_mnist_rotation_unequal_sizes/stress_mnist_rotation_unequal_sizes__seed6104__20261003-062902__87cfbbdb,0.1487034786175784,clean,6104,0.6461,0.7664388020833333
0.22389452387623704,0.5503745104270006,0.5400870066993811,0.9336752367645607,0.8529411764705882,3880.0,c4f653fbb4bfda872a147a8c44bbc802ffdc5a448c2b800ecd58c1b51cc5df15,0.1569272839337979,stress_mnist_rotation_unequal_sizes,0.870225574101399,cluster,192,0.2701827869793748,0.0925206634568997,/mnt/data/ucpa_results_review/UCPA_Pilot_Study_outputs/outputs/stress_mnist_rotation_unequal_sizes/stress_mnist_rotation_unequal_sizes__seed6101__20261003-060028__d1773355,0.13610231591712874,clean,6101,0.9248,0.7687174479166667
0.21952272285981989,0.5503745104270006,0.5400870066993811,0.9336752367645607,0.8529411764705882,3880.0,c4f653fbb4bfda872a147a8c44bbc802ffdc5a448c2b800ecd58c1b51cc5df15,0.2321941979248398,stress_mnist_rotation_unequal_sizes,0.8306335222363487,fedattr_mean,192,0.0,9.858954086797868e-18,/mnt/data/ucpa_results_review/UCPA_Pilot_Study_outputs/outputs/stress_mnist_rotation_unequal_sizes/stress_mnist_rotation_unequal_sizes__seed6101__20261003-060028__d1773355,0.33039254572193183,clean,6101,0.9248,0.43839518229166663
0.2597141328755504,0.5503745104270006,0.5400870066993811,0.9336752367645607,0.8529411764705882,0.0,c4f653fbb4bfda872a147a8c44bbc802ffdc5a448c2b800ecd58c1b51cc5df15,0.155324744646623,stress_mnist_rotation_unequal_sizes,0.8705915476274337,local,192,0.3683722393608669,0.27248158199164596,/mnt/data/ucpa_results_review/UCPA_Pilot_Study_outputs/outputs/stress_mnist_rotation_unequal_sizes/stress_mnist_rotation_unequal_sizes__seed6101__20261003-060028__d1773355,0.11644333636474091,clean,6101,0.9248,0.8391520182291666
0.25959605960240695,0.5503745104270006,0.5400870066993811,0.9336752367645607,0.8529411764705882,9000.0,c4f653fbb4bfda872a147a8c44bbc802ffdc5a448c2b800ecd58c1b51cc5df15,0.15737585590441086,stress_mnist_rotation_unequal_sizes,0.8690316005833059,ucpa,192,0.3681934068988703,1.9282007469693832e-05,/mnt/data/ucpa_results_review/UCPA_Pilot_Study_outputs/outputs/stress_mnist_rotation_unequal_sizes/stress_mnist_rotation_unequal_sizes__seed6101__20261003-060028__d1773355,0.1364169790092613,clean,6101,0.9248,0.751708984375
0.24859331506329427,0.5503745104270006,0.5400870066993811,0.9336752367645607,0.8529411764705882,9000.0,c4f653fbb4bfda872a147a8c44bbc802ffdc5a448c2b800ecd58c1b51cc5df15,0.15705256414483604,stress_mnist_rotation_unequal_sizes,0.8686821124310276,ucpa_coord_only,192,0.34282442381976125,0.01782215790830423,/mnt/data/ucpa_results_review/UCPA_Pilot_Study_outputs/outputs/stress_mnist_rotation_unequal_sizes/stress_mnist_rotation_unequal_sizes__seed6101__20261003-060028__d1773355,0.13570870537516072,clean,6101,0.9248,0.7477620442708333
0.2591117922611019,0.5503745104270006,0.5400870066993811,0.9336752367645607,0.8529411764705882,9000.0,c4f653fbb4bfda872a147a8c44bbc802ffdc5a448c2b800ecd58c1b51cc5df15,0.15719236183743607,stress_mnist_rotation_unequal_sizes,0.8690448830243743,ucpa_whole_only,192,0.36744680779546823,0.00013021898593606402,/mnt/data/ucpa_results_review/UCPA_Pilot_Study_outputs/outputs/stress_mnist_rotation_unequal_sizes/stress_mnist_rotation_unequal_sizes__seed6101__20261003-060028__d1773355,0.13633362336562133,clean,6101,0.9248,0.751220703125
0.2453662839557566,0.5503745104270006,0.5400870066993811,0.9336752367645607,0.8529411764705882,3880.0,c4f653fbb4bfda872a147a8c44bbc802ffdc5a448c2b800ecd58c1b51cc5df15,0.15838253278974057,stress_mnist_rotation_unequal_sizes,0.869287332019303,xfedalign_median,192,0.255519443093939,0.20819358118522757,/mnt/data/ucpa_results_review/UCPA_Pilot_Study_outputs/outputs/stress_mnist_rotation_unequal_sizes/stress_mnist_rotation_unequal_sizes__seed6101__20261003-060028__d1773355,0.14037029548991023,clean,6101,0.9248,0.7716064453125
0.21411847390987557,0.6117288971120542,0.5757450586336731,0.8966505203461292,0.75,3880.0,c4f653fbb4bfda872a147a8c44bbc802ffdc5a448c2b800ecd58c1b51cc5df15,0.17520238052426673,stress_mnist_rotation_unequal_sizes,0.8796246790057921,cluster,192,0.3006200646639099,0.08228388901217414,/mnt/data/ucpa_results_review/UCPA_Pilot_Study_outputs/outputs/stress_mnist_rotation_unequal_sizes/stress_mnist_rotation_unequal_sizes__seed6102__20261003-060926__7b288d39,0.14242937174285702,clean,6102,0.9335,0.7640787760416667
0.20898545332322072,0.6117288971120542,0.5757450586336731,0.8966505203461292,0.75,3880.0,c4f653fbb4bfda872a147a8c44bbc802ffdc5a448c2b800ecd58c1b51cc5df15,0.2603340328107152,stress_mnist_rotation_unequal_sizes,0.8512753602973437,fedattr_mean,192,0.0,9.58838926602676e-18,/mnt/data/ucpa_results_review/UCPA_Pilot_Study_outputs/outputs/stress_mnist_rotation_unequal_sizes/stress_mnist_rotation_unequal_sizes__seed6102__20261003-060926__7b288d39,0.331818966153694,clean,6102,0.9335,0.4534098307291667
0.24665240171924915,0.6117288971120542,0.5757450586336731,0.8966505203461292,0.75,0.0,c4f653fbb4bfda872a147a8c44bbc802ffdc5a448c2b800ecd58c1b51cc5df15,0.1714242744869504,stress_mnist_rotation_unequal_sizes,0.8804368485592325,local,192,0.3912728178678849,0.27397445272359094,/mnt/data/ucpa_results_review/UCPA_Pilot_Study_outputs/outputs/stress_mnist_rotation_unequal_sizes/stress_mnist_rotation_unequal_sizes__seed6102__20261003-060926__7b288d39,0.12048902593237959,clean,6102,0.9335,0.845458984375
0.24655730546237264,0.6117288971120542,0.5757450586336731,0.8966505203461292,0.75,9000.0,c4f653fbb4bfda872a147a8c44bbc802ffdc5a448c2b800ecd58c1b51cc5df15,0.17567700848073098,stress_mnist_rotation_unequal_sizes,0.8789558454898725,ucpa,192,0.39112214277266016,1.6871933735603754e-05,/mnt/data/ucpa_results_review/UCPA_Pilot_Study_outputs/outputs/stress_mnist_rotation_unequal_sizes/stress_mnist_rotation_unequal_sizes__seed6102__20261003-060926__7b288d39,0.1417603182851262,clean,6102,0.9335,0.75830078125
0.23542378997841157,0.6117288971120542,0.5757450586336731,0.8966505203461292,0.75,9000.0,c4f653fbb4bfda872a147a8c44bbc802ffdc5a448c2b800ecd58c1b51cc5df15,0.17559636752812366,stress_mnist_rotation_unequal_sizes,0.8794066421645766,ucpa_coord_only,192,0.36669188301778294,0.017825075631643657,/mnt/data/ucpa_results_review/UCPA_Pilot_Study_outputs/outputs/stress_mnist_rotation_unequal_sizes/stress_mnist_rotation_unequal_sizes__seed6102__20261003-060926__7b288d39,0.1407637509083179,clean,6102,0.9335,0.754150390625
0.24614265315669115,0.6117288971120542,0.5757450586336731,0.8966505203461292,0.75,9000.0,c4f653fbb4bfda872a147a8c44bbc802ffdc5a448c2b800ecd58c1b51cc5df15,0.1757036239462953,stress_mnist_rotation_unequal_sizes,0.8790875372842493,ucpa_whole_only,192,0.3906142342201102,9.504676439571197e-05,/mnt/data/ucpa_results_review/UCPA_Pilot_Study_outputs/outputs/stress_mnist_rotation_unequal_sizes/stress_mnist_rotation_unequal_sizes__seed6102__20261003-060926__7b288d39,0.14170011332053856,clean,6102,0.9335,0.7579345703125
0.2291462036495308,0.6117288971120542,0.5757450586336731,0.8966505203461292,0.75,3880.0,c4f653fbb4bfda872a147a8c44bbc802ffdc5a448c2b800ecd58c1b51cc5df15,0.17458339561223207,stress_mnist_rotation_unequal_sizes,0.879672295219704,xfedalign_median,192,0.269218689840248,0.2137705193307627,/mnt/data/ucpa_results_review/UCPA_Pilot_Study_outputs/outputs/stress_mnist_rotation_unequal_sizes/stress_mnist_rotation_unequal_sizes__seed6102__20261003-060926__7b288d39,0.14295708529413043,clean,6102,0.9335,0.7766927083333334
0.21972238855531565,0.5778520255253232,0.5461335280845905,0.8661516001563221,0.5666666666666667,3880.0,c4f653fbb4bfda872a147a8c44bbc802ffdc5a448c2b800ecd58c1b51cc5df15,0.16537285714930475,stress_mnist_rotation_unequal_sizes,0.8539633507603868,cluster,192,0.273655419449932,0.09529321927887138,/mnt/data/ucpa_results_review/UCPA_Pilot_Study_outputs/outputs/stress_mnist_rotation_unequal_sizes/stress_mnist_rotation_unequal_sizes__seed6103__20261003-061859__abfd058d,0.14325093786736764,clean,6103,0.9003,0.7622884114583334
0.19647927617561084,0.5778520255253232,0.5461335280845905,0.8661516001563221,0.5666666666666667,3880.0,c4f653fbb4bfda872a147a8c44bbc802ffdc5a448c2b800ecd58c1b51cc5df15,0.24240907698420044,stress_mnist_rotation_unequal_sizes,0.8200293123986436,fedattr_mean,192,0.0,1.320298919697211e-17,/mnt/data/ucpa_results_review/UCPA_Pilot_Study_outputs/outputs/stress_mnist_rotation_unequal_sizes/stress_mnist_rotation_unequal_sizes__seed6103__20261003-061859__abfd058d,0.3302141104728832,clean,6103,0.9003,0.45756022135416663
0.2652203661109425,0.5778520255253232,0.5461335280845905,0.8661516001563221,0.5666666666666667,0.0,c4f653fbb4bfda872a147a8c44bbc802ffdc5a448c2b800ecd58c1b51cc5df15,0.16034383837122734,stress_mnist_rotation_unequal_sizes,0.8534364666118562,local,192,0.3840901957211014,0.26133042965402054,/mnt/data/ucpa_results_review/UCPA_Pilot_Study_outputs/outputs/stress_mnist_rotation_unequal_sizes/stress_mnist_rotation_unequal_sizes__seed6103__20261003-061859__abfd058d,0.1242320294108748,clean,6103,0.9003,0.8240152994791667
0.26517207920220004,0.5778520255253232,0.5461335280845905,0.8661516001563221,0.5666666666666667,9000.0,c4f653fbb4bfda872a147a8c44bbc802ffdc5a448c2b800ecd58c1b51cc5df15,0.16445460708764587,stress_mnist_rotation_unequal_sizes,0.8518021814031574,ucpa,192,0.3840198515527997,6.902693004679638e-06,/mnt/data/ucpa_results_review/UCPA_Pilot_Study_outputs/outputs/stress_mnist_rotation_unequal_sizes/stress_mnist_rotation_unequal_sizes__seed6103__20261003-061859__abfd058d,0.14501360202690639,clean,6103,0.9003,0.7396240234375
0.25615403490946226,0.5778520255253232,0.5461335280845905,0.8661516001563221,0.5666666666666667,9000.0,c4f653fbb4bfda872a147a8c44bbc802ffdc5a448c2b800ecd58c1b51cc5df15,0.1643898629099264,stress_mnist_rotation_unequal_sizes,0.8519497929971598,ucpa_coord_only,192,0.3641506793669851,0.014222577345708072,/mnt/data/ucpa_results_review/UCPA_Pilot_Study_outputs/outputs/stress_mnist_rotation_unequal_sizes/stress_mnist_rotation_unequal_sizes__seed6103__20261003-061859__abfd058d,0.14403349133865145,clean,6103,0.9003,0.7405192057291666
0.2648395399794212,0.5778520255253232,0.5461335280845905,0.8661516001563221,0.5666666666666667,9000.0,c4f653fbb4bfda872a147a8c44bbc802ffdc5a448c2b800ecd58c1b51cc5df15,0.16449911258659997,stress_mnist_rotation_unequal_sizes,0.8518571560747659,ucpa_whole_only,192,0.3835773952608311,6.472781939618964e-05,/mnt/data/ucpa_results_review/UCPA_Pilot_Study_outputs/outputs/stress_mnist_rotation_unequal_sizes/stress_mnist_rotation_unequal_sizes__seed6103__20261003-061859__abfd058d,0.1449766845423027,clean,6103,0.9003,0.7395833333333333
0.24333470853916694,0.5778520255253232,0.5461335280845905,0.8661516001563221,0.5666666666666667,3880.0,c4f653fbb4bfda872a147a8c44bbc802ffdc5a448c2b800ecd58c1b51cc5df15,0.16337011978069615,stress_mnist_rotation_unequal_sizes,0.853027619573792,xfedalign_median,192,0.2625053510801236,0.20005691067122644,/mnt/data/ucpa_results_review/UCPA_Pilot_Study_outputs/outputs/stress_mnist_rotation_unequal_sizes/stress_mnist_rotation_unequal_sizes__seed6103__20261003-061859__abfd058d,0.14804958237490762,clean,6103,0.9003,0.7395426432291666
0.5320734529530016,0.56036376953125,0.515380859375,0.664770164224977,0.565922920892495,7720.0,28e962cf1d4ff21f7eaa105a12cca76173c6dfbe067948ecf931532d4d7ccdcf,0.15410544680187382,core_cifar10_label_skew,0.28405414759689995,cluster,192,0.540231186617482,0.14627435628322508,/mnt/data/ucpa_results_review/UCPA_Pilot_Study_outputs/outputs/core_cifar10_label_skew/core_cifar10_label_skew__seed6102__20261003-021436__4dbe6070,0.16095553729525325,clean,6102,0.6738,0.13759358723958334
0.38325752403048735,0.56036376953125,0.515380859375,0.664770164224977,0.565922920892495,7720.0,28e962cf1d4ff21f7eaa105a12cca76173c6dfbe067948ecf931532d4d7ccdcf,0.15037347681048727,core_cifar10_label_skew,0.2155442626647622,fedattr_mean,192,0.0,1.3622709080035277e-17,/mnt/data/ucpa_results_review/UCPA_Pilot_Study_outputs/outputs/core_cifar10_label_skew/core_cifar10_label_skew__seed6102__20261003-021436__4dbe6070,0.4182076253327109,clean,6102,0.6738,0.09096272786458333
0.5978112168788364,0.56036376953125,0.515380859375,0.664770164224977,0.565922920892495,0.0,28e962cf1d4ff21f7eaa105a12cca76173c6dfbe067948ecf931532d4d7ccdcf,0.1595375920995745,core_cifar10_label_skew,0.2854471137313652,local,192,0.6454320996722901,0.4425145797937729,/mnt/data/ucpa_results_review/UCPA_Pilot_Study_outputs/outputs/core_cifar10_label_skew/core_cifar10_label_skew__seed6102__20261003-021436__4dbe6070,0.14208055338455722,clean,6102,0.6738,0.16579182942708331
0.597811173031121,0.56036376953125,0.515380859375,0.664770164224977,0.565922920892495,17960.0,28e962cf1d4ff21f7eaa105a12cca76173c6dfbe067948ecf931532d4d7ccdcf,0.16168325684127846,core_cifar10_label_skew,0.2863740400105333,ucpa,192,0.6454320639020875,5.3371806593928275e-09,/mnt/data/ucpa_results_review/UCPA_Pilot_Study_outputs/outputs/core_cifar10_label_skew/core_cifar10_label_skew__seed6102__20261003-021436__4dbe6070,0.17945852988571342,clean,6102,0.6738,0.13421630859375
0.5973233445954873,0.56036376953125,0.515380859375,0.664770164224977,0.565922920892495,17960.0,28e962cf1d4ff21f7eaa105a12cca76173c6dfbe067948ecf931532d4d7ccdcf,0.16178106780608914,core_cifar10_label_skew,0.28638676971609317,ucpa_coord_only,192,0.644041241152141,0.0018553914119547074,/mnt/data/ucpa_results_review/UCPA_Pilot_Study_outputs/outputs/core_cifar10_label_skew/core_cifar10_label_skew__seed6102__20261003-021436__4dbe6070,0.1794228361155692,clean,6102,0.6738,0.13395182291666666
0.5978097538613686,0.56036376953125,0.515380859375,0.664770164224977,0.565922920892495,17960.0,28e962cf1d4ff21f7eaa105a12cca76173c6dfbe067948ecf931532d4d7ccdcf,0.161685376536794,core_cifar10_label_skew,0.2863740581334885,ucpa_whole_only,192,0.6454310332933129,1.9999283866762695e-07,/mnt/data/ucpa_results_review/UCPA_Pilot_Study_outputs/outputs/core_cifar10_label_skew/core_cifar10_label_skew__seed6102__20261003-021436__4dbe6070,0.179458461600141,clean,6102,0.6738,0.13421630859375
0.5997933964050735,0.56036376953125,0.515380859375,0.664770164224977,0.565922920892495,7720.0,28e962cf1d4ff21f7eaa105a12cca76173c6dfbe067948ecf931532d4d7ccdcf,0.15905270037725738,core_cifar10_label_skew,0.2859515792282811,xfedalign_median,192,0.5211806352894589,0.4004742898216917,/mnt/data/ucpa_results_review/UCPA_Pilot_Study_outputs/outputs/core_cifar10_label_skew/core_cifar10_label_skew__seed6102__20261003-021436__4dbe6070,0.19371641348296564,clean,6102,0.6738,0.16367594401041666
0.5419947824549751,0.541748046875,0.50482177734375,0.441208673899995,0.12921348314606743,7720.0,28e962cf1d4ff21f7eaa105a12cca76173c6dfbe067948ecf931532d4d7ccdcf,0.16037748352897932,core_cifar10_label_skew,0.229730364594252,cluster,192,0.5632062215375375,0.131633323401979,/mnt/data/ucpa_results_review/UCPA_Pilot_Study_outputs/outputs/core_cifar10_label_skew/core_cifar10_label_skew__seed6103__20261003-023037__35ea4cd8,0.17445825157494133,clean,6103,0.4852,0.12447102864583334
0.37066321260324764,0.541748046875,0.50482177734375,0.441208673899995,0.12921348314606743,7720.0,28e962cf1d4ff21f7eaa105a12cca76173c6dfbe067948ecf931532d4d7ccdcf,0.17093689527549333,core_cifar10_label_skew,0.19233997088867907,fedattr_mean,192,0.0,1.8769972397566843e-17,/mnt/data/ucpa_results_review/UCPA_Pilot_Study_outputs/outputs/core_cifar10_label_skew/core_cifar10_label_skew__seed6103__20261003-023037__35ea4cd8,0.4134561394556233,clean,6103,0.4852,0.08506266276041666
0.5963141698517945,0.541748046875,0.50482177734375,0.441208673899995,0.12921348314606743,0.0,28e962cf1d4ff21f7eaa105a12cca76173c6dfbe067948ecf931532d4d7ccdcf,0.16716491271430794,core_cifar10_label_skew,0.23219332561995998,local,192,0.6498306646088972,0.44688094044059495,/mnt/data/ucpa_results_review/UCPA_Pilot_Study_outputs/outputs/core_cifar10_label_skew/core_cifar10_label_skew__seed6103__20261003-023037__35ea4cd8,0.15271787989789554,clean,6103,0.4852,0.15268961588541666
0.5963141535233388,0.541748046875,0.50482177734375,0.441208673899995,0.12921348314606743,17960.0,28e962cf1d4ff21f7eaa105a12cca76173c6dfbe067948ecf931532d4d7ccdcf,0.16655809161259943,core_cifar10_label_skew,0.23089840349018687,ucpa,192,0.6498306549992043,2.250206360781099e-09,/mnt/data/ucpa_results_review/UCPA_Pilot_Study_outputs/outputs/core_cifar10_label_skew/core_cifar10_label_skew__seed6103__20261003-023037__35ea4cd8,0.18896959099026636,clean,6103,0.4852,0.12652587890625
0.5958360633178337,0.541748046875,0.50482177734375,0.441208673899995,0.12921348314606743,17960.0,28e962cf1d4ff21f7eaa105a12cca76173c6dfbe067948ecf931532d4d7ccdcf,0.16655078759883207,core_cifar10_label_skew,0.2308951799079068,ucpa_coord_only,192,0.6491881813517358,0.001276945043376395,/mnt/data/ucpa_results_review/UCPA_Pilot_Study_outputs/outputs/core_cifar10_label_skew/core_cifar10_label_skew__seed6103__20261003-023037__35ea4cd8,0.1889678789588459,clean,6103,0.4852,0.12648518880208331
0.5963129231473319,0.541748046875,0.50482177734375,0.441208673899995,0.12921348314606743,17960.0,28e962cf1d4ff21f7eaa105a12cca76173c6dfbe067948ecf931532d4d7ccdcf,0.16655809161259943,core_cifar10_label_skew,0.23089840349018687,ucpa_whole_only,192,0.6498298484065179,1.8049557814483166e-07,/mnt/data/ucpa_results_review/UCPA_Pilot_Study_outputs/outputs/core_cifar10_label_skew/core_cifar10_label_skew__seed6103__20261003-023037__35ea4cd8,0.18896948685970835,clean,6103,0.4852,0.12652587890625
0.5983207926732966,0.541748046875,0.50482177734375,0.441208673899995,0.12921348314606743,7720.0,28e962cf1d4ff21f7eaa105a12cca76173c6dfbe067948ecf931532d4d7ccdcf,0.1664841314763862,core_cifar10_label_skew,0.23148335982023127,xfedalign_median,192,0.526542285963928,0.4046537082771833,/mnt/data/ucpa_results_review/UCPA_Pilot_Study_outputs/outputs/core_cifar10_label_skew/core_cifar10_label_skew__seed6103__20261003-023037__35ea4cd8,0.20493384631180406,clean,6103,0.4852,0.15120442708333331
0.5227060136726034,0.558135986328125,0.54669189453125,0.6697359631686223,0.5,7720.0,28e962cf1d4ff21f7eaa105a12cca76173c6dfbe067948ecf931532d4d7ccdcf,0.16860230785930716,core_cifar10_label_skew,0.22749174798734087,cluster,192,0.5204056000299204,0.16116571935611923,/mnt/data/ucpa_results_review/UCPA_Pilot_Study_outputs/outputs/core_cifar10_label_skew/core_cifar10_label_skew__seed6101__20261003-015835__c7725785,0.16588288882530858,clean,6101,0.6497,0.12961832682291666
0.3754606217634758,0.558135986328125,0.54669189453125,0.6697359631686223,0.5,7720.0,28e962cf1d4ff21f7eaa105a12cca76173c6dfbe067948ecf931532d4d7ccdcf,0.1567141191230339,core_cifar10_label_skew,0.21508386593479067,fedattr_mean,192,0.0,1.2449142572943723e-17,/mnt/data/ucpa_results_review/UCPA_Pilot_Study_outputs/outputs/core_cifar10_label_skew/core_cifar10_label_skew__seed6101__20261003-015835__c7725785,0.4136729318573508,clean,6101,0.6497,0.085205078125
0.598434379283368,0.558135986328125,0.54669189453125,0.6697359631686223,0.5,0.0,28e962cf1d4ff21f7eaa105a12cca76173c6dfbe067948ecf931532d4d7ccdcf,0.17774331860790651,core_cifar10_label_skew,0.22976270717554687,local,192,0.6494663831274066,0.447537563367323,/mnt/data/ucpa_results_review/UCPA_Pilot_Study_outputs/outputs/core_cifar10_label_skew/core_cifar10_label_skew__seed6101__20261003-015835__c7725785,0.148716716444243,clean,6101,0.6497,0.15533447265625
0.5984343733762687,0.558135986328125,0.54669189453125,0.6697359631686223,0.5,17960.0,28e962cf1d4ff21f7eaa105a12cca76173c6dfbe067948ecf931532d4d7ccdcf,0.17767246177334925,core_cifar10_label_skew,0.22742377608843942,ucpa,192,0.6494663805946125,6.448681458785407e-10,/mnt/data/ucpa_results_review/UCPA_Pilot_Study_outputs/outputs/core_cifar10_label_skew/core_cifar10_label_skew__seed6101__20261003-015835__c7725785,0.18579873516328413,clean,6101,0.6497,0.12626139322916666
0.5982778615520071,0.558135986328125,0.54669189453125,0.6697359631686223,0.5,17960.0,28e962cf1d4ff21f7eaa105a12cca76173c6dfbe067948ecf931532d4d7ccdcf,0.17769733400776982,core_cifar10_label_skew,0.22742619838880762,ucpa_coord_only,192,0.6492843898177926,0.00034920405613187816,/mnt/data/ucpa_results_review/UCPA_Pilot_Study_outputs/outputs/core_cifar10_label_skew/core_cifar10_label_skew__seed6101__20261003-015835__c7725785,0.18579699927610438,clean,6101,0.6497,0.12630208333333334
0.5984331369598141,0.558135986328125,0.54669189453125,0.6697359631686223,0.5,17960.0,28e962cf1d4ff21f7eaa105a12cca76173c6dfbe067948ecf931532d4d7ccdcf,0.17767246177334925,core_cifar10_label_skew,0.22742377608843942,ucpa_whole_only,192,0.6494655639397909,1.7271037184936698e-07,/mnt/data/ucpa_results_review/UCPA_Pilot_Study_outputs/outputs/core_cifar10_label_skew/core_cifar10_label_skew__seed6101__20261003-015835__c7725785,0.18579867653268956,clean,6101,0.6497,0.12626139322916666
0.6000411153468819,0.558135986328125,0.54669189453125,0.6697359631686223,0.5,7720.0,28e962cf1d4ff21f7eaa105a12cca76173c6dfbe067948ecf931532d4d7ccdcf,0.17734475465234711,core_cifar10_label_skew,0.2297745536488431,xfedalign_median,192,0.5233339195167889,0.4022165269113256,/mnt/data/ucpa_results_review/UCPA_Pilot_Study_outputs/outputs/core_cifar10_label_skew/core_cifar10_label_skew__seed6101__20261003-015835__c7725785,0.2006177435129336,clean,6101,0.6497,0.15407307942708331
0.543192662284202,0.598663330078125,0.5692182268415178,0.5666171574185173,0.25980392156862747,7720.0,28e962cf1d4ff21f7eaa105a12cca76173c6dfbe067948ecf931532d4d7ccdcf,0.20597140760623428,core_cifar10_label_skew,0.270114562115785,cluster,175,0.5602876444514152,0.13393594907594003,/mnt/data/ucpa_results_review/UCPA_Pilot_Study_outputs/outputs/core_cifar10_label_skew/core_cifar10_label_skew__seed6104__20261003-024640__d34f6976,0.16458054642642456,clean,6104,0.5387,0.12994384765625
0.3944103016214063,0.598663330078125,0.5692182268415178,0.5666171574185173,0.25980392156862747,7720.0,28e962cf1d4ff21f7eaa105a12cca76173c6dfbe067948ecf931532d4d7ccdcf,0.17844355636246623,core_cifar10_label_skew,0.24625598618730407,fedattr_mean,175,0.0,1.8347127966968236e-17,/mnt/data/ucpa_results_review/UCPA_Pilot_Study_outputs/outputs/core_cifar10_label_skew/core_cifar10_label_skew__seed6104__20261003-024640__d34f6976,0.41959177140333237,clean,6104,0.5387,0.08940197172619047
0.599680490891569,0.598663330078125,0.5692182268415178,0.5666171574185173,0.25980392156862747,0.0,28e962cf1d4ff21f7eaa105a12cca76173c6dfbe067948ecf931532d4d7ccdcf,0.21462643522005237,core_cifar10_label_skew,0.27108551129382474,local,175,0.6456857664588901,0.43309693806690913,/mnt/data/ucpa_results_review/UCPA_Pilot_Study_outputs/outputs/core_cifar10_label_skew/core_cifar10_label_skew__seed6104__20261003-024640__d34f6976,0.14467569140161965,clean,6104,0.5387,0.1645565941220238
0.5996803202420282,0.598663330078125,0.5692182268415178,0.5666171574185173,0.25980392156862747,17960.0,28e962cf1d4ff21f7eaa105a12cca76173c6dfbe067948ecf931532d4d7ccdcf,0.21618144961119937,core_cifar10_label_skew,0.26907453074385557,ucpa,175,0.6456856288610856,2.234162031982126e-08,/mnt/data/ucpa_results_review/UCPA_Pilot_Study_outputs/outputs/core_cifar10_label_skew/core_cifar10_label_skew__seed6104__20261003-024640__d34f6976,0.18175921294236097,clean,6104,0.5387,0.13275146484375
0.5984958910002512,0.598663330078125,0.5692182268415178,0.5666171574185173,0.25980392156862747,17960.0,28e962cf1d4ff21f7eaa105a12cca76173c6dfbe067948ecf931532d4d7ccdcf,0.21620200878973578,core_cifar10_label_skew,0.2690151062149919,ucpa_coord_only,175,0.642820303453243,0.004075714667662182,/mnt/data/ucpa_results_review/UCPA_Pilot_Study_outputs/outputs/core_cifar10_label_skew/core_cifar10_label_skew__seed6104__20261003-024640__d34f6976,0.18162814532884713,clean,6104,0.5387,0.13227190290178573
0.5996794480045122,0.598663330078125,0.5692182268415178,0.5666171574185173,0.25980392156862747,17960.0,28e962cf1d4ff21f7eaa105a12cca76173c6dfbe067948ecf931532d4d7ccdcf,0.21618140665255103,core_cifar10_label_skew,0.2690744519539658,ucpa_whole_only,175,0.645684904618168,1.5536907001001543e-07,/mnt/data/ucpa_results_review/UCPA_Pilot_Study_outputs/outputs/core_cifar10_label_skew/core_cifar10_label_skew__seed6104__20261003-024640__d34f6976,0.18175898498135512,clean,6104,0.5387,0.13275146484375
0.6026470335781209,0.598663330078125,0.5692182268415178,0.5666171574185173,0.25980392156862747,7720.0,28e962cf1d4ff21f7eaa105a12cca76173c6dfbe067948ecf931532d4d7ccdcf,0.21507463341162214,core_cifar10_label_skew,0.271093641984408,xfedalign_median,175,0.5318867892465143,0.40394809916677515,/mnt/data/ucpa_results_review/UCPA_Pilot_Study_outputs/outputs/core_cifar10_label_skew/core_cifar10_label_skew__seed6104__20261003-024640__d34f6976,0.18264438411809525,clean,6104,0.5387,0.16362362816220238
0.5302953888903901,0.563568115234375,0.50787353515625,0.5909544267802325,0.48613678373382624,7720.0,28e962cf1d4ff21f7eaa105a12cca76173c6dfbe067948ecf931532d4d7ccdcf,0.17009596952856615,core_cifar10_label_skew,0.26810735963443333,cluster,192,0.5303691721332534,0.14848732929425748,/mnt/data/ucpa_results_review/UCPA_Pilot_Study_outputs/outputs/core_cifar10_label_skew/core_cifar10_label_skew__seed6105__20261003-030231__a54753fa,0.16429642732604854,clean,6105,0.578,0.14178466796875
0.3769379415596232,0.563568115234375,0.50787353515625,0.5909544267802325,0.48613678373382624,7720.0,28e962cf1d4ff21f7eaa105a12cca76173c6dfbe067948ecf931532d4d7ccdcf,0.1534784150075874,core_cifar10_label_skew,0.2012644346163749,fedattr_mean,192,0.0,1.8333382149705962e-17,/mnt/data/ucpa_results_review/UCPA_Pilot_Study_outputs/outputs/core_cifar10_label_skew/core_cifar10_label_skew__seed6105__20261003-030231__a54753fa,0.4131349422790137,clean,6105,0.578,0.102783203125
0.59693205271367,0.563568115234375,0.50787353515625,0.5909544267802325,0.48613678373382624,0.0,28e962cf1d4ff21f7eaa105a12cca76173c6dfbe067948ecf931532d4d7ccdcf,0.1859879784831179,core_cifar10_label_skew,0.27140044426227805,local,192,0.6431049731726738,0.441382552936612,/mnt/data/ucpa_results_review/UCPA_Pilot_Study_outputs/outputs/core_cifar10_label_skew/core_cifar10_label_skew__seed6105__20261003-030231__a54753fa,0.1471912003569903,clean,6105,0.578,0.16524251302083331
0.5969320319195263,0.563568115234375,0.50787353515625,0.5909544267802325,0.48613678373382624,17960.0,28e962cf1d4ff21f7eaa105a12cca76173c6dfbe067948ecf931532d4d7ccdcf,0.184802861571787,core_cifar10_label_skew,0.2664541952853531,ucpa,192,0.6431049629493584,2.291822842912052e-09,/mnt/data/ucpa_results_review/UCPA_Pilot_Study_outputs/outputs/core_cifar10_label_skew/core_cifar10_label_skew__seed6105__20261003-030231__a54753fa,0.18349750101886741,clean,6105,0.578,0.13804117838541666
0.5962941357501818,0.563568115234375,0.50787353515625,0.5909544267802325,0.48613678373382624,17960.0,28e962cf1d4ff21f7eaa105a12cca76173c6dfbe067948ecf931532d4d7ccdcf,0.18485239638548592,core_cifar10_label_skew,0.2662732680036328,ucpa_coord_only,192,0.642281807261664,0.0016742183739514031,/mnt/data/ucpa_results_review/UCPA_Pilot_Study_outputs/outputs/core_cifar10_label_skew/core_cifar10_label_skew__seed6105__20261003-030231__a54753fa,0.18345784689818262,clean,6105,0.578,0.13810221354166666
0.5969297842540213,0.563568115234375,0.50787353515625,0.5909544267802325,0.48613678373382624,17960.0,28e962cf1d4ff21f7eaa105a12cca76173c6dfbe067948ecf931532d4d7ccdcf,0.18480285908049912,core_cifar10_label_skew,0.26645932591037247,ucpa_whole_only,192,0.6431024864141287,3.542809348471958e-07,/mnt/data/ucpa_results_review/UCPA_Pilot_Study_outputs/outputs/core_cifar10_label_skew/core_cifar10_label_skew__seed6105__20261003-030231__a54753fa,0.18349743170959876,clean,6105,0.578,0.13804117838541666
0.5978202753284141,0.563568115234375,0.50787353515625,0.5909544267802325,0.48613678373382624,7720.0,28e962cf1d4ff21f7eaa105a12cca76173c6dfbe067948ecf931532d4d7ccdcf,0.18369590555536397,core_cifar10_label_skew,0.27218783558375415,xfedalign_median,192,0.5195878539280339,0.3926058702619434,/mnt/data/ucpa_results_review/UCPA_Pilot_Study_outputs/outputs/core_cifar10_label_skew/core_cifar10_label_skew__seed6105__20261003-030231__a54753fa,0.1956184785576351,clean,6105,0.578,0.16141764322916666
0.22749371272653712,0.539642333984375,0.5589599609375,0.9276615131297082,0.7076923076923077,3880.0,b7ab9fb80945d55847128eaf647786c8764113350b0915fd109ce02d364cf3fb,0.1665599839174926,robust_mnist_rotation_artifact_shift,0.8894263758838254,cluster,192,0.2715424867048671,0.0779726100586417,/mnt/data/ucpa_results_review/UCPA_Pilot_Study_outputs/outputs/robust_mnist_rotation_artifact_shift/robust_mnist_rotation_artifact_shift__seed6103__20261003-123109__89a15ec8,0.14420335429276146,clean,6103,0.9635,0.7596435546875
0.17018474425503927,0.539642333984375,0.5589599609375,0.9276615131297082,0.7076923076923077,3880.0,b7ab9fb80945d55847128eaf647786c8764113350b0915fd109ce02d364cf3fb,0.22008541672383522,robust_mnist_rotation_artifact_shift,0.8599558928084055,fedattr_mean,192,0.0,1.2860936084062536e-17,/mnt/data/ucpa_results_review/UCPA_Pilot_Study_outputs/outputs/robust_mnist_rotation_artifact_shift/robust_mnist_rotation_artifact_shift__seed6103__20261003-123109__89a15ec8,0.30026119928871947,clean,6103,0.9635,0.49751790364583337
0.27333907562689563,0.539642333984375,0.5589599609375,0.9276615131297082,0.7076923076923077,0.0,b7ab9fb80945d55847128eaf647786c8764113350b0915fd109ce02d364cf3fb,0.1641173736267471,robust_mnist_rotation_artifact_shift,0.8907147085104953,local,192,0.3624658157658609,0.23804909495070609,/mnt/data/ucpa_results_review/UCPA_Pilot_Study_outputs/outputs/robust_mnist_rotation_artifact_shift/robust_mnist_rotation_artifact_shift__seed6103__20261003-123109__89a15ec8,0.12698230772774136,clean,6103,0.9635,0.820556640625
0.2732750933497105,0.539642333984375,0.5589599609375,0.9276615131297082,0.7076923076923077,9000.0,b7ab9fb80945d55847128eaf647786c8764113350b0915fd109ce02d364cf3fb,0.16684967770640166,robust_mnist_rotation_artifact_shift,0.8885035392772503,ucpa,192,0.362372777363569,9.705119771340213e-06,/mnt/data/ucpa_results_review/UCPA_Pilot_Study_outputs/outputs/robust_mnist_rotation_artifact_shift/robust_mnist_rotation_artifact_shift__seed6103__20261003-123109__89a15ec8,0.14642164114863626,clean,6103,0.9635,0.7402750651041666
0.26411597086726,0.539642333984375,0.5589599609375,0.9276615131297082,0.7076923076923077,9000.0,b7ab9fb80945d55847128eaf647786c8764113350b0915fd109ce02d364cf3fb,0.16687711628468,robust_mnist_rotation_artifact_shift,0.888617059130047,ucpa_coord_only,192,0.34466098915993093,0.011794885321231444,/mnt/data/ucpa_results_review/UCPA_Pilot_Study_outputs/outputs/robust_mnist_rotation_artifact_shift/robust_mnist_rotation_artifact_shift__seed6103__20261003-123109__89a15ec8,0.14539236653313664,clean,6103,0.9635,0.7384033203125
0.272840675358064,0.539642333984375,0.5589599609375,0.9276615131297082,0.7076923076923077,9000.0,b7ab9fb80945d55847128eaf647786c8764113350b0915fd109ce02d364cf3fb,0.16682527940508105,robust_mnist_rotation_artifact_shift,0.888461530594941,ucpa_whole_only,192,0.3617558238137998,9.921422738268664e-05,/mnt/data/ucpa_results_review/UCPA_Pilot_Study_outputs/outputs/robust_mnist_rotation_artifact_shift/robust_mnist_rotation_artifact_shift__seed6103__20261003-123109__89a15ec8,0.1463721891983763,clean,6103,0.9635,0.740234375
0.24334716141439167,0.539642333984375,0.5589599609375,0.9276615131297082,0.7076923076923077,3880.0,b7ab9fb80945d55847128eaf647786c8764113350b0915fd109ce02d364cf3fb,0.1668226969202806,robust_mnist_rotation_artifact_shift,0.8900018639792203,xfedalign_median,192,0.24261579177674017,0.176464763325837,/mnt/data/ucpa_results_review/UCPA_Pilot_Study_outputs/outputs/robust_mnist_rotation_artifact_shift/robust_mnist_rotation_artifact_shift__seed6103__20261003-123109__89a15ec8,0.1472410990094795,clean,6103,0.9635,0.7507731119791666
0.331170834973699,0.539642333984375,0.5589599609375,0.9276615131297082,0.7076923076923077,3880.0,b7ab9fb80945d55847128eaf647786c8764113350b0915fd109ce02d364cf3fb,0.1676408072843818,robust_mnist_rotation_artifact_shift,0.8884333965504387,cluster,192,0.4354783582059437,0.07862965648693401,/mnt/data/ucpa_results_review/UCPA_Pilot_Study_outputs/outputs/robust_mnist_rotation_artifact_shift/robust_mnist_rotation_artifact_shift__seed6103__20261003-123109__89a15ec8,0.15423365225478788,attacked,6103,0.9635,0.7255045572916667
0.24029573390400755,0.539642333984375,0.5589599609375,0.9276615131297082,0.7076923076923077,3880.0,b7ab9fb80945d55847128eaf647786c8764113350b0915fd109ce02d364cf3fb,0.2644450881757924,robust_mnist_rotation_artifact_shift,0.8296761030810861,fedattr_mean,192,0.0,1.4172058114809313e-17,/mnt/data/ucpa_results_review/UCPA_Pilot_Study_outputs/outputs/robust_mnist_rotation_artifact_shift/robust_mnist_rotation_artifact_shift__seed6103__20261003-123109__89a15ec8,0.3580241258017012,attacked,6103,0.9635,0.40572102864583337
0.36857038901113715,0.539642333984375,0.5589599609375,0.9276615131297082,0.7076923076923077,0.0,b7ab9fb80945d55847128eaf647786c8764113350b0915fd109ce02d364cf3fb,0.1641173736267471,robust_mnist_rotation_artifact_shift,0.8907147085104953,local,192,0.5017104123904297,0.32641456593912577,/mnt/data/ucpa_results_review/UCPA_Pilot_Study_outputs/outputs/robust_mnist_rotation_artifact_shift/robust_mnist_rotation_artifact_shift__seed6103__20261003-123109__89a15ec8,0.12698230772774136,attacked,6103,0.9635,0.820556640625
0.3685356090219113,0.539642333984375,0.5589599609375,0.9276615131297082,0.7076923076923077,9000.0,b7ab9fb80945d55847128eaf647786c8764113350b0915fd109ce02d364cf3fb,0.16792888505375836,robust_mnist_rotation_artifact_shift,0.8877791953217335,ucpa,192,0.5016734328665001,4.81844718615147e-06,/mnt/data/ucpa_results_review/UCPA_Pilot_Study_outputs/outputs/robust_mnist_rotation_artifact_shift/robust_mnist_rotation_artifact_shift__seed6103__20261003-123109__89a15ec8,0.1567091247307692,attacked,6103,0.9635,0.708740234375
0.3635278760463039,0.539642333984375,0.5589599609375,0.9276615131297082,0.7076923076923077,9000.0,b7ab9fb80945d55847128eaf647786c8764113350b0915fd109ce02d364cf3fb,0.16773170915688146,robust_mnist_rotation_artifact_shift,0.8877233890409115,ucpa_coord_only,192,0.4936616524751023,0.007620548028341575,/mnt/data/ucpa_results_review/UCPA_Pilot_Study_outputs/outputs/robust_mnist_rotation_artifact_shift/robust_mnist_rotation_artifact_shift__seed6103__20261003-123109__89a15ec8,0.15620182311435382,attacked,6103,0.9635,0.70849609375
0.36820482999591,0.539642333984375,0.5589599609375,0.9276615131297082,0.7076923076923077,9000.0,b7ab9fb80945d55847128eaf647786c8764113350b0915fd109ce02d364cf3fb,0.16790222730614915,robust_mnist_rotation_artifact_shift,0.8877589996887159,ucpa_whole_only,192,0.5013213120688458,7.034137121222331e-05,/mnt/data/ucpa_results_review/UCPA_Pilot_Study_outputs/outputs/robust_mnist_rotation_artifact_shift/robust_mnist_rotation_artifact_shift__seed6103__20261003-123109__89a15ec8,0.15667434345652576,attacked,6103,0.9635,0.7086588541666666
0.3295132443220476,0.539642333984375,0.5589599609375,0.9276615131297082,0.7076923076923077,3880.0,b7ab9fb80945d55847128eaf647786c8764113350b0915fd109ce02d364cf3fb,0.166147772305582,robust_mnist_rotation_artifact_shift,0.8895641876332472,xfedalign_median,192,0.35616621147253513,0.271052813006829,/mnt/data/ucpa_results_review/UCPA_Pilot_Study_outputs/outputs/robust_mnist_rotation_artifact_shift/robust_mnist_rotation_artifact_shift__seed6103__20261003-123109__89a15ec8,0.1515562148720233,attacked,6103,0.9635,0.7671712239583333
0.23150669389811257,0.510589599609375,0.502532958984375,0.9593727460979786,0.9157509157509157,3880.0,b7ab9fb80945d55847128eaf647786c8764113350b0915fd109ce02d364cf3fb,0.16620611134846208,robust_mnist_rotation_artifact_shift,0.8953336172268678,cluster,192,0.2892210429533392,0.08227066701431074,/mnt/data/ucpa_results_review/UCPA_Pilot_Study_outputs/outputs/robust_mnist_rotation_artifact_shift/robust_mnist_rotation_artifact_shift__seed6101__20261003-120417__f4f0a03e,0.14383708096041573,clean,6101,0.9697,0.7715657552083334
0.17884273612052198,0.510589599609375,0.502532958984375,0.9593727460979786,0.9157509157509157,3880.0,b7ab9fb80945d55847128eaf647786c8764113350b0915fd109ce02d364cf3fb,0.22315446786860493,robust_mnist_rotation_artifact_shift,0.8597895302860706,fedattr_mean,192,0.0,1.8641364361360352e-17,/mnt/data/ucpa_results_review/UCPA_Pilot_Study_outputs/outputs/robust_mnist_rotation_artifact_shift/robust_mnist_rotation_artifact_shift__seed6101__20261003-120417__f4f0a03e,0.28652734003211133,clean,6101,0.9697,0.525146484375
0.2718797027898493,0.510589599609375,0.502532958984375,0.9593727460979786,0.9157509157509157,0.0,b7ab9fb80945d55847128eaf647786c8764113350b0915fd109ce02d364cf3fb,0.16511989565715338,robust_mnist_rotation_artifact_shift,0.896656165864897,local,192,0.3812355271666494,0.2448097130515075,/mnt/data/ucpa_results_review/UCPA_Pilot_Study_outputs/outputs/robust_mnist_rotation_artifact_shift/robust_mnist_rotation_artifact_shift__seed6101__20261003-120417__f4f0a03e,0.12840990620319037,clean,6101,0.9697,0.8442789713541667
0.27178659412006556,0.510589599609375,0.502532958984375,0.9593727460979786,0.9157509157509157,9000.0,b7ab9fb80945d55847128eaf647786c8764113350b0915fd109ce02d364cf3fb,0.16779718212710576,robust_mnist_rotation_artifact_shift,0.89382818988967,ucpa,192,0.3811151951415528,1.48430977690037e-05,/mnt/data/ucpa_results_review/UCPA_Pilot_Study_outputs/outputs/robust_mnist_rotation_artifact_shift/robust_mnist_rotation_artifact_shift__seed6101__20261003-120417__f4f0a03e,0.14739981335253144,clean,6101,0.9697,0.7529703776041666
0.2617496660355852,0.510589599609375,0.502532958984375,0.9593727460979786,0.9157509157509157,9000.0,b7ab9fb80945d55847128eaf647786c8764113350b0915fd109ce02d364cf3fb,0.16774055775919502,robust_mnist_rotation_artifact_shift,0.8941304918584033,ucpa_coord_only,192,0.3607800044738396,0.01386211323286159,/mnt/data/ucpa_results_review/UCPA_Pilot_Study_outputs/outputs/robust_mnist_rotation_artifact_shift/robust_mnist_rotation_artifact_shift__seed6101__20261003-120417__f4f0a03e,0.14648062760408354,clean,6101,0.9697,0.748291015625
0.27118212070647957,0.510589599609375,0.502532958984375,0.9593727460979786,0.9157509157509157,9000.0,b7ab9fb80945d55847128eaf647786c8764113350b0915fd109ce02d364cf3fb,0.16762797958260003,robust_mnist_rotation_artifact_shift,0.8938230635487343,ucpa_whole_only,192,0.3802493233166238,0.00016870458250609006,/mnt/data/ucpa_results_review/UCPA_Pilot_Study_outputs/outputs/robust_mnist_rotation_artifact_shift/robust_mnist_rotation_artifact_shift__seed6101__20261003-120417__f4f0a03e,0.147291946706642,clean,6101,0.9697,0.752685546875
0.24412345448197353,0.510589599609375,0.502532958984375,0.9593727460979786,0.9157509157509157,3880.0,b7ab9fb80945d55847128eaf647786c8764113350b0915fd109ce02d364cf3fb,0.16723436743838344,robust_mnist_rotation_artifact_shift,0.896864229289046,xfedalign_median,192,0.2574461340110358,0.17860086638762804,/mnt/data/ucpa_results_review/UCPA_Pilot_Study_outputs/outputs/robust_mnist_rotation_artifact_shift/robust_mnist_rotation_artifact_shift__seed6101__20261003-120417__f4f0a03e,0.1451671599269203,clean,6101,0.9697,0.7743733723958333
0.31865826304370737,0.510589599609375,0.502532958984375,0.9593727460979786,0.9157509157509157,3880.0,b7ab9fb80945d55847128eaf647786c8764113350b0915fd109ce02d364cf3fb,0.16597701887815977,robust_mnist_rotation_artifact_shift,0.8948583470699911,cluster,192,0.37827062332225825,0.12194065551798308,/mnt/data/ucpa_results_review/UCPA_Pilot_Study_outputs/outputs/robust_mnist_rotation_artifact_shift/robust_mnist_rotation_artifact_shift__seed6101__20261003-120417__f4f0a03e,0.15241320200911748,attacked,6101,0.9697,0.7686767578125
0.24377307118168395,0.510589599609375,0.502532958984375,0.9593727460979786,0.9157509157509157,3880.0,b7ab9fb80945d55847128eaf647786c8764113350b0915fd109ce02d364cf3fb,0.24976304318885384,robust_mnist_rotation_artifact_shift,0.8225531988108439,fedattr_mean,192,0.0,1.616215766272192e-17,/mnt/data/ucpa_results_review/UCPA_Pilot_Study_outputs/outputs/robust_mnist_rotation_artifact_shift/robust_mnist_rotation_artifact_shift__seed6101__20261003-120417__f4f0a03e,0.34168880693765125,attacked,6101,0.9697,0.43505859375
0.3759288825481457,0.510589599609375,0.502532958984375,0.9593727460979786,0.9157509157509157,0.0,b7ab9fb80945d55847128eaf647786c8764113350b0915fd109ce02d364cf3fb,0.16511989565715338,robust_mnist_rotation_artifact_shift,0.896656165864897,local,192,0.5060788189963655,0.3264855211517702,/mnt/data/ucpa_results_review/UCPA_Pilot_Study_outputs/outputs/robust_mnist_rotation_artifact_shift/robust_mnist_rotation_artifact_shift__seed6101__20261003-120417__f4f0a03e,0.12840990620319037,attacked,6101,0.9697,0.8442789713541667
0.37589035219477096,0.510589599609375,0.502532958984375,0.9593727460979786,0.9157509157509157,9000.0,b7ab9fb80945d55847128eaf647786c8764113350b0915fd109ce02d364cf3fb,0.16947150147219264,robust_mnist_rotation_artifact_shift,0.8928049882427027,ucpa,192,0.5060356640131326,6.7769635008344696e-06,/mnt/data/ucpa_results_review/UCPA_Pilot_Study_outputs/outputs/robust_mnist_rotation_artifact_shift/robust_mnist_rotation_artifact_shift__seed6101__20261003-120417__f4f0a03e,0.15656518874550973,attacked,6101,0.9697,0.7222493489583334
0.3684140405245194,0.510589599609375,0.502532958984375,0.9593727460979786,0.9157509157509157,9000.0,b7ab9fb80945d55847128eaf647786c8764113350b0915fd109ce02d364cf3fb,0.16959369000948452,robust_mnist_rotation_artifact_shift,0.8930795349343698,ucpa_coord_only,192,0.49303006060116006,0.011736446761033298,/mnt/data/ucpa_results_review/UCPA_Pilot_Study_outputs/outputs/robust_mnist_rotation_artifact_shift/robust_mnist_rotation_artifact_shift__seed6101__20261003-120417__f4f0a03e,0.15594032907996802,attacked,6101,0.9697,0.719970703125
0.37560769704353536,0.510589599609375,0.502532958984375,0.9593727460979786,0.9157509157509157,9000.0,b7ab9fb80945d55847128eaf647786c8764113350b0915fd109ce02d364cf3fb,0.16934568578114217,robust_mnist_rotation_artifact_shift,0.8927943047698135,ucpa_whole_only,192,0.5057041141383674,8.019040993834987e-05,/mnt/data/ucpa_results_review/UCPA_Pilot_Study_outputs/outputs/robust_mnist_rotation_artifact_shift/robust_mnist_rotation_artifact_shift__seed6101__20261003-120417__f4f0a03e,0.15651105475135763,attacked,6101,0.9697,0.72216796875
0.3291185700784961,0.510589599609375,0.502532958984375,0.9593727460979786,0.9157509157509157,3880.0,b7ab9fb80945d55847128eaf647786c8764113350b0915fd109ce02d364cf3fb,0.1676913668708342,robust_mnist_rotation_artifact_shift,0.8948348667568401,xfedalign_median,192,0.35816574280466645,0.2635578730720327,/mnt/data/ucpa_results_review/UCPA_Pilot_Study_outputs/outputs/robust_mnist_rotation_artifact_shift/robust_mnist_rotation_artifact_shift__seed6101__20261003-120417__f4f0a03e,0.1496312353419567,attacked,6101,0.9697,0.7942708333333333
0.2473971773830414,0.538848876953125,0.55340576171875,0.9384811335066237,0.8514851485148515,3880.0,b7ab9fb80945d55847128eaf647786c8764113350b0915fd109ce02d364cf3fb,0.16569806308762053,robust_mnist_rotation_artifact_shift,0.8946524184769562,cluster,192,0.29090507213411265,0.07982716995565221,/mnt/data/ucpa_results_review/UCPA_Pilot_Study_outputs/outputs/robust_mnist_rotation_artifact_shift/robust_mnist_rotation_artifact_shift__seed6105__20261003-125834__9ae4a561,0.13501364098292745,clean,6105,0.9451,0.7610677083333334
0.1932725765123497,0.538848876953125,0.55340576171875,0.9384811335066237,0.8514851485148515,3880.0,b7ab9fb80945d55847128eaf647786c8764113350b0915fd109ce02d364cf3fb,0.2244017995565931,robust_mnist_rotation_artifact_shift,0.8602514076616595,fedattr_mean,192,0.0,1.943274198083193e-17,/mnt/data/ucpa_results_review/UCPA_Pilot_Study_outputs/outputs/robust_mnist_rotation_artifact_shift/robust_mnist_rotation_artifact_shift__seed6105__20261003-125834__9ae4a561,0.2784510475915435,clean,6105,0.9451,0.5308024088541667
0.28531102506439754,0.538848876953125,0.55340576171875,0.9384811335066237,0.8514851485148515,0.0,b7ab9fb80945d55847128eaf647786c8764113350b0915fd109ce02d364cf3fb,0.16217822613980387,robust_mnist_rotation_artifact_shift,0.8953470222089285,local,192,0.3740851387357933,0.23548747934133143,/mnt/data/ucpa_results_review/UCPA_Pilot_Study_outputs/outputs/robust_mnist_rotation_artifact_shift/robust_mnist_rotation_artifact_shift__seed6105__20261003-125834__9ae4a561,0.11741545011293633,clean,6105,0.9451,0.8466796875
0.2852197764697461,0.538848876953125,0.55340576171875,0.9384811335066237,0.8514851485148515,9000.0,b7ab9fb80945d55847128eaf647786c8764113350b0915fd109ce02d364cf3fb,0.1653141046719005,robust_mnist_rotation_artifact_shift,0.8937734550253178,ucpa,192,0.3738952919644051,1.9616176525939736e-05,/mnt/data/ucpa_results_review/UCPA_Pilot_Study_outputs/outputs/robust_mnist_rotation_artifact_shift/robust_mnist_rotation_artifact_shift__seed6105__20261003-125834__9ae4a561,0.13785588552357897,clean,6105,0.9451,0.7486572265625
0.2734195071257169,0.538848876953125,0.55340576171875,0.9384811335066237,0.8514851485148515,9000.0,b7ab9fb80945d55847128eaf647786c8764113350b0915fd109ce02d364cf3fb,0.16517638566389603,robust_mnist_rotation_artifact_shift,0.8942168808202646,ucpa_coord_only,192,0.3475556045527179,0.01946482316097826,/mnt/data/ucpa_results_review/UCPA_Pilot_Study_outputs/outputs/robust_mnist_rotation_artifact_shift/robust_mnist_rotation_artifact_shift__seed6105__20261003-125834__9ae4a561,0.13675400333754162,clean,6105,0.9451,0.7440999348958333
0.2848188360906838,0.538848876953125,0.55340576171875,0.9384811335066237,0.8514851485148515,9000.0,b7ab9fb80945d55847128eaf647786c8764113350b0915fd109ce02d364cf3fb,0.1652966846129857,robust_mnist_rotation_artifact_shift,0.8937543412592883,ucpa_whole_only,192,0.37327155451554317,0.0001146620792860652,/mnt/data/ucpa_results_review/UCPA_Pilot_Study_outputs/outputs/robust_mnist_rotation_artifact_shift/robust_mnist_rotation_artifact_shift__seed6105__20261003-125834__9ae4a561,0.13777216871773829,clean,6105,0.9451,0.7473551432291666
0.2568090409872961,0.538848876953125,0.55340576171875,0.9384811335066237,0.8514851485148515,3880.0,b7ab9fb80945d55847128eaf647786c8764113350b0915fd109ce02d364cf3fb,0.16457156105558776,robust_mnist_rotation_artifact_shift,0.8950241332592366,xfedalign_median,192,0.2505725803069279,0.1689621012380503,/mnt/data/ucpa_results_review/UCPA_Pilot_Study_outputs/outputs/robust_mnist_rotation_artifact_shift/robust_mnist_rotation_artifact_shift__seed6105__20261003-125834__9ae4a561,0.1340702395043955,clean,6105,0.9451,0.7716471354166667
0.3416163396710429,0.538848876953125,0.55340576171875,0.9384811335066237,0.8514851485148515,3880.0,b7ab9fb80945d55847128eaf647786c8764113350b0915fd109ce02d364cf3fb,0.16621601696291086,robust_mnist_rotation_artifact_shift,0.8938459197039871,cluster,192,0.42884154771140925,0.09037362530239335,/mnt/data/ucpa_results_review/UCPA_Pilot_Study_outputs/outputs/robust_mnist_rotation_artifact_shift/robust_mnist_rotation_artifact_shift__seed6105__20261003-125834__9ae4a561,0.14405438292642614,attacked,6105,0.9451,0.7423909505208333
0.2700639541603191,0.538848876953125,0.55340576171875,0.9384811335066237,0.8514851485148515,3880.0,b7ab9fb80945d55847128eaf647786c8764113350b0915fd109ce02d364cf3fb,0.2607767797794319,robust_mnist_rotation_artifact_shift,0.8321425192608634,fedattr_mean,192,0.0,1.5907426613766727e-17,/mnt/data/ucpa_results_review/UCPA_Pilot_Study_outputs/outputs/robust_mnist_rotation_artifact_shift/robust_mnist_rotation_artifact_shift__seed6105__20261003-125834__9ae4a561,0.3443226191426194,attacked,6105,0.9451,0.43094889322916663
0.3813902256304364,0.538848876953125,0.55340576171875,0.9384811335066237,0.8514851485148515,0.0,b7ab9fb80945d55847128eaf647786c8764113350b0915fd109ce02d364cf3fb,0.16217822613980387,robust_mnist_rotation_artifact_shift,0.8953470222089285,local,192,0.5133733411982037,0.32842385738920615,/mnt/data/ucpa_results_review/UCPA_Pilot_Study_outputs/outputs/robust_mnist_rotation_artifact_shift/robust_mnist_rotation_artifact_shift__seed6105__20261003-125834__9ae4a561,0.11741545011293633,attacked,6105,0.9451,0.8466796875
0.3813480431636001,0.538848876953125,0.55340576171875,0.9384811335066237,0.8514851485148515,9000.0,b7ab9fb80945d55847128eaf647786c8764113350b0915fd109ce02d364cf3fb,0.1674278790616275,robust_mnist_rotation_artifact_shift,0.8925014449147662,ucpa,192,0.5133022932366417,9.178368457782608e-06,/mnt/data/ucpa_results_review/UCPA_Pilot_Study_outputs/outputs/robust_mnist_rotation_artifact_shift/robust_mnist_rotation_artifact_shift__seed6105__20261003-125834__9ae4a561,0.146741333648998,attacked,6105,0.9451,0.7209879557291667
0.3727425120397948,0.538848876953125,0.55340576171875,0.9384811335066237,0.8514851485148515,9000.0,b7ab9fb80945d55847128eaf647786c8764113350b0915fd109ce02d364cf3fb,0.16716336583097774,robust_mnist_rotation_artifact_shift,0.8926952282801115,ucpa_coord_only,192,0.4979739944772049,0.01574856845818945,/mnt/data/ucpa_results_review/UCPA_Pilot_Study_outputs/outputs/robust_mnist_rotation_artifact_shift/robust_mnist_rotation_artifact_shift__seed6105__20261003-125834__9ae4a561,0.1460370520436119,attacked,6105,0.9451,0.7177734375
0.38121036124058116,0.538848876953125,0.55340576171875,0.9384811335066237,0.8514851485148515,9000.0,b7ab9fb80945d55847128eaf647786c8764113350b0915fd109ce02d364cf3fb,0.1674213344512585,robust_mnist_rotation_artifact_shift,0.8925010248882851,ucpa_whole_only,192,0.5131320776161796,3.713820690688373e-05,/mnt/data/ucpa_results_review/UCPA_Pilot_Study_outputs/outputs/robust_mnist_rotation_artifact_shift/robust_mnist_rotation_artifact_shift__seed6105__20261003-125834__9ae4a561,0.14671697287368865,attacked,6105,0.9451,0.7204996744791666
0.341429928557783,0.538848876953125,0.55340576171875,0.9384811335066237,0.8514851485148515,3880.0,b7ab9fb80945d55847128eaf647786c8764113350b0915fd109ce02d364cf3fb,0.16560539262767027,robust_mnist_rotation_artifact_shift,0.8949659165312671,xfedalign_median,192,0.36658484057232826,0.27636652704108816,/mnt/data/ucpa_results_review/UCPA_Pilot_Study_outputs/outputs/robust_mnist_rotation_artifact_shift/robust_mnist_rotation_artifact_shift__seed6105__20261003-125834__9ae4a561,0.14011223413716578,attacked,6105,0.9451,0.7936197916666666
0.23211712344773142,0.5364990234375,0.54437255859375,0.9354182054806377,0.7440944881889764,3880.0,b7ab9fb80945d55847128eaf647786c8764113350b0915fd109ce02d364cf3fb,0.15525812699343078,robust_mnist_rotation_artifact_shift,0.8829520142969463,cluster,192,0.29530010363708825,0.08359522316997287,/mnt/data/ucpa_results_review/UCPA_Pilot_Study_outputs/outputs/robust_mnist_rotation_artifact_shift/robust_mnist_rotation_artifact_shift__seed6102__20261003-121754__b05a306b,0.1416256415456418,clean,6102,0.966,0.7621256510416667
0.1688194762164727,0.5364990234375,0.54437255859375,0.9354182054806377,0.7440944881889764,3880.0,b7ab9fb80945d55847128eaf647786c8764113350b0915fd109ce02d364cf3fb,0.21464675494031932,robust_mnist_rotation_artifact_shift,0.8519527746559106,fedattr_mean,192,0.0,1.4715877293975556e-17,/mnt/data/ucpa_results_review/UCPA_Pilot_Study_outputs/outputs/robust_mnist_rotation_artifact_shift/robust_mnist_rotation_artifact_shift__seed6102__20261003-121754__b05a306b,0.2828087926555707,clean,6102,0.966,0.5211181640625
0.27634915363269497,0.5364990234375,0.54437255859375,0.9354182054806377,0.7440944881889764,0.0,b7ab9fb80945d55847128eaf647786c8764113350b0915fd109ce02d364cf3fb,0.14963935930863953,robust_mnist_rotation_artifact_shift,0.8822948344393808,local,192,0.38870108219389576,0.24235801099957804,/mnt/data/ucpa_results_review/UCPA_Pilot_Study_outputs/outputs/robust_mnist_rotation_artifact_shift/robust_mnist_rotation_artifact_shift__seed6102__20261003-121754__b05a306b,0.125778683894644,clean,6102,0.966,0.8221435546875
0.27627909133962203,0.5364990234375,0.54437255859375,0.9354182054806377,0.7440944881889764,9000.0,b7ab9fb80945d55847128eaf647786c8764113350b0915fd109ce02d364cf3fb,0.15448228897815475,robust_mnist_rotation_artifact_shift,0.8809493664193724,ucpa,192,0.3885914462401357,1.635837495665078e-05,/mnt/data/ucpa_results_review/UCPA_Pilot_Study_outputs/outputs/robust_mnist_rotation_artifact_shift/robust_mnist_rotation_artifact_shift__seed6102__20261003-121754__b05a306b,0.14608975206839864,clean,6102,0.966,0.7386067708333333
0.26632061966461595,0.5364990234375,0.54437255859375,0.9354182054806377,0.7440944881889764,9000.0,b7ab9fb80945d55847128eaf647786c8764113350b0915fd109ce02d364cf3fb,0.15418889785263068,robust_mnist_rotation_artifact_shift,0.8806460338976951,ucpa_coord_only,192,0.3690344312981952,0.015023214739672922,/mnt/data/ucpa_results_review/UCPA_Pilot_Study_outputs/outputs/robust_mnist_rotation_artifact_shift/robust_mnist_rotation_artifact_shift__seed6102__20261003-121754__b05a306b,0.1452427812663947,clean,6102,0.966,0.7367757161458333
0.27588397465519443,0.5364990234375,0.54437255859375,0.9354182054806377,0.7440944881889764,9000.0,b7ab9fb80945d55847128eaf647786c8764113350b0915fd109ce02d364cf3fb,0.15445812699508676,robust_mnist_rotation_artifact_shift,0.8808962461623498,ucpa_whole_only,192,0.3880897564480844,9.6521780448449e-05,/mnt/data/ucpa_results_review/UCPA_Pilot_Study_outputs/outputs/robust_mnist_rotation_artifact_shift/robust_mnist_rotation_artifact_shift__seed6102__20261003-121754__b05a306b,0.14603137562916851,clean,6102,0.966,0.7384033203125
0.24557022201268436,0.5364990234375,0.54437255859375,0.9354182054806377,0.7440944881889764,3880.0,b7ab9fb80945d55847128eaf647786c8764113350b0915fd109ce02d364cf3fb,0.154201074625477,robust_mnist_rotation_artifact_shift,0.8829211128235328,xfedalign_median,192,0.2593157818020912,0.17342002016900968,/mnt/data/ucpa_results_review/UCPA_Pilot_Study_outputs/outputs/robust_mnist_rotation_artifact_shift/robust_mnist_rotation_artifact_shift__seed6102__20261003-121754__b05a306b,0.1420199865452509,clean,6102,0.966,0.7569986979166667
0.3288303959349866,0.5364990234375,0.54437255859375,0.9354182054806377,0.7440944881889764,3880.0,b7ab9fb80945d55847128eaf647786c8764113350b0915fd109ce02d364cf3fb,0.15917836141525188,robust_mnist_rotation_artifact_shift,0.8816828276285378,cluster,192,0.40232581537678647,0.11707977450522597,/mnt/data/ucpa_results_review/UCPA_Pilot_Study_outputs/outputs/robust_mnist_rotation_artifact_shift/robust_mnist_rotation_artifact_shift__seed6102__20261003-121754__b05a306b,0.15005822851504722,attacked,6102,0.966,0.75830078125
0.24942923131322217,0.5364990234375,0.54437255859375,0.9354182054806377,0.7440944881889764,3880.0,b7ab9fb80945d55847128eaf647786c8764113350b0915fd109ce02d364cf3fb,0.26272807193551373,robust_mnist_rotation_artifact_shift,0.8092364481887975,fedattr_mean,192,0.0,1.8413277388902508e-17,/mnt/data/ucpa_results_review/UCPA_Pilot_Study_outputs/outputs/robust_mnist_rotation_artifact_shift/robust_mnist_rotation_artifact_shift__seed6102__20261003-121754__b05a306b,0.3495600718191106,attacked,6102,0.966,0.41255696614583337
0.3808745234463822,0.5364990234375,0.54437255859375,0.9354182054806377,0.7440944881889764,0.0,b7ab9fb80945d55847128eaf647786c8764113350b0915fd109ce02d364cf3fb,0.14963935930863953,robust_mnist_rotation_artifact_shift,0.8822948344393808,local,192,0.5201634757234167,0.33291933499916193,/mnt/data/ucpa_results_review/UCPA_Pilot_Study_outputs/outputs/robust_mnist_rotation_artifact_shift/robust_mnist_rotation_artifact_shift__seed6102__20261003-121754__b05a306b,0.125778683894644,attacked,6102,0.966,0.8221435546875
0.38083633515839044,0.5364990234375,0.54437255859375,0.9354182054806377,0.7440944881889764,9000.0,b7ab9fb80945d55847128eaf647786c8764113350b0915fd109ce02d364cf3fb,0.1563360071405138,robust_mnist_rotation_artifact_shift,0.8794023082424246,ucpa,192,0.5201261144874437,6.30689906145045e-06,/mnt/data/ucpa_results_review/UCPA_Pilot_Study_outputs/outputs/robust_mnist_rotation_artifact_shift/robust_mnist_rotation_artifact_shift__seed6102__20261003-121754__b05a306b,0.15509518556730817,attacked,6102,0.966,0.7147623697916667
0.3736319408754125,0.5364990234375,0.54437255859375,0.9354182054806377,0.7440944881889764,9000.0,b7ab9fb80945d55847128eaf647786c8764113350b0915fd109ce02d364cf3fb,0.15607568222815946,robust_mnist_rotation_artifact_shift,0.879189848931128,ucpa_coord_only,192,0.5084632990008705,0.012145117932118464,/mnt/data/ucpa_results_review/UCPA_Pilot_Study_outputs/outputs/robust_mnist_rotation_artifact_shift/robust_mnist_rotation_artifact_shift__seed6102__20261003-121754__b05a306b,0.15448679570789417,attacked,6102,0.966,0.7128092447916666
0.3805820518293837,0.5364990234375,0.54437255859375,0.9354182054806377,0.7440944881889764,9000.0,b7ab9fb80945d55847128eaf647786c8764113350b0915fd109ce02d364cf3fb,0.15631540479625983,robust_mnist_rotation_artifact_shift,0.8793648427107351,ucpa_whole_only,192,0.5198784187868447,6.078001345890368e-05,/mnt/data/ucpa_results_review/UCPA_Pilot_Study_outputs/outputs/robust_mnist_rotation_artifact_shift/robust_mnist_rotation_artifact_shift__seed6102__20261003-121754__b05a306b,0.15505565058896315,attacked,6102,0.966,0.7145589192708333
0.34360868827364616,0.5364990234375,0.54437255859375,0.9354182054806377,0.7440944881889764,3880.0,b7ab9fb80945d55847128eaf647786c8764113350b0915fd109ce02d364cf3fb,0.15453443794006794,robust_mnist_rotation_artifact_shift,0.8816739355570462,xfedalign_median,192,0.37190067341119026,0.28135569120793213,/mnt/data/ucpa_results_review/UCPA_Pilot_Study_outputs/outputs/robust_mnist_rotation_artifact_shift/robust_mnist_rotation_artifact_shift__seed6102__20261003-121754__b05a306b,0.14903726591413227,attacked,6102,0.966,0.769287109375
0.2323658819084028,0.537445068359375,0.534881591796875,0.9472351753924035,0.8620689655172413,3880.0,b7ab9fb80945d55847128eaf647786c8764113350b0915fd109ce02d364cf3fb,0.15625240726124806,robust_mnist_rotation_artifact_shift,0.8900961560776826,cluster,192,0.27686952356067773,0.0855011420129877,/mnt/data/ucpa_results_review/UCPA_Pilot_Study_outputs/outputs/robust_mnist_rotation_artifact_shift/robust_mnist_rotation_artifact_shift__seed6104__20261003-124455__7fb20216,0.13960591152427576,clean,6104,0.9642,0.7683512369791666
0.1773658690435289,0.537445068359375,0.534881591796875,0.9472351753924035,0.8620689655172413,3880.0,b7ab9fb80945d55847128eaf647786c8764113350b0915fd109ce02d364cf3fb,0.20834920927736678,robust_mnist_rotation_artifact_shift,0.8684441806920707,fedattr_mean,192,0.0,1.8958649106721913e-17,/mnt/data/ucpa_results_review/UCPA_Pilot_Study_outputs/outputs/robust_mnist_rotation_artifact_shift/robust_mnist_rotation_artifact_shift__seed6104__20261003-124455__7fb20216,0.28447118991455417,clean,6104,0.9642,0.5157470703125
0.2749248718368733,0.537445068359375,0.534881591796875,0.9472351753924035,0.8620689655172413,0.0,b7ab9fb80945d55847128eaf647786c8764113350b0915fd109ce02d364cf3fb,0.15311643829845706,robust_mnist_rotation_artifact_shift,0.8907495343153036,local,192,0.3784318891574753,0.23685361734429133,/mnt/data/ucpa_results_review/UCPA_Pilot_Study_outputs/outputs/robust_mnist_rotation_artifact_shift/robust_mnist_rotation_artifact_shift__seed6104__20261003-124455__7fb20216,0.12204801458378269,clean,6104,0.9642,0.8299560546875
0.274809157387095,0.537445068359375,0.534881591796875,0.9472351753924035,0.8620689655172413,9000.0,b7ab9fb80945d55847128eaf647786c8764113350b0915fd109ce02d364cf3fb,0.1555204231090708,robust_mnist_rotation_artifact_shift,0.8879458849599663,ucpa,192,0.3782610808396906,1.9308861498124593e-05,/mnt/data/ucpa_results_review/UCPA_Pilot_Study_outputs/outputs/robust_mnist_rotation_artifact_shift/robust_mnist_rotation_artifact_shift__seed6104__20261003-124455__7fb20216,0.14324120657116163,clean,6104,0.9642,0.7415364583333334
0.26217283580162487,0.537445068359375,0.534881591796875,0.9472351753924035,0.8620689655172413,9000.0,b7ab9fb80945d55847128eaf647786c8764113350b0915fd109ce02d364cf3fb,0.15544435152284375,robust_mnist_rotation_artifact_shift,0.8880215083920726,ucpa_coord_only,192,0.3512487276933525,0.020290465998852217,/mnt/data/ucpa_results_review/UCPA_Pilot_Study_outputs/outputs/robust_mnist_rotation_artifact_shift/robust_mnist_rotation_artifact_shift__seed6104__20261003-124455__7fb20216,0.1422116777417069,clean,6104,0.9642,0.7374674479166666
0.2743239687131958,0.537445068359375,0.534881591796875,0.9472351753924035,0.8620689655172413,9000.0,b7ab9fb80945d55847128eaf647786c8764113350b0915fd109ce02d364cf3fb,0.15531160154375054,robust_mnist_rotation_artifact_shift,0.8879746256119688,ucpa_whole_only,192,0.3776640759873712,0.00013021657834461263,/mnt/data/ucpa_results_review/UCPA_Pilot_Study_outputs/outputs/robust_mnist_rotation_artifact_shift/robust_mnist_rotation_artifact_shift__seed6104__20261003-124455__7fb20216,0.14314587943238946,clean,6104,0.9642,0.7418619791666666
0.2439708915903922,0.537445068359375,0.534881591796875,0.9472351753924035,0.8620689655172413,3880.0,b7ab9fb80945d55847128eaf647786c8764113350b0915fd109ce02d364cf3fb,0.15495861737726954,robust_mnist_rotation_artifact_shift,0.889762547265127,xfedalign_median,192,0.25211915282281844,0.16799399600189452,/mnt/data/ucpa_results_review/UCPA_Pilot_Study_outputs/outputs/robust_mnist_rotation_artifact_shift/robust_mnist_rotation_artifact_shift__seed6104__20261003-124455__7fb20216,0.1387647338916772,clean,6104,0.9642,0.7666829427083333
0.33426758663942413,0.537445068359375,0.534881591796875,0.9472351753924035,0.8620689655172413,3880.0,b7ab9fb80945d55847128eaf647786c8764113350b0915fd109ce02d364cf3fb,0.15881226007647153,robust_mnist_rotation_artifact_shift,0.8879021994770786,cluster,192,0.4353437334524506,0.08272423346199996,/mnt/data/ucpa_results_review/UCPA_Pilot_Study_outputs/outputs/robust_mnist_rotation_artifact_shift/robust_mnist_rotation_artifact_shift__seed6104__20261003-124455__7fb20216,0.14950725786445418,attacked,6104,0.9642,0.7393798828125
0.2365852382535112,0.537445068359375,0.534881591796875,0.9472351753924035,0.8620689655172413,3880.0,b7ab9fb80945d55847128eaf647786c8764113350b0915fd109ce02d364cf3fb,0.2335176101985174,robust_mnist_rotation_artifact_shift,0.8499374919534602,fedattr_mean,192,0.0,2.047966119916238e-17,/mnt/data/ucpa_results_review/UCPA_Pilot_Study_outputs/outputs/robust_mnist_rotation_artifact_shift/robust_mnist_rotation_artifact_shift__seed6104__20261003-124455__7fb20216,0.33200631164429717,attacked,6104,0.9642,0.45255533854166663
0.3684530845732088,0.537445068359375,0.534881591796875,0.9472351753924035,0.8620689655172413,0.0,b7ab9fb80945d55847128eaf647786c8764113350b0915fd109ce02d364cf3fb,0.15311643829845706,robust_mnist_rotation_artifact_shift,0.8907495343153036,local,192,0.5081853781939121,0.3225375546581765,/mnt/data/ucpa_results_review/UCPA_Pilot_Study_outputs/outputs/robust_mnist_rotation_artifact_shift/robust_mnist_rotation_artifact_shift__seed6104__20261003-124455__7fb20216,0.12204801458378269,attacked,6104,0.9642,0.8299560546875
0.36840138667799416,0.537445068359375,0.534881591796875,0.9472351753924035,0.8620689655172413,9000.0,b7ab9fb80945d55847128eaf647786c8764113350b0915fd109ce02d364cf3fb,0.15825476442672273,robust_mnist_rotation_artifact_shift,0.8864512964066914,ucpa,192,0.5081241536125156,8.916400836077174e-06,/mnt/data/ucpa_results_review/UCPA_Pilot_Study_outputs/outputs/robust_mnist_rotation_artifact_shift/robust_mnist_rotation_artifact_shift__seed6104__20261003-124455__7fb20216,0.15258622042002407,attacked,6104,0.9642,0.7146402994791667
0.3608206236382686,0.537445068359375,0.534881591796875,0.9472351753924035,0.8620689655172413,9000.0,b7ab9fb80945d55847128eaf647786c8764113350b0915fd109ce02d364cf3fb,0.1574262185305997,robust_mnist_rotation_artifact_shift,0.8867641948835323,ucpa_coord_only,192,0.49324002748336576,0.015657922792936454,/mnt/data/ucpa_results_review/UCPA_Pilot_Study_outputs/outputs/robust_mnist_rotation_artifact_shift/robust_mnist_rotation_artifact_shift__seed6104__20261003-124455__7fb20216,0.1517338474159839,attacked,6104,0.9642,0.7133382161458333
0.36816175341484986,0.537445068359375,0.534881591796875,0.9472351753924035,0.8620689655172413,9000.0,b7ab9fb80945d55847128eaf647786c8764113350b0915fd109ce02d364cf3fb,0.15821853991389315,robust_mnist_rotation_artifact_shift,0.886505014650417,ucpa_whole_only,192,0.5078922731174693,5.344162581352689e-05,/mnt/data/ucpa_results_review/UCPA_Pilot_Study_outputs/outputs/robust_mnist_rotation_artifact_shift/robust_mnist_rotation_artifact_shift__seed6104__20261003-124455__7fb20216,0.15255209583250573,attacked,6104,0.9642,0.7147216796875
0.3207891496814248,0.537445068359375,0.534881591796875,0.9472351753924035,0.8620689655172413,3880.0,b7ab9fb80945d55847128eaf647786c8764113350b0915fd109ce02d364cf3fb,0.15516437923239818,robust_mnist_rotation_artifact_shift,0.8890375624922551,xfedalign_median,192,0.35677693267502825,0.25657675408990704,/mnt/data/ucpa_results_review/UCPA_Pilot_Study_outputs/outputs/robust_mnist_rotation_artifact_shift/robust_mnist_rotation_artifact_shift__seed6104__20261003-124455__7fb20216,0.14229298192366857,attacked,6104,0.9642,0.7848714192708334
0.4407566415525872,0.518707275390625,0.526519775390625,0.9276615131297082,0.7076923076923077,1000.0,e664cf71ee2318fe4ccd29d0bde2a78397102b338ace6a895b394101ba00c709,0.16893932857383331,sweep_mnist_topk_32,0.888972833523682,cluster,192,0.4302968000900686,0.11793649909634388,/mnt/data/ucpa_results_review/UCPA_Pilot_Study_outputs/outputs/sweep_mnist_topk_32/sweep_mnist_topk_32__seed6103__20261003-144602__935a7404,0.15254855420882119,clean,6103,0.9635,0.37483723958333337
0.33378797657177534,0.518707275390625,0.526519775390625,0.9276615131297082,0.7076923076923077,1000.0,e664cf71ee2318fe4ccd29d0bde2a78397102b338ace6a895b394101ba00c709,0.3083027737167261,sweep_mnist_topk_32,0.7953038844372713,fedattr_mean,192,0.0,1.782438269273527e-17,/mnt/data/ucpa_results_review/UCPA_Pilot_Study_outputs/outputs/sweep_mnist_topk_32/sweep_mnist_topk_32__seed6103__20261003-144602__935a7404,0.39895776601130134,clean,6103,0.9635,0.21256510416666666
0.49695869642297213,0.518707275390625,0.526519775390625,0.9276615131297082,0.7076923076923077,0.0,e664cf71ee2318fe4ccd29d0bde2a78397102b338ace6a895b394101ba00c709,0.1641173736267471,sweep_mnist_topk_32,0.8907147085104953,local,192,0.5395448578818821,0.36328070138863755,/mnt/data/ucpa_results_review/UCPA_Pilot_Study_outputs/outputs/sweep_mnist_topk_32/sweep_mnist_topk_32__seed6103__20261003-144602__935a7404,0.12698230772774136,clean,6103,0.9635,0.4005533854166667
0.49695750336236066,0.518707275390625,0.526519775390625,0.9276615131297082,0.7076923076923077,2280.0,e664cf71ee2318fe4ccd29d0bde2a78397102b338ace6a895b394101ba00c709,0.165792930953224,sweep_mnist_topk_32,0.8894274126752861,ucpa,192,0.5395433619564614,1.5701267571183957e-07,/mnt/data/ucpa_results_review/UCPA_Pilot_Study_outputs/outputs/sweep_mnist_topk_32/sweep_mnist_topk_32__seed6103__20261003-144602__935a7404,0.15529064406435172,clean,6103,0.9635,0.36100260416666663
0.494316006569563,0.518707275390625,0.526519775390625,0.9276615131297082,0.7076923076923077,2280.0,e664cf71ee2318fe4ccd29d0bde2a78397102b338ace6a895b394101ba00c709,0.16586643270942053,sweep_mnist_topk_32,0.8895391411725238,ucpa_coord_only,192,0.5344838335411806,0.004321206050717965,/mnt/data/ucpa_results_review/UCPA_Pilot_Study_outputs/outputs/sweep_mnist_topk_32/sweep_mnist_topk_32__seed6103__20261003-144602__935a7404,0.1550699944411249,clean,6103,0.9635,0.361328125
0.4968971175636733,0.518707275390625,0.526519775390625,0.9276615131297082,0.7076923076923077,2280.0,e664cf71ee2318fe4ccd29d0bde2a78397102b338ace6a895b394101ba00c709,0.16579292974250467,sweep_mnist_topk_32,0.8894274409331653,ucpa_whole_only,192,0.5394679260759511,9.975648469305365e-06,/mnt/data/ucpa_results_review/UCPA_Pilot_Study_outputs/outputs/sweep_mnist_topk_32/sweep_mnist_topk_32__seed6103__20261003-144602__935a7404,0.15528503608326638,clean,6103,0.9635,0.36100260416666663
0.47690721924280766,0.518707275390625,0.526519775390625,0.9276615131297082,0.7076923076923077,1000.0,e664cf71ee2318fe4ccd29d0bde2a78397102b338ace6a895b394101ba00c709,0.16448049193750194,sweep_mnist_topk_32,0.8903981334651083,xfedalign_median,192,0.394120645433639,0.30472369246213526,/mnt/data/ucpa_results_review/UCPA_Pilot_Study_outputs/outputs/sweep_mnist_topk_32/sweep_mnist_topk_32__seed6103__20261003-144602__935a7404,0.16567558814768207,clean,6103,0.9635,0.3759765625
0.4288656232389534,0.5230712890625,0.543914794921875,0.9472351753924035,0.8620689655172413,1000.0,e664cf71ee2318fe4ccd29d0bde2a78397102b338ace6a895b394101ba00c709,0.1552982132518082,sweep_mnist_topk_32,0.888998424866683,cluster,192,0.4473027282065001,0.1242043740567331,/mnt/data/ucpa_results_review/UCPA_Pilot_Study_outputs/outputs/sweep_mnist_topk_32/sweep_mnist_topk_32__seed6104__20261003-145900__efd28c86,0.1464841800291063,clean,6104,0.9642,0.41194661458333337
0.31683699806390647,0.5230712890625,0.543914794921875,0.9472351753924035,0.8620689655172413,1000.0,e664cf71ee2318fe4ccd29d0bde2a78397102b338ace6a895b394101ba00c709,0.28499582388073275,sweep_mnist_topk_32,0.8089740812612338,fedattr_mean,192,0.0,1.7859999422413156e-17,/mnt/data/ucpa_results_review/UCPA_Pilot_Study_outputs/outputs/sweep_mnist_topk_32/sweep_mnist_topk_32__seed6104__20261003-145900__efd28c86,0.3779027402135122,clean,6104,0.9642,0.248046875
0.482245847148988,0.5230712890625,0.543914794921875,0.9472351753924035,0.8620689655172413,0.0,e664cf71ee2318fe4ccd29d0bde2a78397102b338ace6a895b394101ba00c709,0.15311643829845706,sweep_mnist_topk_32,0.8907495343153036,local,192,0.5576531663434372,0.3698302579764085,/mnt/data/ucpa_results_review/UCPA_Pilot_Study_outputs/outputs/sweep_mnist_topk_32/sweep_mnist_topk_32__seed6104__20261003-145900__efd28c86,0.12204801458378269,clean,6104,0.9642,0.4326171875
0.48224398982093947,0.5230712890625,0.543914794921875,0.9472351753924035,0.8620689655172413,2280.0,e664cf71ee2318fe4ccd29d0bde2a78397102b338ace6a895b394101ba00c709,0.15494293321171426,sweep_mnist_topk_32,0.8890356970465897,ucpa,192,0.5576513099665141,2.3492660367113482e-07,/mnt/data/ucpa_results_review/UCPA_Pilot_Study_outputs/outputs/sweep_mnist_topk_32/sweep_mnist_topk_32__seed6104__20261003-145900__efd28c86,0.15078194892893812,clean,6104,0.9642,0.38525390625
0.4774191846945876,0.5230712890625,0.543914794921875,0.9472351753924035,0.8620689655172413,2280.0,e664cf71ee2318fe4ccd29d0bde2a78397102b338ace6a895b394101ba00c709,0.15490129702933095,sweep_mnist_topk_32,0.8890756312646166,ucpa_coord_only,192,0.5485369396658096,0.009014544986401682,/mnt/data/ucpa_results_review/UCPA_Pilot_Study_outputs/outputs/sweep_mnist_topk_32/sweep_mnist_topk_32__seed6104__20261003-145900__efd28c86,0.15045629079533887,clean,6104,0.9642,0.38427734375
0.48212165644448535,0.5230712890625,0.543914794921875,0.9472351753924035,0.8620689655172413,2280.0,e664cf71ee2318fe4ccd29d0bde2a78397102b338ace6a895b394101ba00c709,0.15495497194618413,sweep_mnist_topk_32,0.8890338668425102,ucpa_whole_only,192,0.5575262522548874,2.098922033246752e-05,/mnt/data/ucpa_results_review/UCPA_Pilot_Study_outputs/outputs/sweep_mnist_topk_32/sweep_mnist_topk_32__seed6104__20261003-145900__efd28c86,0.1507686978791184,clean,6104,0.9642,0.3855794270833333
0.46518231211540717,0.5230712890625,0.543914794921875,0.9472351753924035,0.8620689655172413,1000.0,e664cf71ee2318fe4ccd29d0bde2a78397102b338ace6a895b394101ba00c709,0.1541751430449949,sweep_mnist_topk_32,0.8905983505903956,xfedalign_median,192,0.41051518668744696,0.31357276449893046,/mnt/data/ucpa_results_review/UCPA_Pilot_Study_outputs/outputs/sweep_mnist_topk_32/sweep_mnist_topk_32__seed6104__20261003-145900__efd28c86,0.15892292705482425,clean,6104,0.9642,0.41373697916666663
0.4363974871693821,0.515380859375,0.513580322265625,0.9384811335066237,0.8514851485148515,1000.0,e664cf71ee2318fe4ccd29d0bde2a78397102b338ace6a895b394101ba00c709,0.16608903401453667,sweep_mnist_topk_32,0.8934350581873635,cluster,192,0.4387030398417602,0.11395033462795114,/mnt/data/ucpa_results_review/UCPA_Pilot_Study_outputs/outputs/sweep_mnist_topk_32/sweep_mnist_topk_32__seed6105__20261003-151152__0b88f800,0.14174056422771447,clean,6105,0.9451,0.41975911458333337
0.33750986988842985,0.515380859375,0.513580322265625,0.9384811335066237,0.8514851485148515,1000.0,e664cf71ee2318fe4ccd29d0bde2a78397102b338ace6a895b394101ba00c709,0.3212068872124292,sweep_mnist_topk_32,0.773236128095444,fedattr_mean,192,0.0,2.0519611443143528e-17,/mnt/data/ucpa_results_review/UCPA_Pilot_Study_outputs/outputs/sweep_mnist_topk_32/sweep_mnist_topk_32__seed6105__20261003-151152__0b88f800,0.3672460289898205,clean,6105,0.9451,0.25732421875
0.4807728190878616,0.515380859375,0.513580322265625,0.9384811335066237,0.8514851485148515,0.0,e664cf71ee2318fe4ccd29d0bde2a78397102b338ace6a895b394101ba00c709,0.16217822613980387,sweep_mnist_topk_32,0.8953470222089285,local,192,0.5376100512871768,0.3562969596204523,/mnt/data/ucpa_results_review/UCPA_Pilot_Study_outputs/outputs/sweep_mnist_topk_32/sweep_mnist_topk_32__seed6105__20261003-151152__0b88f800,0.11741545011293633,clean,6105,0.9451,0.4514973958333333
0.48076981643832406,0.515380859375,0.513580322265625,0.9384811335066237,0.8514851485148515,2280.0,e664cf71ee2318fe4ccd29d0bde2a78397102b338ace6a895b394101ba00c709,0.16497567033123536,sweep_mnist_topk_32,0.8940113164736734,ucpa,192,0.5376069569370057,4.054504082337077e-07,/mnt/data/ucpa_results_review/UCPA_Pilot_Study_outputs/outputs/sweep_mnist_topk_32/sweep_mnist_topk_32__seed6105__20261003-151152__0b88f800,0.14596094618583666,clean,6105,0.9451,0.4012044270833333
0.47643394863191324,0.515380859375,0.513580322265625,0.9384811335066237,0.8514851485148515,2280.0,e664cf71ee2318fe4ccd29d0bde2a78397102b338ace6a895b394101ba00c709,0.16512335372196202,sweep_mnist_topk_32,0.8941854414956953,ucpa_coord_only,192,0.5294969128084068,0.008632341867465058,/mnt/data/ucpa_results_review/UCPA_Pilot_Study_outputs/outputs/sweep_mnist_topk_32/sweep_mnist_topk_32__seed6105__20261003-151152__0b88f800,0.14568060970121555,clean,6105,0.9451,0.40120442708333337
0.48065157086363486,0.515380859375,0.513580322265625,0.9384811335066237,0.8514851485148515,2280.0,e664cf71ee2318fe4ccd29d0bde2a78397102b338ace6a895b394101ba00c709,0.1649841694588152,sweep_mnist_topk_32,0.8940165357450799,ucpa_whole_only,192,0.5374754164963911,2.040714449454435e-05,/mnt/data/ucpa_results_review/UCPA_Pilot_Study_outputs/outputs/sweep_mnist_topk_32/sweep_mnist_topk_32__seed6105__20261003-151152__0b88f800,0.14595014806105736,clean,6105,0.9451,0.40104166666666663
0.4680240729751983,0.515380859375,0.513580322265625,0.9384811335066237,0.8514851485148515,1000.0,e664cf71ee2318fe4ccd29d0bde2a78397102b338ace6a895b394101ba00c709,0.16293350435444154,sweep_mnist_topk_32,0.8956225631409325,xfedalign_median,192,0.399316752053582,0.30999959824397677,/mnt/data/ucpa_results_review/UCPA_Pilot_Study_outputs/outputs/sweep_mnist_topk_32/sweep_mnist_topk_32__seed6105__20261003-151152__0b88f800,0.1548854675730904,clean,6105,0.9451,0.43359375
0.4247803007494585,0.4942626953125,0.48516845703125,0.9593727460979786,0.9157509157509157,1000.0,e664cf71ee2318fe4ccd29d0bde2a78397102b338ace6a895b394101ba00c709,0.1673413190717838,sweep_mnist_topk_32,0.8954623907667763,cluster,192,0.42938613374788354,0.1277483338297433,/mnt/data/ucpa_results_review/UCPA_Pilot_Study_outputs/outputs/sweep_mnist_topk_32/sweep_mnist_topk_32__seed6101__20261003-142040__86b7372d,0.15048132998083674,clean,6101,0.9697,0.3958333333333333
0.33198247864653385,0.4942626953125,0.48516845703125,0.9593727460979786,0.9157509157509157,1000.0,e664cf71ee2318fe4ccd29d0bde2a78397102b338ace6a895b394101ba00c709,0.2693640287033948,sweep_mnist_topk_32,0.7606342733396863,fedattr_mean,192,0.0,1.9236338259355365e-17,/mnt/data/ucpa_results_review/UCPA_Pilot_Study_outputs/outputs/sweep_mnist_topk_32/sweep_mnist_topk_32__seed6101__20261003-142040__86b7372d,0.38092417878899976,clean,6101,0.9697,0.22330729166666666
0.48445652229128744,0.4942626953125,0.48516845703125,0.9593727460979786,0.9157509157509157,0.0,e664cf71ee2318fe4ccd29d0bde2a78397102b338ace6a895b394101ba00c709,0.16511989565715338,sweep_mnist_topk_32,0.896656165864897,local,192,0.5467451816719893,0.36600105321937276,/mnt/data/ucpa_results_review/UCPA_Pilot_Study_outputs/outputs/sweep_mnist_topk_32/sweep_mnist_topk_32__seed6101__20261003-142040__86b7372d,0.12840990620319037,clean,6101,0.9697,0.4186197916666667
0.4844528192451206,0.4942626953125,0.48516845703125,0.9593727460979786,0.9157509157509157,2280.0,e664cf71ee2318fe4ccd29d0bde2a78397102b338ace6a895b394101ba00c709,0.16755010335740128,sweep_mnist_topk_32,0.8949207056675883,ucpa,192,0.5467412454182276,6.833917184277581e-07,/mnt/data/ucpa_results_review/UCPA_Pilot_Study_outputs/outputs/sweep_mnist_topk_32/sweep_mnist_topk_32__seed6101__20261003-142040__86b7372d,0.1571831223052712,clean,6101,0.9697,0.3776041666666667
0.4817340174640038,0.4942626953125,0.48516845703125,0.9593727460979786,0.9157509157509157,2280.0,e664cf71ee2318fe4ccd29d0bde2a78397102b338ace6a895b394101ba00c709,0.16763584379538465,sweep_mnist_topk_32,0.8949574421759735,ucpa_coord_only,192,0.5424608765840627,0.003944920755688525,/mnt/data/ucpa_results_review/UCPA_Pilot_Study_outputs/outputs/sweep_mnist_topk_32/sweep_mnist_topk_32__seed6101__20261003-142040__86b7372d,0.15697999924931116,clean,6101,0.9697,0.37858072916666663
0.48424814016203627,0.4942626953125,0.48516845703125,0.9593727460979786,0.9157509157509157,2280.0,e664cf71ee2318fe4ccd29d0bde2a78397102b338ace6a895b394101ba00c709,0.16755325799143367,sweep_mnist_topk_32,0.8949143593134825,ucpa_whole_only,192,0.5465050159475603,5.0036473433355575e-05,/mnt/data/ucpa_results_review/UCPA_Pilot_Study_outputs/outputs/sweep_mnist_topk_32/sweep_mnist_topk_32__seed6101__20261003-142040__86b7372d,0.15716586340447133,clean,6101,0.9697,0.3776041666666667
0.4716625239546699,0.4942626953125,0.48516845703125,0.9593727460979786,0.9157509157509157,1000.0,e664cf71ee2318fe4ccd29d0bde2a78397102b338ace6a895b394101ba00c709,0.16593364885414608,sweep_mnist_topk_32,0.8976953177994801,xfedalign_median,192,0.40345498097700905,0.3111071072067774,/mnt/data/ucpa_results_review/UCPA_Pilot_Study_outputs/outputs/sweep_mnist_topk_32/sweep_mnist_topk_32__seed6101__20261003-142040__86b7372d,0.16580773019396403,clean,6101,0.9697,0.40201822916666663
0.43029688469035315,0.526214599609375,0.516998291015625,0.9354182054806377,0.7440944881889764,1000.0,e664cf71ee2318fe4ccd29d0bde2a78397102b338ace6a895b394101ba00c709,0.1536078656470636,sweep_mnist_topk_32,0.8825312991789056,cluster,192,0.446785598363386,0.1231842099084151,/mnt/data/ucpa_results_review/UCPA_Pilot_Study_outputs/outputs/sweep_mnist_topk_32/sweep_mnist_topk_32__seed6102__20261003-143332__64c13227,0.14740923104024242,clean,6102,0.966,0.3818359375
0.3174573902927459,0.526214599609375,0.516998291015625,0.9354182054806377,0.7440944881889764,1000.0,e664cf71ee2318fe4ccd29d0bde2a78397102b338ace6a895b394101ba00c709,0.29669022121537225,sweep_mnist_topk_32,0.7899224354123968,fedattr_mean,192,0.0,1.4849969339279444e-17,/mnt/data/ucpa_results_review/UCPA_Pilot_Study_outputs/outputs/sweep_mnist_topk_32/sweep_mnist_topk_32__seed6102__20261003-143332__64c13227,0.377388823724821,clean,6102,0.966,0.21126302083333334
0.4856123949011453,0.526214599609375,0.516998291015625,0.9354182054806377,0.7440944881889764,0.0,e664cf71ee2318fe4ccd29d0bde2a78397102b338ace6a895b394101ba00c709,0.14963935930863953,sweep_mnist_topk_32,0.8822948344393808,local,192,0.5529258401828221,0.3655654579177144,/mnt/data/ucpa_results_review/UCPA_Pilot_Study_outputs/outputs/sweep_mnist_topk_32/sweep_mnist_topk_32__seed6102__20261003-143332__64c13227,0.125778683894644,clean,6102,0.966,0.4034830729166667
0.48561113529581235,0.526214599609375,0.516998291015625,0.9354182054806377,0.7440944881889764,2280.0,e664cf71ee2318fe4ccd29d0bde2a78397102b338ace6a895b394101ba00c709,0.15225121624486443,sweep_mnist_topk_32,0.8803830130617523,ucpa,192,0.5529243757897804,2.24016363566214e-07,/mnt/data/ucpa_results_review/UCPA_Pilot_Study_outputs/outputs/sweep_mnist_topk_32/sweep_mnist_topk_32__seed6102__20261003-143332__64c13227,0.1552156711453505,clean,6102,0.966,0.36051432291666663
0.4831825068847521,0.526214599609375,0.516998291015625,0.9354182054806377,0.7440944881889764,2280.0,e664cf71ee2318fe4ccd29d0bde2a78397102b338ace6a895b394101ba00c709,0.15244887801842805,sweep_mnist_topk_32,0.8803193048986334,ucpa_coord_only,192,0.548515765119352,0.004869817643627611,/mnt/data/ucpa_results_review/UCPA_Pilot_Study_outputs/outputs/sweep_mnist_topk_32/sweep_mnist_topk_32__seed6102__20261003-143332__64c13227,0.15507934749348395,clean,6102,0.966,0.36083984375
0.48554058886832624,0.526214599609375,0.516998291015625,0.9354182054806377,0.7440944881889764,2280.0,e664cf71ee2318fe4ccd29d0bde2a78397102b338ace6a895b394101ba00c709,0.1522524530611311,sweep_mnist_topk_32,0.8804138126133088,ucpa_whole_only,192,0.552847851586965,1.2379395308481224e-05,/mnt/data/ucpa_results_review/UCPA_Pilot_Study_outputs/outputs/sweep_mnist_topk_32/sweep_mnist_topk_32__seed6102__20261003-143332__64c13227,0.155210979769007,clean,6102,0.966,0.3603515625
0.47483529962225635,0.526214599609375,0.516998291015625,0.9354182054806377,0.7440944881889764,1000.0,e664cf71ee2318fe4ccd29d0bde2a78397102b338ace6a895b394101ba00c709,0.1509219943174685,sweep_mnist_topk_32,0.8821759762977308,xfedalign_median,192,0.4102146371365778,0.31358413398669055,/mnt/data/ucpa_results_review/UCPA_Pilot_Study_outputs/outputs/sweep_mnist_topk_32/sweep_mnist_topk_32__seed6102__20261003-143332__64c13227,0.1635470242673278,clean,6102,0.966,0.38346354166666663
0.521272769128934,0.544342041015625,0.54876708984375,0.6072927166168576,0.4405940594059406,7720.0,cb69606b0baef0db3ad312507cc90d3aeed8ca8bef20df91b65b6d5b757f1e18,0.14285301519357793,core_cifar10_rotation,0.24882255805474357,cluster,192,0.5462578404543893,0.1430794490148333,/mnt/data/ucpa_results_review/UCPA_Pilot_Study_outputs/outputs/core_cifar10_rotation/core_cifar10_rotation__seed6101__20261003-031842__46ffc0c0,0.16433508171068537,clean,6101,0.556,0.14644368489583334
0.3573836523781212,0.544342041015625,0.54876708984375,0.6072927166168576,0.4405940594059406,7720.0,cb69606b0baef0db3ad312507cc90d3aeed8ca8bef20df91b65b6d5b757f1e18,0.1483050722732107,core_cifar10_rotation,0.22486067830733414,fedattr_mean,192,0.0,1.5580684684350188e-17,/mnt/data/ucpa_results_review/UCPA_Pilot_Study_outputs/outputs/core_cifar10_rotation/core_cifar10_rotation__seed6101__20261003-031842__46ffc0c0,0.39614405527715413,clean,6101,0.556,0.10516357421875
0.5846197959099815,0.544342041015625,0.54876708984375,0.6072927166168576,0.4405940594059406,0.0,cb69606b0baef0db3ad312507cc90d3aeed8ca8bef20df91b65b6d5b757f1e18,0.1475151162839931,core_cifar10_rotation,0.2519880635280591,local,192,0.6473317661753919,0.44495626833704405,/mnt/data/ucpa_results_review/UCPA_Pilot_Study_outputs/outputs/core_cifar10_rotation/core_cifar10_rotation__seed6101__20261003-031842__46ffc0c0,0.1462976097617267,clean,6101,0.556,0.17610677083333334
0.5846197701081481,0.544342041015625,0.54876708984375,0.6072927166168576,0.4405940594059406,17960.0,cb69606b0baef0db3ad312507cc90d3aeed8ca8bef20df91b65b6d5b757f1e18,0.14533622070205848,core_cifar10_rotation,0.2497501473704422,ucpa,192,0.6473317469110296,3.597185981195252e-09,/mnt/data/ucpa_results_review/UCPA_Pilot_Study_outputs/outputs/core_cifar10_rotation/core_cifar10_rotation__seed6101__20261003-031842__46ffc0c0,0.18187717394089092,clean,6101,0.556,0.14479573567708331
0.5839457251095722,0.544342041015625,0.54876708984375,0.6072927166168576,0.4405940594059406,17960.0,cb69606b0baef0db3ad312507cc90d3aeed8ca8bef20df91b65b6d5b757f1e18,0.14528618362308712,core_cifar10_rotation,0.24973370829082642,ucpa_coord_only,192,0.6462160665310445,0.0019114180508661277,/mnt/data/ucpa_results_review/UCPA_Pilot_Study_outputs/outputs/core_cifar10_rotation/core_cifar10_rotation__seed6101__20261003-031842__46ffc0c0,0.18176992063431283,clean,6101,0.556,0.14469401041666666
0.58461896263533,0.544342041015625,0.54876708984375,0.6072927166168576,0.4405940594059406,17960.0,cb69606b0baef0db3ad312507cc90d3aeed8ca8bef20df91b65b6d5b757f1e18,0.14533622070205848,core_cifar10_rotation,0.2497501473704422,ucpa_whole_only,192,0.6473312593828354,9.909898625863065e-08,/mnt/data/ucpa_results_review/UCPA_Pilot_Study_outputs/outputs/core_cifar10_rotation/core_cifar10_rotation__seed6101__20261003-031842__46ffc0c0,0.18187713311010514,clean,6101,0.556,0.14479573567708331
0.5862464830508085,0.544342041015625,0.54876708984375,0.6072927166168576,0.4405940594059406,7720.0,cb69606b0baef0db3ad312507cc90d3aeed8ca8bef20df91b65b6d5b757f1e18,0.14679441597399243,core_cifar10_rotation,0.25213270683575595,xfedalign_median,192,0.5117300254737928,0.40933681329706895,/mnt/data/ucpa_results_review/UCPA_Pilot_Study_outputs/outputs/core_cifar10_rotation/core_cifar10_rotation__seed6101__20261003-031842__46ffc0c0,0.2005575453298552,clean,6101,0.556,0.17486572265625
0.5138500355834987,0.5887887137276786,0.5632585797991072,0.5139285225547425,0.10784313725490197,7720.0,cb69606b0baef0db3ad312507cc90d3aeed8ca8bef20df91b65b6d5b757f1e18,0.19808798087994028,core_cifar10_rotation,0.27898036673049575,cluster,175,0.524885751343509,0.1550235327950472,/mnt/data/ucpa_results_review/UCPA_Pilot_Study_outputs/outputs/core_cifar10_rotation/core_cifar10_rotation__seed6104__20261003-040721__833c336c,0.15927653324985958,clean,6104,0.5091,0.16539364769345238
0.37300093793210887,0.5887887137276786,0.5632585797991072,0.5139285225547425,0.10784313725490197,7720.0,cb69606b0baef0db3ad312507cc90d3aeed8ca8bef20df91b65b6d5b757f1e18,0.1857718376518216,core_cifar10_rotation,0.23527922344925564,fedattr_mean,175,0.0,1.5061788781056385e-17,/mnt/data/ucpa_results_review/UCPA_Pilot_Study_outputs/outputs/core_cifar10_rotation/core_cifar10_rotation__seed6104__20261003-040721__833c336c,0.40397058076028,clean,6104,0.5091,0.11588541666666669
0.5808932489305201,0.5887887137276786,0.5632585797991072,0.5139285225547425,0.10784313725490197,0.0,cb69606b0baef0db3ad312507cc90d3aeed8ca8bef20df91b65b6d5b757f1e18,0.19981653565601482,core_cifar10_rotation,0.2790364567532487,local,175,0.6447002243983736,0.4343377642096843,/mnt/data/ucpa_results_review/UCPA_Pilot_Study_outputs/outputs/core_cifar10_rotation/core_cifar10_rotation__seed6104__20261003-040721__833c336c,0.14281931748073007,clean,6104,0.5091,0.194580078125
0.580893193277508,0.5887887137276786,0.5632585797991072,0.5139285225547425,0.10784313725490197,17960.0,cb69606b0baef0db3ad312507cc90d3aeed8ca8bef20df91b65b6d5b757f1e18,0.20208587112024418,core_cifar10_rotation,0.2807062174414709,ucpa,175,0.6447001793831337,7.2872667467846456e-09,/mnt/data/ucpa_results_review/UCPA_Pilot_Study_outputs/outputs/core_cifar10_rotation/core_cifar10_rotation__seed6104__20261003-040721__833c336c,0.1775619224004536,clean,6104,0.5091,0.1600428989955357
0.5798196938940168,0.5887887137276786,0.5632585797991072,0.5139285225547425,0.10784313725490197,17960.0,cb69606b0baef0db3ad312507cc90d3aeed8ca8bef20df91b65b6d5b757f1e18,0.20219480682436597,core_cifar10_rotation,0.28074102704661935,ucpa_coord_only,175,0.6427664934359352,0.0028352590996882235,/mnt/data/ucpa_results_review/UCPA_Pilot_Study_outputs/outputs/core_cifar10_rotation/core_cifar10_rotation__seed6104__20261003-040721__833c336c,0.1774745032462801,clean,6104,0.5091,0.15976388113839285
0.5808924919979253,0.5887887137276786,0.5632585797991072,0.5139285225547425,0.10784313725490197,17960.0,cb69606b0baef0db3ad312507cc90d3aeed8ca8bef20df91b65b6d5b757f1e18,0.20208329392997615,core_cifar10_rotation,0.280706296009444,ucpa_whole_only,175,0.6446996477302982,9.941682571435414e-08,/mnt/data/ucpa_results_review/UCPA_Pilot_Study_outputs/outputs/core_cifar10_rotation/core_cifar10_rotation__seed6104__20261003-040721__833c336c,0.1775617885380886,clean,6104,0.5091,0.1600428989955357
0.5808708292161879,0.5887887137276786,0.5632585797991072,0.5139285225547425,0.10784313725490197,7720.0,cb69606b0baef0db3ad312507cc90d3aeed8ca8bef20df91b65b6d5b757f1e18,0.2007221270270455,core_cifar10_rotation,0.27881972792121185,xfedalign_median,175,0.5092331975219093,0.4085513741403736,/mnt/data/ucpa_results_review/UCPA_Pilot_Study_outputs/outputs/core_cifar10_rotation/core_cifar10_rotation__seed6104__20261003-040721__833c336c,0.19462419211639198,clean,6104,0.5091,0.19428943452380953
0.5159492419739593,0.553131103515625,0.504119873046875,0.6197990142057856,0.4912891986062718,7720.0,cb69606b0baef0db3ad312507cc90d3aeed8ca8bef20df91b65b6d5b757f1e18,0.18535750326681397,core_cifar10_rotation,0.289375715467952,cluster,192,0.538144262623383,0.14965431552339092,/mnt/data/ucpa_results_review/UCPA_Pilot_Study_outputs/outputs/core_cifar10_rotation/core_cifar10_rotation__seed6102__20261003-033458__9ffa4c57,0.1593144644105397,clean,6102,0.5688,0.16015625
0.36171592600081814,0.553131103515625,0.504119873046875,0.6197990142057856,0.4912891986062718,7720.0,cb69606b0baef0db3ad312507cc90d3aeed8ca8bef20df91b65b6d5b757f1e18,0.17850362871030825,core_cifar10_rotation,0.21438808820762456,fedattr_mean,192,0.0,2.6434457248882386e-17,/mnt/data/ucpa_results_review/UCPA_Pilot_Study_outputs/outputs/core_cifar10_rotation/core_cifar10_rotation__seed6102__20261003-033458__9ffa4c57,0.39724060663149635,clean,6102,0.5688,0.10866292317708333
0.5843948782547246,0.553131103515625,0.504119873046875,0.6197990142057856,0.4912891986062718,0.0,cb69606b0baef0db3ad312507cc90d3aeed8ca8bef20df91b65b6d5b757f1e18,0.19050445042018635,core_cifar10_rotation,0.29799776681625373,local,192,0.6481475691890007,0.44788776509582945,/mnt/data/ucpa_results_review/UCPA_Pilot_Study_outputs/outputs/core_cifar10_rotation/core_cifar10_rotation__seed6102__20261003-033458__9ffa4c57,0.14123254071403127,clean,6102,0.5688,0.1854248046875
0.5843948090012352,0.553131103515625,0.504119873046875,0.6197990142057856,0.4912891986062718,17960.0,cb69606b0baef0db3ad312507cc90d3aeed8ca8bef20df91b65b6d5b757f1e18,0.19121205439614064,core_cifar10_rotation,0.2961553892487093,ucpa,192,0.6481475323788013,7.887108628749625e-09,/mnt/data/ucpa_results_review/UCPA_Pilot_Study_outputs/outputs/core_cifar10_rotation/core_cifar10_rotation__seed6102__20261003-033458__9ffa4c57,0.17686526930948565,clean,6102,0.5688,0.15509033203125
0.5829077674300955,0.553131103515625,0.504119873046875,0.6197990142057856,0.4912891986062718,17960.0,cb69606b0baef0db3ad312507cc90d3aeed8ca8bef20df91b65b6d5b757f1e18,0.1912559925941062,core_cifar10_rotation,0.2960917018998165,ucpa_coord_only,192,0.6459194432121678,0.003775927068464634,/mnt/data/ucpa_results_review/UCPA_Pilot_Study_outputs/outputs/core_cifar10_rotation/core_cifar10_rotation__seed6102__20261003-033458__9ffa4c57,0.17669429159410932,clean,6102,0.5688,0.15486653645833334
0.5843932935150793,0.553131103515625,0.504119873046875,0.6197990142057856,0.4912891986062718,17960.0,cb69606b0baef0db3ad312507cc90d3aeed8ca8bef20df91b65b6d5b757f1e18,0.19121205439614064,core_cifar10_rotation,0.2961553892487093,ucpa_whole_only,192,0.6481466047211666,2.2244233555100957e-07,/mnt/data/ucpa_results_review/UCPA_Pilot_Study_outputs/outputs/core_cifar10_rotation/core_cifar10_rotation__seed6102__20261003-033458__9ffa4c57,0.1768651670555021,clean,6102,0.5688,0.15509033203125
0.5863058651017432,0.553131103515625,0.504119873046875,0.6197990142057856,0.4912891986062718,7720.0,cb69606b0baef0db3ad312507cc90d3aeed8ca8bef20df91b65b6d5b757f1e18,0.18991209340619786,core_cifar10_rotation,0.29791085887076174,xfedalign_median,192,0.5234650654191929,0.40195435754602427,/mnt/data/ucpa_results_review/UCPA_Pilot_Study_outputs/outputs/core_cifar10_rotation/core_cifar10_rotation__seed6102__20261003-033458__9ffa4c57,0.1926163693067877,clean,6102,0.5688,0.18461100260416666
0.5134814787360815,0.56170654296875,0.556610107421875,0.5857072928907372,0.31752577319587627,7720.0,cb69606b0baef0db3ad312507cc90d3aeed8ca8bef20df91b65b6d5b757f1e18,0.1523138334909163,core_cifar10_rotation,0.22297521853486912,cluster,192,0.5477424058750661,0.1405075267576366,/mnt/data/ucpa_results_review/UCPA_Pilot_Study_outputs/outputs/core_cifar10_rotation/core_cifar10_rotation__seed6103__20261003-035108__e5f1dfdf,0.1548938938648827,clean,6103,0.464,0.17618815104166666
0.3465521375440786,0.56170654296875,0.556610107421875,0.5857072928907372,0.31752577319587627,7720.0,cb69606b0baef0db3ad312507cc90d3aeed8ca8bef20df91b65b6d5b757f1e18,0.13814006406666976,core_cifar10_rotation,0.18588026306360916,fedattr_mean,192,0.0,1.8633069952516924e-17,/mnt/data/ucpa_results_review/UCPA_Pilot_Study_outputs/outputs/core_cifar10_rotation/core_cifar10_rotation__seed6103__20261003-035108__e5f1dfdf,0.38160194751052945,clean,6103,0.464,0.1224365234375
0.5780446596985169,0.56170654296875,0.556610107421875,0.5857072928907372,0.31752577319587627,0.0,cb69606b0baef0db3ad312507cc90d3aeed8ca8bef20df91b65b6d5b757f1e18,0.16161384691627065,core_cifar10_rotation,0.2253449871785051,local,192,0.645568185013477,0.44445963454509374,/mnt/data/ucpa_results_review/UCPA_Pilot_Study_outputs/outputs/core_cifar10_rotation/core_cifar10_rotation__seed6103__20261003-035108__e5f1dfdf,0.13861210928391332,clean,6103,0.464,0.19675699869791669
0.578044590780717,0.56170654296875,0.556610107421875,0.5857072928907372,0.31752577319587627,17960.0,cb69606b0baef0db3ad312507cc90d3aeed8ca8bef20df91b65b6d5b757f1e18,0.1622547457760144,core_cifar10_rotation,0.22495283588211806,ucpa,192,0.6455680956576384,1.5877548979252785e-08,/mnt/data/ucpa_results_review/UCPA_Pilot_Study_outputs/outputs/core_cifar10_rotation/core_cifar10_rotation__seed6103__20261003-035108__e5f1dfdf,0.17230092158452978,clean,6103,0.464,0.17156982421875
0.5774712757901357,0.56170654296875,0.556610107421875,0.5857072928907372,0.31752577319587627,17960.0,cb69606b0baef0db3ad312507cc90d3aeed8ca8bef20df91b65b6d5b757f1e18,0.16223758876218808,core_cifar10_rotation,0.224951661135348,ucpa_coord_only,192,0.6442142923943589,0.0019409508232599278,/mnt/data/ucpa_results_review/UCPA_Pilot_Study_outputs/outputs/core_cifar10_rotation/core_cifar10_rotation__seed6103__20261003-035108__e5f1dfdf,0.17227641093441148,clean,6103,0.464,0.17159016927083331
0.5780438114477755,0.56170654296875,0.556610107421875,0.5857072928907372,0.31752577319587627,17960.0,cb69606b0baef0db3ad312507cc90d3aeed8ca8bef20df91b65b6d5b757f1e18,0.1622547457760144,core_cifar10_rotation,0.22495283588211806,ucpa_whole_only,192,0.6455675969657094,1.1103157701320676e-07,/mnt/data/ucpa_results_review/UCPA_Pilot_Study_outputs/outputs/core_cifar10_rotation/core_cifar10_rotation__seed6103__20261003-035108__e5f1dfdf,0.17230088650703107,clean,6103,0.464,0.17156982421875
0.5792636629026507,0.56170654296875,0.556610107421875,0.5857072928907372,0.31752577319587627,7720.0,cb69606b0baef0db3ad312507cc90d3aeed8ca8bef20df91b65b6d5b757f1e18,0.16161742879012309,core_cifar10_rotation,0.22569193509073102,xfedalign_median,192,0.5097907504225178,0.40730236748727633,/mnt/data/ucpa_results_review/UCPA_Pilot_Study_outputs/outputs/core_cifar10_rotation/core_cifar10_rotation__seed6103__20261003-035108__e5f1dfdf,0.19238812861608123,clean,6103,0.464,0.19742838541666669
0.5177429430633589,0.549957275390625,0.5008544921875,0.516999026717168,0.4280936454849498,7720.0,cb69606b0baef0db3ad312507cc90d3aeed8ca8bef20df91b65b6d5b757f1e18,0.17360917404414045,core_cifar10_rotation,0.26734125787981117,cluster,192,0.5368165083805252,0.15073785207779922,/mnt/data/ucpa_results_review/UCPA_Pilot_Study_outputs/outputs/core_cifar10_rotation/core_cifar10_rotation__seed6105__20261003-042322__3ff13446,0.15142544579117956,clean,6105,0.4622,0.15997314453125
0.36036815396823585,0.549957275390625,0.5008544921875,0.516999026717168,0.4280936454849498,7720.0,cb69606b0baef0db3ad312507cc90d3aeed8ca8bef20df91b65b6d5b757f1e18,0.1632101362125165,core_cifar10_rotation,0.23229100780649406,fedattr_mean,192,0.0,1.9323437299110173e-17,/mnt/data/ucpa_results_review/UCPA_Pilot_Study_outputs/outputs/core_cifar10_rotation/core_cifar10_rotation__seed6105__20261003-042322__3ff13446,0.3894723028594994,clean,6105,0.4622,0.11885579427083333
0.5861038544475603,0.549957275390625,0.5008544921875,0.516999026717168,0.4280936454849498,0.0,cb69606b0baef0db3ad312507cc90d3aeed8ca8bef20df91b65b6d5b757f1e18,0.1813573970546855,core_cifar10_rotation,0.26668227124781463,local,192,0.6492426029785341,0.44758844317724383,/mnt/data/ucpa_results_review/UCPA_Pilot_Study_outputs/outputs/core_cifar10_rotation/core_cifar10_rotation__seed6105__20261003-042322__3ff13446,0.1352114417958977,clean,6105,0.4622,0.17877197265625
0.5861037918553897,0.549957275390625,0.5008544921875,0.516999026717168,0.4280936454849498,17960.0,cb69606b0baef0db3ad312507cc90d3aeed8ca8bef20df91b65b6d5b757f1e18,0.17928366529145545,core_cifar10_rotation,0.2627949551399088,ucpa,192,0.6492425621551806,8.399324961006515e-09,/mnt/data/ucpa_results_review/UCPA_Pilot_Study_outputs/outputs/core_cifar10_rotation/core_cifar10_rotation__seed6105__20261003-042322__3ff13446,0.17130627975950685,clean,6105,0.4622,0.14697265625
0.5848985827082871,0.549957275390625,0.5008544921875,0.516999026717168,0.4280936454849498,17960.0,cb69606b0baef0db3ad312507cc90d3aeed8ca8bef20df91b65b6d5b757f1e18,0.179250620149656,core_cifar10_rotation,0.26277828412126875,ucpa_coord_only,192,0.6470024444801437,0.004031203104365487,/mnt/data/ucpa_results_review/UCPA_Pilot_Study_outputs/outputs/core_cifar10_rotation/core_cifar10_rotation__seed6105__20261003-042322__3ff13446,0.1712461424968869,clean,6105,0.4622,0.14689127604166666
0.5861030933452082,0.549957275390625,0.5008544921875,0.516999026717168,0.4280936454849498,17960.0,cb69606b0baef0db3ad312507cc90d3aeed8ca8bef20df91b65b6d5b757f1e18,0.17928366424371756,core_cifar10_rotation,0.2627949549614053,ucpa_whole_only,192,0.6492421371507114,9.169901205713634e-08,/mnt/data/ucpa_results_review/UCPA_Pilot_Study_outputs/outputs/core_cifar10_rotation/core_cifar10_rotation__seed6105__20261003-042322__3ff13446,0.17130625536612792,clean,6105,0.4622,0.14697265625
0.5871532761931478,0.549957275390625,0.5008544921875,0.516999026717168,0.4280936454849498,7720.0,cb69606b0baef0db3ad312507cc90d3aeed8ca8bef20df91b65b6d5b757f1e18,0.18055039340355183,core_cifar10_rotation,0.2666502017525393,xfedalign_median,192,0.527598710577624,0.40253808553334647,/mnt/data/ucpa_results_review/UCPA_Pilot_Study_outputs/outputs/core_cifar10_rotation/core_cifar10_rotation__seed6105__20261003-042322__3ff13446,0.18486566947215577,clean,6105,0.4622,0.177978515625
0.22317480972334403,0.5394287109375,0.547119140625,0.8766173981030956,0.5282051282051282,3880.0,9e8ab1286c0565f0429069c2f2f429e66120ce41f3e25f301463219345425ed4,0.15702899407648752,stress_mnist_drift_rotation,0.8043812734431413,cluster,192,0.3195342410266913,0.08308018019425664,/mnt/data/ucpa_results_review/UCPA_Pilot_Study_outputs/outputs/stress_mnist_drift_rotation/stress_mnist_drift_rotation__seed6103__20261003-091330__b21e2872,0.14806136411057952,clean,6103,0.9264,0.7593180338541667
0.15882461925748484,0.5394287109375,0.547119140625,0.8766173981030956,0.5282051282051282,3880.0,9e8ab1286c0565f0429069c2f2f429e66120ce41f3e25f301463219345425ed4,0.19421216350886727,stress_mnist_drift_rotation,0.777500576924164,fedattr_mean,192,0.0,8.006596891175247e-18,/mnt/data/ucpa_results_review/UCPA_Pilot_Study_outputs/outputs/stress_mnist_drift_rotation/stress_mnist_drift_rotation__seed6103__20261003-091330__b21e2872,0.29348440339909065,clean,6103,0.9264,0.49344889322916663
0.2695671570966727,0.5394287109375,0.547119140625,0.8766173981030956,0.5282051282051282,0.0,9e8ab1286c0565f0429069c2f2f429e66120ce41f3e25f301463219345425ed4,0.1560155951473765,stress_mnist_drift_rotation,0.8052157869744405,local,192,0.4146114614351566,0.2598107170142751,/mnt/data/ucpa_results_review/UCPA_Pilot_Study_outputs/outputs/stress_mnist_drift_rotation/stress_mnist_drift_rotation__seed6103__20261003-091330__b21e2872,0.13326060993865668,clean,6103,0.9264,0.8129069010416667
0.2695095019065883,0.5394287109375,0.547119140625,0.8766173981030956,0.5282051282051282,9000.0,9e8ab1286c0565f0429069c2f2f429e66120ce41f3e25f301463219345425ed4,0.15764383870967624,stress_mnist_drift_rotation,0.8028460724888039,ucpa,192,0.4145481079975628,8.051992498793159e-06,/mnt/data/ucpa_results_review/UCPA_Pilot_Study_outputs/outputs/stress_mnist_drift_rotation/stress_mnist_drift_rotation__seed6103__20261003-091330__b21e2872,0.15282473620105907,clean,6103,0.9264,0.7328287760416667
0.2612206450289707,0.5394287109375,0.547119140625,0.8766173981030956,0.5282051282051282,9000.0,9e8ab1286c0565f0429069c2f2f429e66120ce41f3e25f301463219345425ed4,0.1575119649399615,stress_mnist_drift_rotation,0.8027339055236856,ucpa_coord_only,192,0.3990033692041729,0.01242413753305661,/mnt/data/ucpa_results_review/UCPA_Pilot_Study_outputs/outputs/stress_mnist_drift_rotation/stress_mnist_drift_rotation__seed6103__20261003-091330__b21e2872,0.15194251711919546,clean,6103,0.9264,0.7289225260416667
0.26910735065359015,0.5394287109375,0.547119140625,0.8766173981030956,0.5282051282051282,9000.0,9e8ab1286c0565f0429069c2f2f429e66120ce41f3e25f301463219345425ed4,0.15757163451538267,stress_mnist_drift_rotation,0.8029067980423861,ucpa_whole_only,192,0.4140959930207541,8.523641025784658e-05,/mnt/data/ucpa_results_review/UCPA_Pilot_Study_outputs/outputs/stress_mnist_drift_rotation/stress_mnist_drift_rotation__seed6103__20261003-091330__b21e2872,0.15275641254257277,clean,6103,0.9264,0.7327880859375
0.23687961676618108,0.5394287109375,0.547119140625,0.8766173981030956,0.5282051282051282,3880.0,9e8ab1286c0565f0429069c2f2f429e66120ce41f3e25f301463219345425ed4,0.1561476165975667,stress_mnist_drift_rotation,0.8070753651411603,xfedalign_median,192,0.27862377427792895,0.20155938538074905,/mnt/data/ucpa_results_review/UCPA_Pilot_Study_outputs/outputs/stress_mnist_drift_rotation/stress_mnist_drift_rotation__seed6103__20261003-091330__b21e2872,0.15019336174157255,clean,6103,0.9264,0.7555745442708333
0.2271824389044111,0.534271240234375,0.515594482421875,0.9000364889548073,0.7802197802197802,3880.0,9e8ab1286c0565f0429069c2f2f429e66120ce41f3e25f301463219345425ed4,0.1497234119179969,stress_mnist_drift_rotation,0.8255571076766178,cluster,192,0.28517744762069464,0.08978336256468272,/mnt/data/ucpa_results_review/UCPA_Pilot_Study_outputs/outputs/stress_mnist_drift_rotation/stress_mnist_drift_rotation__seed6101__20261003-084810__761f3cd9,0.1430296577421537,clean,6101,0.9643,0.7755533854166666
0.169502914809202,0.534271240234375,0.515594482421875,0.9000364889548073,0.7802197802197802,3880.0,9e8ab1286c0565f0429069c2f2f429e66120ce41f3e25f301463219345425ed4,0.1817834334939107,stress_mnist_drift_rotation,0.7932001027169462,fedattr_mean,192,0.0,2.3871378101509366e-17,/mnt/data/ucpa_results_review/UCPA_Pilot_Study_outputs/outputs/stress_mnist_drift_rotation/stress_mnist_drift_rotation__seed6101__20261003-084810__761f3cd9,0.2755053903703941,clean,6101,0.9643,0.54052734375
0.2760862939084837,0.534271240234375,0.515594482421875,0.9000364889548073,0.7802197802197802,0.0,9e8ab1286c0565f0429069c2f2f429e66120ce41f3e25f301463219345425ed4,0.1480632025190668,stress_mnist_drift_rotation,0.8244977117149687,local,192,0.40106816868992684,0.24274571580568785,/mnt/data/ucpa_results_review/UCPA_Pilot_Study_outputs/outputs/stress_mnist_drift_rotation/stress_mnist_drift_rotation__seed6101__20261003-084810__761f3cd9,0.1294409647673881,clean,6101,0.9643,0.8406982421875
0.2759793058266498,0.534271240234375,0.515594482421875,0.9000364889548073,0.7802197802197802,9000.0,9e8ab1286c0565f0429069c2f2f429e66120ce41f3e25f301463219345425ed4,0.15051810199632504,stress_mnist_drift_rotation,0.8220294516748556,ucpa,192,0.4009473570577608,2.0055126702658097e-05,/mnt/data/ucpa_results_review/UCPA_Pilot_Study_outputs/outputs/stress_mnist_drift_rotation/stress_mnist_drift_rotation__seed6101__20261003-084810__761f3cd9,0.14841831861348323,clean,6101,0.9643,0.7505289713541667
0.26676420974646897,0.534271240234375,0.515594482421875,0.9000364889548073,0.7802197802197802,9000.0,9e8ab1286c0565f0429069c2f2f429e66120ce41f3e25f301463219345425ed4,0.15046956322524543,stress_mnist_drift_rotation,0.8224893226468641,ucpa_coord_only,192,0.38383534116323326,0.012477967138026859,/mnt/data/ucpa_results_review/UCPA_Pilot_Study_outputs/outputs/stress_mnist_drift_rotation/stress_mnist_drift_rotation__seed6101__20261003-084810__761f3cd9,0.14724199496501197,clean,6101,0.9643,0.75
0.27537212159977087,0.534271240234375,0.515594482421875,0.9000364889548073,0.7802197802197802,9000.0,9e8ab1286c0565f0429069c2f2f429e66120ce41f3e25f301463219345425ed4,0.15047119994293703,stress_mnist_drift_rotation,0.8220128729766354,ucpa_whole_only,192,0.4002433932782488,0.00018910626362904928,/mnt/data/ucpa_results_review/UCPA_Pilot_Study_outputs/outputs/stress_mnist_drift_rotation/stress_mnist_drift_rotation__seed6101__20261003-084810__761f3cd9,0.1483077680531719,clean,6101,0.9643,0.75
0.2438729101582777,0.534271240234375,0.515594482421875,0.9000364889548073,0.7802197802197802,3880.0,9e8ab1286c0565f0429069c2f2f429e66120ce41f3e25f301463219345425ed4,0.1489198256349482,stress_mnist_drift_rotation,0.8247530546580378,xfedalign_median,192,0.26712443404397035,0.17771784462824367,/mnt/data/ucpa_results_review/UCPA_Pilot_Study_outputs/outputs/stress_mnist_drift_rotation/stress_mnist_drift_rotation__seed6101__20261003-084810__761f3cd9,0.14270384209805728,clean,6101,0.9643,0.7729899088541666
0.23950546588894284,0.545928955078125,0.53741455078125,0.9395010207633003,0.8948374760994264,3880.0,9e8ab1286c0565f0429069c2f2f429e66120ce41f3e25f301463219345425ed4,0.146502166710737,stress_mnist_drift_rotation,0.8148665893428491,cluster,192,0.3212832906592373,0.07525458563479004,/mnt/data/ucpa_results_review/UCPA_Pilot_Study_outputs/outputs/stress_mnist_drift_rotation/stress_mnist_drift_rotation__seed6102__20261003-090103__af00e3b7,0.14060321161465766,clean,6102,0.955,0.7621256510416667
0.18267393582292007,0.545928955078125,0.53741455078125,0.9395010207633003,0.8948374760994264,3880.0,9e8ab1286c0565f0429069c2f2f429e66120ce41f3e25f301463219345425ed4,0.19284845498820385,stress_mnist_drift_rotation,0.7838016616855688,fedattr_mean,192,0.0,1.3367321537452297e-17,/mnt/data/ucpa_results_review/UCPA_Pilot_Study_outputs/outputs/stress_mnist_drift_rotation/stress_mnist_drift_rotation__seed6102__20261003-090103__af00e3b7,0.2870265877546381,clean,6102,0.955,0.49568684895833326
0.2837635574221278,0.545928955078125,0.53741455078125,0.9395010207633003,0.8948374760994264,0.0,9e8ab1286c0565f0429069c2f2f429e66120ce41f3e25f301463219345425ed4,0.1425554046508296,stress_mnist_drift_rotation,0.8155073456471958,local,192,0.40818282197149197,0.25112521163210005,/mnt/data/ucpa_results_review/UCPA_Pilot_Study_outputs/outputs/stress_mnist_drift_rotation/stress_mnist_drift_rotation__seed6102__20261003-090103__af00e3b7,0.12616729496923967,clean,6102,0.955,0.8199869791666667
0.2836783853569327,0.545928955078125,0.53741455078125,0.9395010207633003,0.8948374760994264,9000.0,9e8ab1286c0565f0429069c2f2f429e66120ce41f3e25f301463219345425ed4,0.14619146491122592,stress_mnist_drift_rotation,0.8120276519876825,ucpa,192,0.40807998961667363,1.846793559727919e-05,/mnt/data/ucpa_results_review/UCPA_Pilot_Study_outputs/outputs/stress_mnist_drift_rotation/stress_mnist_drift_rotation__seed6102__20261003-090103__af00e3b7,0.14608731967590843,clean,6102,0.955,0.7408854166666667
0.2742884261628833,0.545928955078125,0.53741455078125,0.9395010207633003,0.8948374760994264,9000.0,9e8ab1286c0565f0429069c2f2f429e66120ce41f3e25f301463219345425ed4,0.14590118902648708,stress_mnist_drift_rotation,0.812401022852858,ucpa_coord_only,192,0.3890946086961677,0.014597457797843053,/mnt/data/ucpa_results_review/UCPA_Pilot_Study_outputs/outputs/stress_mnist_drift_rotation/stress_mnist_drift_rotation__seed6102__20261003-090103__af00e3b7,0.14506880403146843,clean,6102,0.955,0.7401123046875
0.2832557896338155,0.545928955078125,0.53741455078125,0.9395010207633003,0.8948374760994264,9000.0,9e8ab1286c0565f0429069c2f2f429e66120ce41f3e25f301463219345425ed4,0.14620855556462026,stress_mnist_drift_rotation,0.8119987500175132,ucpa_whole_only,192,0.40766047808102074,0.0001271041940661921,/mnt/data/ucpa_results_review/UCPA_Pilot_Study_outputs/outputs/stress_mnist_drift_rotation/stress_mnist_drift_rotation__seed6102__20261003-090103__af00e3b7,0.1460093152706648,clean,6102,0.955,0.7403564453125
0.2501280925123004,0.545928955078125,0.53741455078125,0.9395010207633003,0.8948374760994264,3880.0,9e8ab1286c0565f0429069c2f2f429e66120ce41f3e25f301463219345425ed4,0.14372403067764025,stress_mnist_drift_rotation,0.8144335318556537,xfedalign_median,192,0.2736128451762723,0.18354902954660618,/mnt/data/ucpa_results_review/UCPA_Pilot_Study_outputs/outputs/stress_mnist_drift_rotation/stress_mnist_drift_rotation__seed6102__20261003-090103__af00e3b7,0.1413122314737259,clean,6102,0.955,0.7583821614583333
0.24652372895197217,0.53466796875,0.531585693359375,0.9099250519837006,0.7849829351535836,3880.0,9e8ab1286c0565f0429069c2f2f429e66120ce41f3e25f301463219345425ed4,0.14807769992718628,stress_mnist_drift_rotation,0.8246407875769365,cluster,192,0.3209043101691569,0.08325498692618376,/mnt/data/ucpa_results_review/UCPA_Pilot_Study_outputs/outputs/stress_mnist_drift_rotation/stress_mnist_drift_rotation__seed6105__20261003-093918__d59538f5,0.13566634280387635,clean,6105,0.9432,0.7635904947916667
0.19858491625801303,0.53466796875,0.531585693359375,0.9099250519837006,0.7849829351535836,3880.0,9e8ab1286c0565f0429069c2f2f429e66120ce41f3e25f301463219345425ed4,0.18458881532545396,stress_mnist_drift_rotation,0.788895966130561,fedattr_mean,192,0.0,1.9275109732798758e-17,/mnt/data/ucpa_results_review/UCPA_Pilot_Study_outputs/outputs/stress_mnist_drift_rotation/stress_mnist_drift_rotation__seed6105__20261003-093918__d59538f5,0.2875611513099082,clean,6105,0.9432,0.5166015625
0.2830923961619539,0.53466796875,0.531585693359375,0.9099250519837006,0.7849829351535836,0.0,9e8ab1286c0565f0429069c2f2f429e66120ce41f3e25f301463219345425ed4,0.14746005499036985,stress_mnist_drift_rotation,0.8273891110826904,local,192,0.39631767514193944,0.24752453823126244,/mnt/data/ucpa_results_review/UCPA_Pilot_Study_outputs/outputs/stress_mnist_drift_rotation/stress_mnist_drift_rotation__seed6105__20261003-093918__d59538f5,0.11866659054501558,clean,6105,0.9432,0.843017578125
0.28298677077806683,0.53466796875,0.531585693359375,0.9099250519837006,0.7849829351535836,9000.0,9e8ab1286c0565f0429069c2f2f429e66120ce41f3e25f301463219345425ed4,0.14991836927559538,stress_mnist_drift_rotation,0.8246854492001148,ucpa,192,0.396199093796807,1.734474948611897e-05,/mnt/data/ucpa_results_review/UCPA_Pilot_Study_outputs/outputs/stress_mnist_drift_rotation/stress_mnist_drift_rotation__seed6105__20261003-093918__d59538f5,0.13883822708877047,clean,6105,0.9432,0.7487386067708334
0.27391576390288896,0.53466796875,0.531585693359375,0.9099250519837006,0.7849829351535836,9000.0,9e8ab1286c0565f0429069c2f2f429e66120ce41f3e25f301463219345425ed4,0.14993293288959345,stress_mnist_drift_rotation,0.8245096721722802,ucpa_coord_only,192,0.37798310659040263,0.012299127708107281,/mnt/data/ucpa_results_review/UCPA_Pilot_Study_outputs/outputs/stress_mnist_drift_rotation/stress_mnist_drift_rotation__seed6105__20261003-093918__d59538f5,0.1378892887064234,clean,6105,0.9432,0.7440185546875
0.28246147491757456,0.53466796875,0.531585693359375,0.9099250519837006,0.7849829351535836,9000.0,9e8ab1286c0565f0429069c2f2f429e66120ce41f3e25f301463219345425ed4,0.14994537849173262,stress_mnist_drift_rotation,0.8247156410210057,ucpa_whole_only,192,0.3955680041413855,0.00016605070760215617,/mnt/data/ucpa_results_review/UCPA_Pilot_Study_outputs/outputs/stress_mnist_drift_rotation/stress_mnist_drift_rotation__seed6105__20261003-093918__d59538f5,0.13873391427596937,clean,6105,0.9432,0.7474365234375
0.25903831945311884,0.53466796875,0.531585693359375,0.9099250519837006,0.7849829351535836,3880.0,9e8ab1286c0565f0429069c2f2f429e66120ce41f3e25f301463219345425ed4,0.14895586176474657,stress_mnist_drift_rotation,0.825876502370617,xfedalign_median,192,0.27031074803176225,0.19557816764414396,/mnt/data/ucpa_results_review/UCPA_Pilot_Study_outputs/outputs/stress_mnist_drift_rotation/stress_mnist_drift_rotation__seed6105__20261003-093918__d59538f5,0.13734189514587986,clean,6105,0.9432,0.77294921875
0.23204353867007016,0.540863037109375,0.537384033203125,0.8260905687324956,0.5646551724137931,3880.0,9e8ab1286c0565f0429069c2f2f429e66120ce41f3e25f301463219345425ed4,0.1466697307844394,stress_mnist_drift_rotation,0.7551861925969813,cluster,192,0.3028754732028584,0.09613557766436326,/mnt/data/ucpa_results_review/UCPA_Pilot_Study_outputs/outputs/stress_mnist_drift_rotation/stress_mnist_drift_rotation__seed6104__20261003-092627__d585f2af,0.14679102549281264,clean,6104,0.9313,0.7697347005208333
0.17662403881077177,0.540863037109375,0.537384033203125,0.8260905687324956,0.5646551724137931,3880.0,9e8ab1286c0565f0429069c2f2f429e66120ce41f3e25f301463219345425ed4,0.17788909335965097,stress_mnist_drift_rotation,0.7239319338994392,fedattr_mean,192,0.0,1.8523183688124373e-17,/mnt/data/ucpa_results_review/UCPA_Pilot_Study_outputs/outputs/stress_mnist_drift_rotation/stress_mnist_drift_rotation__seed6104__20261003-092627__d585f2af,0.2993207024695659,clean,6104,0.9313,0.49332682291666663
0.28069455521853875,0.540863037109375,0.537384033203125,0.8260905687324956,0.5646551724137931,0.0,9e8ab1286c0565f0429069c2f2f429e66120ce41f3e25f301463219345425ed4,0.1471232191438806,stress_mnist_drift_rotation,0.7570113193682725,local,192,0.417996969311625,0.26261028313446977,/mnt/data/ucpa_results_review/UCPA_Pilot_Study_outputs/outputs/stress_mnist_drift_rotation/stress_mnist_drift_rotation__seed6104__20261003-092627__d585f2af,0.1292298687468354,clean,6104,0.9313,0.8267008463541666
0.2806481151984263,0.540863037109375,0.537384033203125,0.8260905687324956,0.5646551724137931,9000.0,9e8ab1286c0565f0429069c2f2f429e66120ce41f3e25f301463219345425ed4,0.14893684510097954,stress_mnist_drift_rotation,0.7540323010274732,ucpa,192,0.41794410060714887,7.332065099369156e-06,/mnt/data/ucpa_results_review/UCPA_Pilot_Study_outputs/outputs/stress_mnist_drift_rotation/stress_mnist_drift_rotation__seed6104__20261003-092627__d585f2af,0.15003059876848832,clean,6104,0.9313,0.7415364583333333
0.2725638991652749,0.540863037109375,0.537384033203125,0.8260905687324956,0.5646551724137931,9000.0,9e8ab1286c0565f0429069c2f2f429e66120ce41f3e25f301463219345425ed4,0.14912401228114808,stress_mnist_drift_rotation,0.754039966059645,ucpa_coord_only,192,0.4031359636091809,0.010659916128864843,/mnt/data/ucpa_results_review/UCPA_Pilot_Study_outputs/outputs/stress_mnist_drift_rotation/stress_mnist_drift_rotation__seed6104__20261003-092627__d585f2af,0.14928507214078823,clean,6104,0.9313,0.740966796875
0.2803363025646657,0.540863037109375,0.537384033203125,0.8260905687324956,0.5646551724137931,9000.0,9e8ab1286c0565f0429069c2f2f429e66120ce41f3e25f301463219345425ed4,0.14899819364169764,stress_mnist_drift_rotation,0.7540514637131613,ucpa_whole_only,192,0.4175205034069973,7.464569582362245e-05,/mnt/data/ucpa_results_review/UCPA_Pilot_Study_outputs/outputs/stress_mnist_drift_rotation/stress_mnist_drift_rotation__seed6104__20261003-092627__d585f2af,0.1499892206105619,clean,6104,0.9313,0.741455078125
0.24636157018690175,0.540863037109375,0.537384033203125,0.8260905687324956,0.5646551724137931,3880.0,9e8ab1286c0565f0429069c2f2f429e66120ce41f3e25f301463219345425ed4,0.14873338717006845,stress_mnist_drift_rotation,0.7569288027727452,xfedalign_median,192,0.2823382113856492,0.198716958312751,/mnt/data/ucpa_results_review/UCPA_Pilot_Study_outputs/outputs/stress_mnist_drift_rotation/stress_mnist_drift_rotation__seed6104__20261003-092627__d585f2af,0.14567688884146757,clean,6104,0.9313,0.7602945963541667
0.2036035707936807,0.5396728515625,0.53515625,0.9472351753924035,0.8620689655172413,3880.0,86299d81d1ab322c99ccfb329b9bcf257d4a5f7dafc6a1470572a730a6b32514,0.15536264729623023,sweep_mnist_dp_0p0,0.8902572135846034,cluster,192,0.24339044150980246,0.06357527022104852,/mnt/data/ucpa_results_review/UCPA_Pilot_Study_outputs/outputs/sweep_mnist_dp_0p0/sweep_mnist_dp_0p0__seed6104__20261003-191613__d39cf5af,0.13656117100063392,clean,6104,0.9642,0.7738037109375
0.14882016708093865,0.5396728515625,0.53515625,0.9472351753924035,0.8620689655172413,3880.0,86299d81d1ab322c99ccfb329b9bcf257d4a5f7dafc6a1470572a730a6b32514,0.19683683360114326,sweep_mnist_dp_0p0,0.8845105086669113,fedattr_mean,192,0.0,1.2778856057992508e-17,/mnt/data/ucpa_results_review/UCPA_Pilot_Study_outputs/outputs/sweep_mnist_dp_0p0/sweep_mnist_dp_0p0__seed6104__20261003-191613__d39cf5af,0.25889124188459034,clean,6104,0.9642,0.5579427083333333
0.24058134703919629,0.5396728515625,0.53515625,0.9472351753924035,0.8620689655172413,0.0,86299d81d1ab322c99ccfb329b9bcf257d4a5f7dafc6a1470572a730a6b32514,0.15311643829845706,sweep_mnist_dp_0p0,0.8907495343153036,local,192,0.334091137774306,0.1865079921041778,/mnt/data/ucpa_results_review/UCPA_Pilot_Study_outputs/outputs/sweep_mnist_dp_0p0/sweep_mnist_dp_0p0__seed6104__20261003-191613__d39cf5af,0.12204801458378269,clean,6104,0.9642,0.8299560546875
0.24051055329790932,0.5396728515625,0.53515625,0.9472351753924035,0.8620689655172413,9000.0,86299d81d1ab322c99ccfb329b9bcf257d4a5f7dafc6a1470572a730a6b32514,0.1563009239638632,sweep_mnist_dp_0p0,0.8886688646984112,ucpa,192,0.3339250270441124,1.3281190450184042e-05,/mnt/data/ucpa_results_review/UCPA_Pilot_Study_outputs/outputs/sweep_mnist_dp_0p0/sweep_mnist_dp_0p0__seed6104__20261003-191613__d39cf5af,0.1421621969103996,clean,6104,0.9642,0.7575276692708334
0.23633211218404465,0.5396728515625,0.53515625,0.9472351753924035,0.8620689655172413,9000.0,86299d81d1ab322c99ccfb329b9bcf257d4a5f7dafc6a1470572a730a6b32514,0.15576959731964357,sweep_mnist_dp_0p0,0.8887814736939618,ucpa_coord_only,192,0.3196718942830732,0.013630986136029408,/mnt/data/ucpa_results_review/UCPA_Pilot_Study_outputs/outputs/sweep_mnist_dp_0p0/sweep_mnist_dp_0p0__seed6104__20261003-191613__d39cf5af,0.14146510409738183,clean,6104,0.9642,0.748779296875
0.24033914180414465,0.5396728515625,0.53515625,0.9472351753924035,0.8620689655172413,9000.0,86299d81d1ab322c99ccfb329b9bcf257d4a5f7dafc6a1470572a730a6b32514,0.1561723221804035,sweep_mnist_dp_0p0,0.888703875280286,ucpa_whole_only,192,0.3335839535098272,7.997407589192961e-05,/mnt/data/ucpa_results_review/UCPA_Pilot_Study_outputs/outputs/sweep_mnist_dp_0p0/sweep_mnist_dp_0p0__seed6104__20261003-191613__d39cf5af,0.14203109015708587,clean,6104,0.9642,0.7571207682291667
0.21097080709938085,0.5396728515625,0.53515625,0.9472351753924035,0.8620689655172413,3880.0,86299d81d1ab322c99ccfb329b9bcf257d4a5f7dafc6a1470572a730a6b32514,0.15478363558407487,sweep_mnist_dp_0p0,0.8904648428127984,xfedalign_median,192,0.21642358482311966,0.13730169421639812,/mnt/data/ucpa_results_review/UCPA_Pilot_Study_outputs/outputs/sweep_mnist_dp_0p0/sweep_mnist_dp_0p0__seed6104__20261003-191613__d39cf5af,0.13653413480065907,clean,6104,0.9642,0.7637532552083334
0.19689350976217818,0.533111572265625,0.54461669921875,0.9276615131297082,0.7076923076923077,3880.0,86299d81d1ab322c99ccfb329b9bcf257d4a5f7dafc6a1470572a730a6b32514,0.16526664071219177,sweep_mnist_dp_0p0,0.8902095461310333,cluster,192,0.22572021686687901,0.05343229918209601,/mnt/data/ucpa_results_review/UCPA_Pilot_Study_outputs/outputs/sweep_mnist_dp_0p0/sweep_mnist_dp_0p0__seed6103__20261003-190315__c771209d,0.13881213165541642,clean,6103,0.9635,0.7674560546875
0.13978213150375499,0.533111572265625,0.54461669921875,0.9276615131297082,0.7076923076923077,3880.0,86299d81d1ab322c99ccfb329b9bcf257d4a5f7dafc6a1470572a730a6b32514,0.2102382515247579,sweep_mnist_dp_0p0,0.8756887364736031,fedattr_mean,192,0.0,3.504975253760361e-18,/mnt/data/ucpa_results_review/UCPA_Pilot_Study_outputs/outputs/sweep_mnist_dp_0p0/sweep_mnist_dp_0p0__seed6103__20261003-190315__c771209d,0.25254353876921504,clean,6103,0.9635,0.5609130859375
0.2374941436324901,0.533111572265625,0.54461669921875,0.9276615131297082,0.7076923076923077,0.0,86299d81d1ab322c99ccfb329b9bcf257d4a5f7dafc6a1470572a730a6b32514,0.1641173736267471,sweep_mnist_dp_0p0,0.8907147085104953,local,192,0.30817858067642845,0.16789692935878606,/mnt/data/ucpa_results_review/UCPA_Pilot_Study_outputs/outputs/sweep_mnist_dp_0p0/sweep_mnist_dp_0p0__seed6103__20261003-190315__c771209d,0.12698230772774136,clean,6103,0.9635,0.820556640625
0.23744733088754955,0.533111572265625,0.54461669921875,0.9276615131297082,0.7076923076923077,9000.0,86299d81d1ab322c99ccfb329b9bcf257d4a5f7dafc6a1470572a730a6b32514,0.16704282522969152,sweep_mnist_dp_0p0,0.8892081602073933,ucpa,192,0.3080673400050376,4.869932050131003e-06,/mnt/data/ucpa_results_review/UCPA_Pilot_Study_outputs/outputs/sweep_mnist_dp_0p0/sweep_mnist_dp_0p0__seed6103__20261003-190315__c771209d,0.14532518375158965,clean,6103,0.9635,0.7502034505208334
0.23477395654116678,0.533111572265625,0.54461669921875,0.9276615131297082,0.7076923076923077,9000.0,86299d81d1ab322c99ccfb329b9bcf257d4a5f7dafc6a1470572a730a6b32514,0.1670354927837555,sweep_mnist_dp_0p0,0.8895280053106641,ucpa_coord_only,192,0.29963978039687994,0.007547234554265104,/mnt/data/ucpa_results_review/UCPA_Pilot_Study_outputs/outputs/sweep_mnist_dp_0p0/sweep_mnist_dp_0p0__seed6103__20261003-190315__c771209d,0.1444196585765093,clean,6103,0.9635,0.7475992838541666
0.23727877895415153,0.533111572265625,0.54461669921875,0.9276615131297082,0.7076923076923077,9000.0,86299d81d1ab322c99ccfb329b9bcf257d4a5f7dafc6a1470572a730a6b32514,0.1669516936720356,sweep_mnist_dp_0p0,0.8892420785991514,ucpa_whole_only,192,0.30766436413028947,5.6561466749235666e-05,/mnt/data/ucpa_results_review/UCPA_Pilot_Study_outputs/outputs/sweep_mnist_dp_0p0/sweep_mnist_dp_0p0__seed6103__20261003-190315__c771209d,0.14523025175275753,clean,6103,0.9635,0.75
0.20910731468261753,0.533111572265625,0.54461669921875,0.9276615131297082,0.7076923076923077,3880.0,86299d81d1ab322c99ccfb329b9bcf257d4a5f7dafc6a1470572a730a6b32514,0.16632436518090496,sweep_mnist_dp_0p0,0.8903444381832135,xfedalign_median,192,0.20103384971064658,0.1432456537136202,/mnt/data/ucpa_results_review/UCPA_Pilot_Study_outputs/outputs/sweep_mnist_dp_0p0/sweep_mnist_dp_0p0__seed6103__20261003-190315__c771209d,0.14004764061728878,clean,6103,0.9635,0.7802734375
0.2153203997473389,0.5445556640625,0.54803466796875,0.9384811335066237,0.8514851485148515,3880.0,86299d81d1ab322c99ccfb329b9bcf257d4a5f7dafc6a1470572a730a6b32514,0.16400422401347897,sweep_mnist_dp_0p0,0.8960146321216598,cluster,192,0.243630135337683,0.0581785216719666,/mnt/data/ucpa_results_review/UCPA_Pilot_Study_outputs/outputs/sweep_mnist_dp_0p0/sweep_mnist_dp_0p0__seed6105__20261003-192903__20ff2fbf,0.13143708114292382,clean,6105,0.9451,0.7721761067708333
0.16437883618312046,0.5445556640625,0.54803466796875,0.9384811335066237,0.8514851485148515,3880.0,86299d81d1ab322c99ccfb329b9bcf257d4a5f7dafc6a1470572a730a6b32514,0.22091644082283893,sweep_mnist_dp_0p0,0.8757826968542455,fedattr_mean,192,0.0,3.760581580458043e-18,/mnt/data/ucpa_results_review/UCPA_Pilot_Study_outputs/outputs/sweep_mnist_dp_0p0/sweep_mnist_dp_0p0__seed6105__20261003-192903__20ff2fbf,0.25326601221541395,clean,6105,0.9451,0.5684407552083333
0.25311422899290814,0.5445556640625,0.54803466796875,0.9384811335066237,0.8514851485148515,0.0,86299d81d1ab322c99ccfb329b9bcf257d4a5f7dafc6a1470572a730a6b32514,0.16217822613980387,sweep_mnist_dp_0p0,0.8953470222089285,local,192,0.3273265571706749,0.18132075982716864,/mnt/data/ucpa_results_review/UCPA_Pilot_Study_outputs/outputs/sweep_mnist_dp_0p0/sweep_mnist_dp_0p0__seed6105__20261003-192903__20ff2fbf,0.11741545011293633,clean,6105,0.9451,0.8466796875
0.2530532511753866,0.5445556640625,0.54803466796875,0.9384811335066237,0.8514851485148515,9000.0,86299d81d1ab322c99ccfb329b9bcf257d4a5f7dafc6a1470572a730a6b32514,0.16510229274184288,sweep_mnist_dp_0p0,0.894732395450895,ucpa,192,0.32712702330826704,1.0445051252783204e-05,/mnt/data/ucpa_results_review/UCPA_Pilot_Study_outputs/outputs/sweep_mnist_dp_0p0/sweep_mnist_dp_0p0__seed6105__20261003-192903__20ff2fbf,0.13682397662342277,clean,6105,0.9451,0.7596842447916667
0.2488787088752091,0.5445556640625,0.54803466796875,0.9384811335066237,0.8514851485148515,9000.0,86299d81d1ab322c99ccfb329b9bcf257d4a5f7dafc6a1470572a730a6b32514,0.16498694464438207,sweep_mnist_dp_0p0,0.8947953098870737,ucpa_coord_only,192,0.31351200476312724,0.012318036511082256,/mnt/data/ucpa_results_review/UCPA_Pilot_Study_outputs/outputs/sweep_mnist_dp_0p0/sweep_mnist_dp_0p0__seed6105__20261003-192903__20ff2fbf,0.13598436484513635,clean,6105,0.9451,0.7525634765625
0.2528326295014749,0.5445556640625,0.54803466796875,0.9384811335066237,0.8514851485148515,9000.0,86299d81d1ab322c99ccfb329b9bcf257d4a5f7dafc6a1470572a730a6b32514,0.16512022268240495,sweep_mnist_dp_0p0,0.8947461635107175,ucpa_whole_only,192,0.32651797914663594,0.00010581752154965171,/mnt/data/ucpa_results_review/UCPA_Pilot_Study_outputs/outputs/sweep_mnist_dp_0p0/sweep_mnist_dp_0p0__seed6105__20261003-192903__20ff2fbf,0.13662074338766533,clean,6105,0.9451,0.7586263020833334
0.22601517705389432,0.5445556640625,0.54803466796875,0.9384811335066237,0.8514851485148515,3880.0,86299d81d1ab322c99ccfb329b9bcf257d4a5f7dafc6a1470572a730a6b32514,0.16488106617374187,sweep_mnist_dp_0p0,0.895723357477497,xfedalign_median,192,0.21442270458486093,0.13966533717596127,/mnt/data/ucpa_results_review/UCPA_Pilot_Study_outputs/outputs/sweep_mnist_dp_0p0/sweep_mnist_dp_0p0__seed6105__20261003-192903__20ff2fbf,0.13154387213751298,clean,6105,0.9451,0.76611328125
0.2003790816523273,0.511138916015625,0.509002685546875,0.9593727460979786,0.9157509157509157,3880.0,86299d81d1ab322c99ccfb329b9bcf257d4a5f7dafc6a1470572a730a6b32514,0.167403713693299,sweep_mnist_dp_0p0,0.8959728553231798,cluster,192,0.25695488604864386,0.05361370499540251,/mnt/data/ucpa_results_review/UCPA_Pilot_Study_outputs/outputs/sweep_mnist_dp_0p0/sweep_mnist_dp_0p0__seed6101__20261003-183755__4d23a30e,0.1419975763723147,clean,6101,0.9697,0.7770589192708334
0.14501827376462056,0.511138916015625,0.509002685546875,0.9593727460979786,0.9157509157509157,3880.0,86299d81d1ab322c99ccfb329b9bcf257d4a5f7dafc6a1470572a730a6b32514,0.20531854228884183,sweep_mnist_dp_0p0,0.881089290480789,fedattr_mean,192,0.0,7.686104865773172e-18,/mnt/data/ucpa_results_review/UCPA_Pilot_Study_outputs/outputs/sweep_mnist_dp_0p0/sweep_mnist_dp_0p0__seed6101__20261003-183755__4d23a30e,0.2559793160972179,clean,6101,0.9697,0.5818277994791667
0.2352889876127452,0.511138916015625,0.509002685546875,0.9593727460979786,0.9157509157509157,0.0,86299d81d1ab322c99ccfb329b9bcf257d4a5f7dafc6a1470572a730a6b32514,0.16511989565715338,sweep_mnist_dp_0p0,0.896656165864897,local,192,0.33393797586018487,0.1858289631143041,/mnt/data/ucpa_results_review/UCPA_Pilot_Study_outputs/outputs/sweep_mnist_dp_0p0/sweep_mnist_dp_0p0__seed6101__20261003-183755__4d23a30e,0.12840990620319037,clean,6101,0.9697,0.8442789713541667
0.23521891111737664,0.511138916015625,0.509002685546875,0.9593727460979786,0.9157509157509157,9000.0,86299d81d1ab322c99ccfb329b9bcf257d4a5f7dafc6a1470572a730a6b32514,0.16813008754973757,sweep_mnist_dp_0p0,0.8941233109730092,ucpa,192,0.33378621453710056,1.1774646007895614e-05,/mnt/data/ucpa_results_review/UCPA_Pilot_Study_outputs/outputs/sweep_mnist_dp_0p0/sweep_mnist_dp_0p0__seed6101__20261003-183755__4d23a30e,0.14636259371421803,clean,6101,0.9697,0.7657470703125
0.2322693604161119,0.511138916015625,0.509002685546875,0.9593727460979786,0.9157509157509157,9000.0,86299d81d1ab322c99ccfb329b9bcf257d4a5f7dafc6a1470572a730a6b32514,0.16809449536382695,sweep_mnist_dp_0p0,0.8935088232008335,ucpa_coord_only,192,0.32408477705871164,0.00814120713513322,/mnt/data/ucpa_results_review/UCPA_Pilot_Study_outputs/outputs/sweep_mnist_dp_0p0/sweep_mnist_dp_0p0__seed6101__20261003-183755__4d23a30e,0.14564249786313746,clean,6101,0.9697,0.7577718098958333
0.23496567110316657,0.511138916015625,0.509002685546875,0.9593727460979786,0.9157509157509157,9000.0,86299d81d1ab322c99ccfb329b9bcf257d4a5f7dafc6a1470572a730a6b32514,0.16813686980209847,sweep_mnist_dp_0p0,0.8942068856478727,ucpa_whole_only,192,0.3331454572871113,0.0001445006927075514,/mnt/data/ucpa_results_review/UCPA_Pilot_Study_outputs/outputs/sweep_mnist_dp_0p0/sweep_mnist_dp_0p0__seed6101__20261003-183755__4d23a30e,0.14616184375154273,clean,6101,0.9697,0.7651774088541667
0.2094540874363075,0.511138916015625,0.509002685546875,0.9593727460979786,0.9157509157509157,3880.0,86299d81d1ab322c99ccfb329b9bcf257d4a5f7dafc6a1470572a730a6b32514,0.16668573642800763,sweep_mnist_dp_0p0,0.8960066430644171,xfedalign_median,192,0.22031250516891512,0.1466481397070953,/mnt/data/ucpa_results_review/UCPA_Pilot_Study_outputs/outputs/sweep_mnist_dp_0p0/sweep_mnist_dp_0p0__seed6101__20261003-183755__4d23a30e,0.14282812113212867,clean,6101,0.9697,0.7684326171875
0.20244387043414136,0.538360595703125,0.557037353515625,0.9354182054806377,0.7440944881889764,3880.0,86299d81d1ab322c99ccfb329b9bcf257d4a5f7dafc6a1470572a730a6b32514,0.15515460786834107,sweep_mnist_dp_0p0,0.8829967775081362,cluster,192,0.2556104915708364,0.057587596264897414,/mnt/data/ucpa_results_review/UCPA_Pilot_Study_outputs/outputs/sweep_mnist_dp_0p0/sweep_mnist_dp_0p0__seed6102__20261003-185048__8ca5b102,0.13955395604328752,clean,6102,0.966,0.7659505208333334
0.13926887382422476,0.538360595703125,0.557037353515625,0.9354182054806377,0.7440944881889764,3880.0,86299d81d1ab322c99ccfb329b9bcf257d4a5f7dafc6a1470572a730a6b32514,0.21365645234756508,sweep_mnist_dp_0p0,0.8606602296088567,fedattr_mean,192,0.0,3.313995142109371e-18,/mnt/data/ucpa_results_review/UCPA_Pilot_Study_outputs/outputs/sweep_mnist_dp_0p0/sweep_mnist_dp_0p0__seed6102__20261003-185048__8ca5b102,0.2568980829939659,clean,6102,0.966,0.5557047526041667
0.24114964013060158,0.538360595703125,0.557037353515625,0.9354182054806377,0.7440944881889764,0.0,86299d81d1ab322c99ccfb329b9bcf257d4a5f7dafc6a1470572a730a6b32514,0.14963935930863953,sweep_mnist_dp_0p0,0.8822948344393808,local,192,0.34022967637702084,0.18844128894753806,/mnt/data/ucpa_results_review/UCPA_Pilot_Study_outputs/outputs/sweep_mnist_dp_0p0/sweep_mnist_dp_0p0__seed6102__20261003-185048__8ca5b102,0.125778683894644,clean,6102,0.966,0.8221435546875
0.24111149231613282,0.538360595703125,0.557037353515625,0.9354182054806377,0.7440944881889764,9000.0,86299d81d1ab322c99ccfb329b9bcf257d4a5f7dafc6a1470572a730a6b32514,0.15529126040625368,sweep_mnist_dp_0p0,0.8809998012269109,ucpa,192,0.34009731427358714,1.3956307659761386e-05,/mnt/data/ucpa_results_review/UCPA_Pilot_Study_outputs/outputs/sweep_mnist_dp_0p0/sweep_mnist_dp_0p0__seed6102__20261003-185048__8ca5b102,0.14532005507389895,clean,6102,0.966,0.7523193359375
0.238621448060917,0.538360595703125,0.557037353515625,0.9354182054806377,0.7440944881889764,9000.0,86299d81d1ab322c99ccfb329b9bcf257d4a5f7dafc6a1470572a730a6b32514,0.1549950882119447,sweep_mnist_dp_0p0,0.8809413560382382,ucpa_coord_only,192,0.330671127642475,0.009131180253228732,/mnt/data/ucpa_results_review/UCPA_Pilot_Study_outputs/outputs/sweep_mnist_dp_0p0/sweep_mnist_dp_0p0__seed6102__20261003-185048__8ca5b102,0.14453053865899398,clean,6102,0.966,0.7475992838541667
0.2409508544040924,0.538360595703125,0.557037353515625,0.9354182054806377,0.7440944881889764,9000.0,86299d81d1ab322c99ccfb329b9bcf257d4a5f7dafc6a1470572a730a6b32514,0.15519904789289285,sweep_mnist_dp_0p0,0.8810679797185004,ucpa_whole_only,192,0.3397315412426929,7.318770423457971e-05,/mnt/data/ucpa_results_review/UCPA_Pilot_Study_outputs/outputs/sweep_mnist_dp_0p0/sweep_mnist_dp_0p0__seed6102__20261003-185048__8ca5b102,0.1451942663475067,clean,6102,0.966,0.7520345052083334
0.21249203155791407,0.538360595703125,0.557037353515625,0.9354182054806377,0.7440944881889764,3880.0,86299d81d1ab322c99ccfb329b9bcf257d4a5f7dafc6a1470572a730a6b32514,0.1545831458231987,sweep_mnist_dp_0p0,0.8832836323551115,xfedalign_median,192,0.2208609941272022,0.14248700682962095,/mnt/data/ucpa_results_review/UCPA_Pilot_Study_outputs/outputs/sweep_mnist_dp_0p0/sweep_mnist_dp_0p0__seed6102__20261003-185048__8ca5b102,0.13974610180765945,clean,6102,0.966,0.7569173177083334
0.23063675428144542,0.54296875,0.531494140625,0.7801851554059147,0.4310204081632653,3880.0,109d87df627ab9f36cca03c5129d94da561a1a487addacac7a480536bdd47b6b,0.14835787776246434,stress_mnist_rotation_partial_task_participation,0.8163522998957584,cluster,192,0.2739161569176577,0.09072754804744958,/mnt/data/ucpa_results_review/UCPA_Pilot_Study_outputs/outputs/stress_mnist_rotation_partial_task_participation/stress_mnist_rotation_partial_task_participation__seed6105__20261003-083927__f3175fbd,0.13290335694985006,clean,6105,0.808,0.7635498046875
0.18421452657604248,0.54296875,0.531494140625,0.7801851554059147,0.4310204081632653,3880.0,109d87df627ab9f36cca03c5129d94da561a1a487addacac7a480536bdd47b6b,0.19210650779432403,stress_mnist_rotation_partial_task_participation,0.8002049436222478,fedattr_mean,192,0.0,5.454359153606622e-18,/mnt/data/ucpa_results_review/UCPA_Pilot_Study_outputs/outputs/stress_mnist_rotation_partial_task_participation/stress_mnist_rotation_partial_task_participation__seed6105__20261003-083927__f3175fbd,0.28105232359807314,clean,6105,0.808,0.5079345703125
0.2732926147736201,0.54296875,0.531494140625,0.7801851554059147,0.4310204081632653,0.0,109d87df627ab9f36cca03c5129d94da561a1a487addacac7a480536bdd47b6b,0.14623818147326045,stress_mnist_rotation_partial_task_participation,0.8161439153142662,local,192,0.3670283049038748,0.24025454937870971,/mnt/data/ucpa_results_review/UCPA_Pilot_Study_outputs/outputs/stress_mnist_rotation_partial_task_participation/stress_mnist_rotation_partial_task_participation__seed6105__20261003-083927__f3175fbd,0.1163716870597426,clean,6105,0.808,0.842041015625
0.2732223452673995,0.54296875,0.531494140625,0.7801851554059147,0.4310204081632653,9000.0,109d87df627ab9f36cca03c5129d94da561a1a487addacac7a480536bdd47b6b,0.14864123633524287,stress_mnist_rotation_partial_task_participation,0.8153117993312965,ucpa,192,0.36690782870490407,1.2284597627676568e-05,/mnt/data/ucpa_results_review/UCPA_Pilot_Study_outputs/outputs/stress_mnist_rotation_partial_task_participation/stress_mnist_rotation_partial_task_participation__seed6105__20261003-083927__f3175fbd,0.13636634501243017,clean,6105,0.808,0.7419026692708334
0.26527455760295093,0.54296875,0.531494140625,0.7801851554059147,0.4310204081632653,9000.0,109d87df627ab9f36cca03c5129d94da561a1a487addacac7a480536bdd47b6b,0.14879660082078772,stress_mnist_rotation_partial_task_participation,0.8155177988781361,ucpa_coord_only,192,0.3487879437462728,0.012926403798206918,/mnt/data/ucpa_results_review/UCPA_Pilot_Study_outputs/outputs/stress_mnist_rotation_partial_task_participation/stress_mnist_rotation_partial_task_participation__seed6105__20261003-083927__f3175fbd,0.1358435595319778,clean,6105,0.808,0.7409261067708334
0.27274297125579494,0.54296875,0.531494140625,0.7801851554059147,0.4310204081632653,9000.0,109d87df627ab9f36cca03c5129d94da561a1a487addacac7a480536bdd47b6b,0.14866989175789058,stress_mnist_rotation_partial_task_participation,0.8153533782528636,ucpa_whole_only,192,0.3661964113542962,0.0001185060933272021,/mnt/data/ucpa_results_review/UCPA_Pilot_Study_outputs/outputs/stress_mnist_rotation_partial_task_participation/stress_mnist_rotation_partial_task_participation__seed6105__20261003-083927__f3175fbd,0.13630837391779213,clean,6105,0.808,0.7404378255208334
0.2479283743932459,0.54296875,0.531494140625,0.7801851554059147,0.4310204081632653,3880.0,109d87df627ab9f36cca03c5129d94da561a1a487addacac7a480536bdd47b6b,0.1482964776849258,stress_mnist_rotation_partial_task_participation,0.8167459314548373,xfedalign_median,192,0.24941366994737907,0.18288907912453006,/mnt/data/ucpa_results_review/UCPA_Pilot_Study_outputs/outputs/stress_mnist_rotation_partial_task_participation/stress_mnist_rotation_partial_task_participation__seed6105__20261003-083927__f3175fbd,0.133925098534877,clean,6105,0.808,0.7681884765625
0.22098839575241408,0.5350341796875,0.523956298828125,0.8433970277561769,0.5,3880.0,109d87df627ab9f36cca03c5129d94da561a1a487addacac7a480536bdd47b6b,0.14803315080789617,stress_mnist_rotation_partial_task_participation,0.8235051360185026,cluster,192,0.28170908827192426,0.08463969734962566,/mnt/data/ucpa_results_review/UCPA_Pilot_Study_outputs/outputs/stress_mnist_rotation_partial_task_participation/stress_mnist_rotation_partial_task_participation__seed6104__20261003-083056__e9bf30af,0.13954718055699078,clean,6104,0.8793,0.7685546875
0.16112508350019333,0.5350341796875,0.523956298828125,0.8433970277561769,0.5,3880.0,109d87df627ab9f36cca03c5129d94da561a1a487addacac7a480536bdd47b6b,0.18130201258994325,stress_mnist_rotation_partial_task_participation,0.8166181447857525,fedattr_mean,192,0.0,9.245676872021643e-18,/mnt/data/ucpa_results_review/UCPA_Pilot_Study_outputs/outputs/stress_mnist_rotation_partial_task_participation/stress_mnist_rotation_partial_task_participation__seed6104__20261003-083056__e9bf30af,0.282893827312129,clean,6104,0.8793,0.5084228515625
0.26609382843706175,0.5350341796875,0.523956298828125,0.8433970277561769,0.5,0.0,109d87df627ab9f36cca03c5129d94da561a1a487addacac7a480536bdd47b6b,0.14669172882374065,stress_mnist_rotation_partial_task_participation,0.8247831889270552,local,192,0.37978934200830744,0.23866138460112407,/mnt/data/ucpa_results_review/UCPA_Pilot_Study_outputs/outputs/stress_mnist_rotation_partial_task_participation/stress_mnist_rotation_partial_task_participation__seed6104__20261003-083056__e9bf30af,0.12255692355668071,clean,6104,0.8793,0.8295491536458333
0.2660070822457847,0.5350341796875,0.523956298828125,0.8433970277561769,0.5,9000.0,109d87df627ab9f36cca03c5129d94da561a1a487addacac7a480536bdd47b6b,0.148601970996242,stress_mnist_rotation_partial_task_participation,0.8222373443485897,ucpa,192,0.3796682070769733,1.4659956853644912e-05,/mnt/data/ucpa_results_review/UCPA_Pilot_Study_outputs/outputs/stress_mnist_rotation_partial_task_participation/stress_mnist_rotation_partial_task_participation__seed6104__20261003-083056__e9bf30af,0.14272540706927367,clean,6104,0.8793,0.7432454427083334
0.25583738845855314,0.5350341796875,0.523956298828125,0.8433970277561769,0.5,9000.0,109d87df627ab9f36cca03c5129d94da561a1a487addacac7a480536bdd47b6b,0.1485187545622466,stress_mnist_rotation_partial_task_participation,0.8228844853423652,ucpa_coord_only,192,0.36011512470096124,0.013381707175795617,/mnt/data/ucpa_results_review/UCPA_Pilot_Study_outputs/outputs/stress_mnist_rotation_partial_task_participation/stress_mnist_rotation_partial_task_participation__seed6104__20261003-083056__e9bf30af,0.14197473979052871,clean,6104,0.8793,0.7408854166666666
0.2655851814918728,0.5350341796875,0.523956298828125,0.8433970277561769,0.5,9000.0,109d87df627ab9f36cca03c5129d94da561a1a487addacac7a480536bdd47b6b,0.14854750435964284,stress_mnist_rotation_partial_task_participation,0.8224126959903515,ucpa_whole_only,192,0.3790803382050255,0.0001167482978327467,/mnt/data/ucpa_results_review/UCPA_Pilot_Study_outputs/outputs/stress_mnist_rotation_partial_task_participation/stress_mnist_rotation_partial_task_participation__seed6104__20261003-083056__e9bf30af,0.1426533181150152,clean,6104,0.8793,0.7432454427083334
0.23232215738916864,0.5350341796875,0.523956298828125,0.8433970277561769,0.5,3880.0,109d87df627ab9f36cca03c5129d94da561a1a487addacac7a480536bdd47b6b,0.1483260886843103,stress_mnist_rotation_partial_task_participation,0.8250274170708507,xfedalign_median,192,0.2528216447504024,0.1770510570842945,/mnt/data/ucpa_results_review/UCPA_Pilot_Study_outputs/outputs/stress_mnist_rotation_partial_task_participation/stress_mnist_rotation_partial_task_participation__seed6104__20261003-083056__e9bf30af,0.14000927470496413,clean,6104,0.8793,0.7623697916666667
0.21504697795093577,0.54022216796875,0.570526123046875,0.8896033960516246,0.6153846153846154,3880.0,109d87df627ab9f36cca03c5129d94da561a1a487addacac7a480536bdd47b6b,0.1776255489421601,stress_mnist_rotation_partial_task_participation,0.891295685391621,cluster,192,0.2799962694621022,0.08084577615348718,/mnt/data/ucpa_results_review/UCPA_Pilot_Study_outputs/outputs/stress_mnist_rotation_partial_task_participation/stress_mnist_rotation_partial_task_participation__seed6103__20261003-082221__e55c909c,0.1403670694162223,clean,6103,0.9256,0.7556559244791667
0.1661356514281503,0.54022216796875,0.570526123046875,0.8896033960516246,0.6153846153846154,3880.0,109d87df627ab9f36cca03c5129d94da561a1a487addacac7a480536bdd47b6b,0.2224605078688569,stress_mnist_rotation_partial_task_participation,0.8755887702805618,fedattr_mean,192,0.0,1.681440264485588e-17,/mnt/data/ucpa_results_review/UCPA_Pilot_Study_outputs/outputs/stress_mnist_rotation_partial_task_participation/stress_mnist_rotation_partial_task_participation__seed6103__20261003-082221__e55c909c,0.285051373554168,clean,6103,0.9256,0.5097249348958334
0.2578522984779926,0.54022216796875,0.570526123046875,0.8896033960516246,0.6153846153846154,0.0,109d87df627ab9f36cca03c5129d94da561a1a487addacac7a480536bdd47b6b,0.17150627564017973,stress_mnist_rotation_partial_task_participation,0.8905199275810447,local,192,0.36747012623463976,0.2404676798221741,/mnt/data/ucpa_results_review/UCPA_Pilot_Study_outputs/outputs/stress_mnist_rotation_partial_task_participation/stress_mnist_rotation_partial_task_participation__seed6103__20261003-082221__e55c909c,0.12488575457255728,clean,6103,0.9256,0.8194580078125
0.2577813121127507,0.54022216796875,0.570526123046875,0.8896033960516246,0.6153846153846154,9000.0,109d87df627ab9f36cca03c5129d94da561a1a487addacac7a480536bdd47b6b,0.17572087158835833,stress_mnist_rotation_partial_task_participation,0.8897962390168688,ucpa,192,0.3673608517165941,1.2041127167136947e-05,/mnt/data/ucpa_results_review/UCPA_Pilot_Study_outputs/outputs/stress_mnist_rotation_partial_task_participation/stress_mnist_rotation_partial_task_participation__seed6103__20261003-082221__e55c909c,0.144426861775327,clean,6103,0.9256,0.7380777994791667
0.24889924650795092,0.54022216796875,0.570526123046875,0.8896033960516246,0.6153846153846154,9000.0,109d87df627ab9f36cca03c5129d94da561a1a487addacac7a480536bdd47b6b,0.1755998729883383,stress_mnist_rotation_partial_task_participation,0.8895710678305477,ucpa_coord_only,192,0.34819390744972833,0.014667536631112062,/mnt/data/ucpa_results_review/UCPA_Pilot_Study_outputs/outputs/stress_mnist_rotation_partial_task_participation/stress_mnist_rotation_partial_task_participation__seed6103__20261003-082221__e55c909c,0.14342595115346618,clean,6103,0.9256,0.7320149739583334
0.2573305642297501,0.54022216796875,0.570526123046875,0.8896033960516246,0.6153846153846154,9000.0,109d87df627ab9f36cca03c5129d94da561a1a487addacac7a480536bdd47b6b,0.1757644541519767,stress_mnist_rotation_partial_task_participation,0.8897659098763446,ucpa_whole_only,192,0.36673798175457306,0.00010403249209593961,/mnt/data/ucpa_results_review/UCPA_Pilot_Study_outputs/outputs/stress_mnist_rotation_partial_task_participation/stress_mnist_rotation_partial_task_participation__seed6103__20261003-082221__e55c909c,0.14436909909303902,clean,6103,0.9256,0.7379557291666666
0.23136450031383973,0.54022216796875,0.570526123046875,0.8896033960516246,0.6153846153846154,3880.0,109d87df627ab9f36cca03c5129d94da561a1a487addacac7a480536bdd47b6b,0.17327783860249232,stress_mnist_rotation_partial_task_participation,0.8929474809122743,xfedalign_median,192,0.24692892534749733,0.17623175606908392,/mnt/data/ucpa_results_review/UCPA_Pilot_Study_outputs/outputs/stress_mnist_rotation_partial_task_participation/stress_mnist_rotation_partial_task_participation__seed6103__20261003-082221__e55c909c,0.1406067048524938,clean,6103,0.9256,0.7631429036458333
0.22502985233598316,0.50958251953125,0.505767822265625,0.9355341739787645,0.8591065292096219,3880.0,109d87df627ab9f36cca03c5129d94da561a1a487addacac7a480536bdd47b6b,0.15043355964608052,stress_mnist_rotation_partial_task_participation,0.8598939181566796,cluster,192,0.2840111572208351,0.08266288893319909,/mnt/data/ucpa_results_review/UCPA_Pilot_Study_outputs/outputs/stress_mnist_rotation_partial_task_participation/stress_mnist_rotation_partial_task_participation__seed6101__20261003-080538__455238dd,0.1408980862602261,clean,6101,0.9367,0.7699788411458334
0.15805391708415253,0.50958251953125,0.505767822265625,0.9355341739787645,0.8591065292096219,3880.0,109d87df627ab9f36cca03c5129d94da561a1a487addacac7a480536bdd47b6b,0.18745705928335307,stress_mnist_rotation_partial_task_participation,0.8383540076173934,fedattr_mean,192,0.0,1.637321688100015e-17,/mnt/data/ucpa_results_review/UCPA_Pilot_Study_outputs/outputs/stress_mnist_rotation_partial_task_participation/stress_mnist_rotation_partial_task_participation__seed6101__20261003-080538__455238dd,0.27420044035703073,clean,6101,0.9367,0.5344645182291667
0.26875718673725196,0.50958251953125,0.505767822265625,0.9355341739787645,0.8591065292096219,0.0,109d87df627ab9f36cca03c5129d94da561a1a487addacac7a480536bdd47b6b,0.14880211611410538,stress_mnist_rotation_partial_task_participation,0.8611464711034765,local,192,0.3796006185660929,0.23664125004106634,/mnt/data/ucpa_results_review/UCPA_Pilot_Study_outputs/outputs/stress_mnist_rotation_partial_task_participation/stress_mnist_rotation_partial_task_participation__seed6101__20261003-080538__455238dd,0.12661828791325905,clean,6101,0.9367,0.8424479166666667
0.2686622626765476,0.50958251953125,0.505767822265625,0.9355341739787645,0.8591065292096219,9000.0,109d87df627ab9f36cca03c5129d94da561a1a487addacac7a480536bdd47b6b,0.1515711128125986,stress_mnist_rotation_partial_task_participation,0.8582087437915333,ucpa,192,0.3794317596528498,1.832879662339751e-05,/mnt/data/ucpa_results_review/UCPA_Pilot_Study_outputs/outputs/stress_mnist_rotation_partial_task_participation/stress_mnist_rotation_partial_task_participation__seed6101__20261003-080538__455238dd,0.14555646310285733,clean,6101,0.9367,0.7522379557291667
0.2577231129052321,0.50958251953125,0.505767822265625,0.9355341739787645,0.8591065292096219,9000.0,109d87df627ab9f36cca03c5129d94da561a1a487addacac7a480536bdd47b6b,0.15158654194950336,stress_mnist_rotation_partial_task_participation,0.8582116410355487,ucpa_coord_only,192,0.3545322022502119,0.018487988003938083,/mnt/data/ucpa_results_review/UCPA_Pilot_Study_outputs/outputs/stress_mnist_rotation_partial_task_participation/stress_mnist_rotation_partial_task_participation__seed6101__20261003-080538__455238dd,0.14472256636993533,clean,6101,0.9367,0.7473551432291667
0.26813634006537823,0.50958251953125,0.505767822265625,0.9355341739787645,0.8591065292096219,9000.0,109d87df627ab9f36cca03c5129d94da561a1a487addacac7a480536bdd47b6b,0.15149427456666065,stress_mnist_rotation_partial_task_participation,0.8582120667757029,ucpa_whole_only,192,0.3786813254101516,0.00014925253849440299,/mnt/data/ucpa_results_review/UCPA_Pilot_Study_outputs/outputs/stress_mnist_rotation_partial_task_participation/stress_mnist_rotation_partial_task_participation__seed6101__20261003-080538__455238dd,0.14546059263795072,clean,6101,0.9367,0.7518310546875
0.23721443800231606,0.50958251953125,0.505767822265625,0.9355341739787645,0.8591065292096219,3880.0,109d87df627ab9f36cca03c5129d94da561a1a487addacac7a480536bdd47b6b,0.15173082266378515,stress_mnist_rotation_partial_task_participation,0.8603869251284246,xfedalign_median,192,0.25379644418671093,0.17449652707307775,/mnt/data/ucpa_results_review/UCPA_Pilot_Study_outputs/outputs/stress_mnist_rotation_partial_task_participation/stress_mnist_rotation_partial_task_participation__seed6101__20261003-080538__455238dd,0.14222319735925515,clean,6101,0.9367,0.7691243489583333
0.21906623577007964,0.5296630859375,0.53753662109375,0.9267743291477633,0.7795275590551181,3880.0,109d87df627ab9f36cca03c5129d94da561a1a487addacac7a480536bdd47b6b,0.15695892773704448,stress_mnist_rotation_partial_task_participation,0.8414468857955701,cluster,192,0.27371923968960493,0.08575000743475097,/mnt/data/ucpa_results_review/UCPA_Pilot_Study_outputs/outputs/stress_mnist_rotation_partial_task_participation/stress_mnist_rotation_partial_task_participation__seed6102__20261003-081406__ceeec13f,0.1377412209647803,clean,6102,0.951,0.7685546875
0.1617919158147079,0.5296630859375,0.53753662109375,0.9267743291477633,0.7795275590551181,3880.0,109d87df627ab9f36cca03c5129d94da561a1a487addacac7a480536bdd47b6b,0.20707225024028353,stress_mnist_rotation_partial_task_participation,0.8208112502213529,fedattr_mean,192,0.0,1.351899165764056e-17,/mnt/data/ucpa_results_review/UCPA_Pilot_Study_outputs/outputs/stress_mnist_rotation_partial_task_participation/stress_mnist_rotation_partial_task_participation__seed6102__20261003-081406__ceeec13f,0.27441555572173637,clean,6102,0.951,0.5338541666666667
0.26286015607087915,0.5296630859375,0.53753662109375,0.9267743291477633,0.7795275590551181,0.0,109d87df627ab9f36cca03c5129d94da561a1a487addacac7a480536bdd47b6b,0.15192969920584193,stress_mnist_rotation_partial_task_participation,0.8410853108730711,local,192,0.37152814808483997,0.23146959576991502,/mnt/data/ucpa_results_review/UCPA_Pilot_Study_outputs/outputs/stress_mnist_rotation_partial_task_participation/stress_mnist_rotation_partial_task_participation__seed6102__20261003-081406__ceeec13f,0.12153547929820267,clean,6102,0.951,0.8232014973958333
0.2627698428409381,0.5296630859375,0.53753662109375,0.9267743291477633,0.7795275590551181,9000.0,109d87df627ab9f36cca03c5129d94da561a1a487addacac7a480536bdd47b6b,0.15577354122315987,stress_mnist_rotation_partial_task_participation,0.8396311407809358,ucpa,192,0.3713440925244828,2.168359583390531e-05,/mnt/data/ucpa_results_review/UCPA_Pilot_Study_outputs/outputs/stress_mnist_rotation_partial_task_participation/stress_mnist_rotation_partial_task_participation__seed6102__20261003-081406__ceeec13f,0.14162778384237346,clean,6102,0.951,0.7421061197916667
0.2522934070335215,0.5296630859375,0.53753662109375,0.9267743291477633,0.7795275590551181,9000.0,109d87df627ab9f36cca03c5129d94da561a1a487addacac7a480536bdd47b6b,0.15578939232828665,stress_mnist_rotation_partial_task_participation,0.8400980553691625,ucpa_coord_only,192,0.34917910652842227,0.0150806848180831,/mnt/data/ucpa_results_review/UCPA_Pilot_Study_outputs/outputs/stress_mnist_rotation_partial_task_participation/stress_mnist_rotation_partial_task_participation__seed6102__20261003-081406__ceeec13f,0.14035694200961862,clean,6102,0.951,0.7410481770833334
0.26232387959532816,0.5296630859375,0.53753662109375,0.9267743291477633,0.7795275590551181,9000.0,109d87df627ab9f36cca03c5129d94da561a1a487addacac7a480536bdd47b6b,0.15575537932797942,stress_mnist_rotation_partial_task_participation,0.8396205682072225,ucpa_whole_only,192,0.37077436226667754,0.0001085345800053542,/mnt/data/ucpa_results_review/UCPA_Pilot_Study_outputs/outputs/stress_mnist_rotation_partial_task_participation/stress_mnist_rotation_partial_task_participation__seed6102__20261003-081406__ceeec13f,0.14155680700479714,clean,6102,0.951,0.7417399088541667
0.23396386450135498,0.5296630859375,0.53753662109375,0.9267743291477633,0.7795275590551181,3880.0,109d87df627ab9f36cca03c5129d94da561a1a487addacac7a480536bdd47b6b,0.15439353561960162,stress_mnist_rotation_partial_task_participation,0.8425372247920071,xfedalign_median,192,0.24620382421109646,0.16634956131968848,/mnt/data/ucpa_results_review/UCPA_Pilot_Study_outputs/outputs/stress_mnist_rotation_partial_task_participation/stress_mnist_rotation_partial_task_participation__seed6102__20261003-081406__ceeec13f,0.13621757161551046,clean,6102,0.951,0.759765625
0.32943064093576413,0.539825439453125,0.533843994140625,0.9276615131297082,0.7076923076923077,1960.0,297ddb97f1b0c48f975e2a668fb76a93b35e4f3ccc173ebf81341e36beefbba8,0.16786522427986106,sweep_mnist_topk_64,0.8891376773167091,cluster,192,0.3505332149281056,0.098946835218505,/mnt/data/ucpa_results_review/UCPA_Pilot_Study_outputs/outputs/sweep_mnist_topk_64/sweep_mnist_topk_64__seed6103__20261003-155030__74288d0f,0.1468275096040941,clean,6103,0.9635,0.5559895833333334
0.23991961763277925,0.539825439453125,0.533843994140625,0.9276615131297082,0.7076923076923077,1960.0,297ddb97f1b0c48f975e2a668fb76a93b35e4f3ccc173ebf81341e36beefbba8,0.2629161953649638,sweep_mnist_topk_64,0.8498295096892737,fedattr_mean,192,0.0,1.969963198534541e-17,/mnt/data/ucpa_results_review/UCPA_Pilot_Study_outputs/outputs/sweep_mnist_topk_64/sweep_mnist_topk_64__seed6103__20261003-155030__74288d0f,0.3387219408002925,clean,6103,0.9635,0.32080078125
0.3858733160208226,0.539825439453125,0.533843994140625,0.9276615131297082,0.7076923076923077,0.0,297ddb97f1b0c48f975e2a668fb76a93b35e4f3ccc173ebf81341e36beefbba8,0.1641173736267471,sweep_mnist_topk_64,0.8907147085104953,local,192,0.4551060144154489,0.30304136391589487,/mnt/data/ucpa_results_review/UCPA_Pilot_Study_outputs/outputs/sweep_mnist_topk_64/sweep_mnist_topk_64__seed6103__20261003-155030__74288d0f,0.12698230772774136,clean,6103,0.9635,0.5817057291666666
0.38586204739498997,0.539825439453125,0.533843994140625,0.9276615131297082,0.7076923076923077,4520.0,297ddb97f1b0c48f975e2a668fb76a93b35e4f3ccc173ebf81341e36beefbba8,0.16688508920718353,sweep_mnist_topk_64,0.8883510258427122,ucpa,192,0.45509109004485715,1.4165660921628806e-06,/mnt/data/ucpa_results_review/UCPA_Pilot_Study_outputs/outputs/sweep_mnist_topk_64/sweep_mnist_topk_64__seed6103__20261003-155030__74288d0f,0.15028787833461604,clean,6103,0.9635,0.5362955729166667
0.38115755351796,0.539825439453125,0.533843994140625,0.9276615131297082,0.7076923076923077,4520.0,297ddb97f1b0c48f975e2a668fb76a93b35e4f3ccc173ebf81341e36beefbba8,0.16721050849131036,sweep_mnist_topk_64,0.8884417001633361,ucpa_coord_only,192,0.44678841203239017,0.006048863744264947,/mnt/data/ucpa_results_review/UCPA_Pilot_Study_outputs/outputs/sweep_mnist_topk_64/sweep_mnist_topk_64__seed6103__20261003-155030__74288d0f,0.14988187670329634,clean,6103,0.9635,0.5365397135416667
0.3856516044127728,0.539825439453125,0.533843994140625,0.9276615131297082,0.7076923076923077,4520.0,297ddb97f1b0c48f975e2a668fb76a93b35e4f3ccc173ebf81341e36beefbba8,0.16690560008270647,sweep_mnist_topk_64,0.8883702871379986,ucpa_whole_only,192,0.45477964927584874,3.949562429701155e-05,/mnt/data/ucpa_results_review/UCPA_Pilot_Study_outputs/outputs/sweep_mnist_topk_64/sweep_mnist_topk_64__seed6103__20261003-155030__74288d0f,0.1502713284309059,clean,6103,0.9635,0.536376953125
0.3608295990954566,0.539825439453125,0.533843994140625,0.9276615131297082,0.7076923076923077,1960.0,297ddb97f1b0c48f975e2a668fb76a93b35e4f3ccc173ebf81341e36beefbba8,0.16630202754446755,sweep_mnist_topk_64,0.890705850222245,xfedalign_median,192,0.32132975815102816,0.24617716933727193,/mnt/data/ucpa_results_review/UCPA_Pilot_Study_outputs/outputs/sweep_mnist_topk_64/sweep_mnist_topk_64__seed6103__20261003-155030__74288d0f,0.15622871142242564,clean,6103,0.9635,0.5370279947916667
0.34013397600763307,0.536407470703125,0.544097900390625,0.9384811335066237,0.8514851485148515,1960.0,297ddb97f1b0c48f975e2a668fb76a93b35e4f3ccc173ebf81341e36beefbba8,0.16626921421751223,sweep_mnist_topk_64,0.8940667038812535,cluster,192,0.3720866539013805,0.0992012904100418,/mnt/data/ucpa_results_review/UCPA_Pilot_Study_outputs/outputs/sweep_mnist_topk_64/sweep_mnist_topk_64__seed6105__20261003-161623__ce5aa5bc,0.1381489133080969,clean,6105,0.9451,0.59326171875
0.25337114611598727,0.536407470703125,0.544097900390625,0.9384811335066237,0.8514851485148515,1960.0,297ddb97f1b0c48f975e2a668fb76a93b35e4f3ccc173ebf81341e36beefbba8,0.26713453035044954,sweep_mnist_topk_64,0.8329898670281788,fedattr_mean,192,0.0,1.2338408549358024e-17,/mnt/data/ucpa_results_review/UCPA_Pilot_Study_outputs/outputs/sweep_mnist_topk_64/sweep_mnist_topk_64__seed6105__20261003-161623__ce5aa5bc,0.3111449290351088,clean,6105,0.9451,0.37654622395833337
0.3856992890650107,0.536407470703125,0.544097900390625,0.9384811335066237,0.8514851485148515,0.0,297ddb97f1b0c48f975e2a668fb76a93b35e4f3ccc173ebf81341e36beefbba8,0.16217822613980387,sweep_mnist_topk_64,0.8953470222089285,local,192,0.4680869500541377,0.30390001947502365,/mnt/data/ucpa_results_review/UCPA_Pilot_Study_outputs/outputs/sweep_mnist_topk_64/sweep_mnist_topk_64__seed6105__20261003-161623__ce5aa5bc,0.11741545011293633,clean,6105,0.9451,0.6210123697916667
0.3856823181320114,0.536407470703125,0.544097900390625,0.9384811335066237,0.8514851485148515,4520.0,297ddb97f1b0c48f975e2a668fb76a93b35e4f3ccc173ebf81341e36beefbba8,0.1662562146389973,sweep_mnist_topk_64,0.8927901641000062,ucpa,192,0.4680670266079043,2.3349564527205443e-06,/mnt/data/ucpa_results_review/UCPA_Pilot_Study_outputs/outputs/sweep_mnist_topk_64/sweep_mnist_topk_64__seed6105__20261003-161623__ce5aa5bc,0.14146324460677845,clean,6105,0.9451,0.5716959635416667
0.3779107006882873,0.536407470703125,0.544097900390625,0.9384811335066237,0.8514851485148515,4520.0,297ddb97f1b0c48f975e2a668fb76a93b35e4f3ccc173ebf81341e36beefbba8,0.1666490698092578,sweep_mnist_topk_64,0.8930024792614859,ucpa_coord_only,192,0.4538651402748127,0.012880463686814904,/mnt/data/ucpa_results_review/UCPA_Pilot_Study_outputs/outputs/sweep_mnist_topk_64/sweep_mnist_topk_64__seed6105__20261003-161623__ce5aa5bc,0.14074689858778133,clean,6105,0.9451,0.5723470052083333
0.3854701458806097,0.536407470703125,0.544097900390625,0.9384811335066237,0.8514851485148515,4520.0,297ddb97f1b0c48f975e2a668fb76a93b35e4f3ccc173ebf81341e36beefbba8,0.16627638944337375,sweep_mnist_topk_64,0.8927966211417999,ucpa_whole_only,192,0.46777977931482034,4.700478215971478e-05,/mnt/data/ucpa_results_review/UCPA_Pilot_Study_outputs/outputs/sweep_mnist_topk_64/sweep_mnist_topk_64__seed6105__20261003-161623__ce5aa5bc,0.14142985775538988,clean,6105,0.9451,0.5719401041666667
0.36331249643105334,0.536407470703125,0.544097900390625,0.9384811335066237,0.8514851485148515,1960.0,297ddb97f1b0c48f975e2a668fb76a93b35e4f3ccc173ebf81341e36beefbba8,0.16426133088631711,sweep_mnist_topk_64,0.894723100681828,xfedalign_median,192,0.33498058201836484,0.25110514616640184,/mnt/data/ucpa_results_review/UCPA_Pilot_Study_outputs/outputs/sweep_mnist_topk_64/sweep_mnist_topk_64__seed6105__20261003-161623__ce5aa5bc,0.14369341614759285,clean,6105,0.9451,0.5894368489583333
0.3271355045116034,0.49169921875,0.488067626953125,0.9593727460979786,0.9157509157509157,1960.0,297ddb97f1b0c48f975e2a668fb76a93b35e4f3ccc173ebf81341e36beefbba8,0.1677769642160759,sweep_mnist_topk_64,0.8947916616745715,cluster,192,0.3763695226899498,0.09933345857018543,/mnt/data/ucpa_results_review/UCPA_Pilot_Study_outputs/outputs/sweep_mnist_topk_64/sweep_mnist_topk_64__seed6101__20261003-152455__9a560de5,0.1460568196056003,clean,6101,0.9697,0.581787109375
0.240536442824967,0.49169921875,0.488067626953125,0.9593727460979786,0.9157509157509157,1960.0,297ddb97f1b0c48f975e2a668fb76a93b35e4f3ccc173ebf81341e36beefbba8,0.22267738597459658,sweep_mnist_topk_64,0.8255236505565335,fedattr_mean,192,0.0,1.2663639831714377e-17,/mnt/data/ucpa_results_review/UCPA_Pilot_Study_outputs/outputs/sweep_mnist_topk_64/sweep_mnist_topk_64__seed6101__20261003-152455__9a560de5,0.3187040481902625,clean,6101,0.9697,0.35546875
0.3754916125593972,0.49169921875,0.488067626953125,0.9593727460979786,0.9157509157509157,0.0,297ddb97f1b0c48f975e2a668fb76a93b35e4f3ccc173ebf81341e36beefbba8,0.16511989565715338,sweep_mnist_topk_64,0.896656165864897,local,192,0.4724096422647478,0.310512174104996,/mnt/data/ucpa_results_review/UCPA_Pilot_Study_outputs/outputs/sweep_mnist_topk_64/sweep_mnist_topk_64__seed6101__20261003-152455__9a560de5,0.12840990620319037,clean,6101,0.9697,0.6116536458333333
0.375474176715491,0.49169921875,0.488067626953125,0.9593727460979786,0.9157509157509157,4520.0,297ddb97f1b0c48f975e2a668fb76a93b35e4f3ccc173ebf81341e36beefbba8,0.1686853182960476,sweep_mnist_topk_64,0.8942484143969827,ucpa,192,0.47238786083044787,2.526632444208764e-06,/mnt/data/ucpa_results_review/UCPA_Pilot_Study_outputs/outputs/sweep_mnist_topk_64/sweep_mnist_topk_64__seed6101__20261003-152455__9a560de5,0.15087099179834162,clean,6101,0.9697,0.5640462239583334
0.3701894577752588,0.49169921875,0.488067626953125,0.9593727460979786,0.9157509157509157,4520.0,297ddb97f1b0c48f975e2a668fb76a93b35e4f3ccc173ebf81341e36beefbba8,0.1687981887205145,sweep_mnist_topk_64,0.8941234772362199,ucpa_coord_only,192,0.4634562027895896,0.006888338323824334,/mnt/data/ucpa_results_review/UCPA_Pilot_Study_outputs/outputs/sweep_mnist_topk_64/sweep_mnist_topk_64__seed6101__20261003-152455__9a560de5,0.15032168617996428,clean,6101,0.9697,0.5634765625
0.3750663512770446,0.49169921875,0.488067626953125,0.9593727460979786,0.9157509157509157,4520.0,297ddb97f1b0c48f975e2a668fb76a93b35e4f3ccc173ebf81341e36beefbba8,0.16868595419073243,sweep_mnist_topk_64,0.8942274501706076,ucpa_whole_only,192,0.4718767780731702,9.463917544678815e-05,/mnt/data/ucpa_results_review/UCPA_Pilot_Study_outputs/outputs/sweep_mnist_topk_64/sweep_mnist_topk_64__seed6101__20261003-152455__9a560de5,0.15081102628766146,clean,6101,0.9697,0.5642903645833333
0.3546927370866451,0.49169921875,0.488067626953125,0.9593727460979786,0.9157509157509157,1960.0,297ddb97f1b0c48f975e2a668fb76a93b35e4f3ccc173ebf81341e36beefbba8,0.1671342400147599,sweep_mnist_topk_64,0.8962302884759993,xfedalign_median,192,0.3365683785656263,0.24974429815714852,/mnt/data/ucpa_results_review/UCPA_Pilot_Study_outputs/outputs/sweep_mnist_topk_64/sweep_mnist_topk_64__seed6101__20261003-152455__9a560de5,0.1550380753427439,clean,6101,0.9697,0.5787760416666667
0.321177805875365,0.5296630859375,0.54278564453125,0.9472351753924035,0.8620689655172413,1960.0,297ddb97f1b0c48f975e2a668fb76a93b35e4f3ccc173ebf81341e36beefbba8,0.15710348379240413,sweep_mnist_topk_64,0.8899132912437684,cluster,192,0.3606488922393459,0.11285188936960279,/mnt/data/ucpa_results_review/UCPA_Pilot_Study_outputs/outputs/sweep_mnist_topk_64/sweep_mnist_topk_64__seed6104__20261003-160328__bcbcd57d,0.14189027015206723,clean,6104,0.9642,0.58251953125
0.22955199064116738,0.5296630859375,0.54278564453125,0.9472351753924035,0.8620689655172413,1960.0,297ddb97f1b0c48f975e2a668fb76a93b35e4f3ccc173ebf81341e36beefbba8,0.2290831651243328,sweep_mnist_topk_64,0.8519882829697356,fedattr_mean,192,0.0,1.9954948687402077e-17,/mnt/data/ucpa_results_review/UCPA_Pilot_Study_outputs/outputs/sweep_mnist_topk_64/sweep_mnist_topk_64__seed6104__20261003-160328__bcbcd57d,0.31594897851699116,clean,6104,0.9642,0.3568522135416667
0.37772554218769283,0.5296630859375,0.54278564453125,0.9472351753924035,0.8620689655172413,0.0,297ddb97f1b0c48f975e2a668fb76a93b35e4f3ccc173ebf81341e36beefbba8,0.15311643829845706,sweep_mnist_topk_64,0.8907495343153036,local,192,0.47893649646003744,0.31028570310135106,/mnt/data/ucpa_results_review/UCPA_Pilot_Study_outputs/outputs/sweep_mnist_topk_64/sweep_mnist_topk_64__seed6104__20261003-160328__bcbcd57d,0.12204801458378269,clean,6104,0.9642,0.6025390625
0.37771004933492985,0.5296630859375,0.54278564453125,0.9472351753924035,0.8620689655172413,4520.0,297ddb97f1b0c48f975e2a668fb76a93b35e4f3ccc173ebf81341e36beefbba8,0.15648863889631082,sweep_mnist_topk_64,0.8886890707132504,ucpa,192,0.47891848420006405,2.0015922922715283e-06,/mnt/data/ucpa_results_review/UCPA_Pilot_Study_outputs/outputs/sweep_mnist_topk_64/sweep_mnist_topk_64__seed6104__20261003-160328__bcbcd57d,0.14617068787523513,clean,6104,0.9642,0.5574544270833334
0.3699212711334383,0.5296630859375,0.54278564453125,0.9472351753924035,0.8620689655172413,4520.0,297ddb97f1b0c48f975e2a668fb76a93b35e4f3ccc173ebf81341e36beefbba8,0.15666877620848635,sweep_mnist_topk_64,0.8887753109809031,ucpa_coord_only,192,0.46517645265200974,0.011807461994698938,/mnt/data/ucpa_results_review/UCPA_Pilot_Study_outputs/outputs/sweep_mnist_topk_64/sweep_mnist_topk_64__seed6104__20261003-160328__bcbcd57d,0.14560001105387496,clean,6104,0.9642,0.5567220052083333
0.3774185361890142,0.5296630859375,0.54278564453125,0.9472351753924035,0.8620689655172413,4520.0,297ddb97f1b0c48f975e2a668fb76a93b35e4f3ccc173ebf81341e36beefbba8,0.1564798521506115,sweep_mnist_topk_64,0.8887846051155066,ucpa_whole_only,192,0.478579502608757,6.25826642776382e-05,/mnt/data/ucpa_results_review/UCPA_Pilot_Study_outputs/outputs/sweep_mnist_topk_64/sweep_mnist_topk_64__seed6104__20261003-160328__bcbcd57d,0.14611653089973248,clean,6104,0.9642,0.5579427083333333
0.3516687134572635,0.5296630859375,0.54278564453125,0.9472351753924035,0.8620689655172413,1960.0,297ddb97f1b0c48f975e2a668fb76a93b35e4f3ccc173ebf81341e36beefbba8,0.15458630566330006,sweep_mnist_topk_64,0.889706221059896,xfedalign_median,192,0.3379938008426488,0.24736166073624105,/mnt/data/ucpa_results_review/UCPA_Pilot_Study_outputs/outputs/sweep_mnist_topk_64/sweep_mnist_topk_64__seed6104__20261003-160328__bcbcd57d,0.14768951308902756,clean,6104,0.9642,0.5713704427083333
0.3294106872014747,0.530731201171875,0.527679443359375,0.9354182054806377,0.7440944881889764,1960.0,297ddb97f1b0c48f975e2a668fb76a93b35e4f3ccc173ebf81341e36beefbba8,0.1556373834234061,sweep_mnist_topk_64,0.8836534430236497,cluster,192,0.3781106813347104,0.10670165905057098,/mnt/data/ucpa_results_review/UCPA_Pilot_Study_outputs/outputs/sweep_mnist_topk_64/sweep_mnist_topk_64__seed6102__20261003-153758__8ca891e3,0.1443341309510765,clean,6102,0.966,0.5638834635416666
0.23275539726940958,0.530731201171875,0.527679443359375,0.9354182054806377,0.7440944881889764,1960.0,297ddb97f1b0c48f975e2a668fb76a93b35e4f3ccc173ebf81341e36beefbba8,0.2611127992595281,sweep_mnist_topk_64,0.8379786409235142,fedattr_mean,192,0.0,1.9081259426824172e-17,/mnt/data/ucpa_results_review/UCPA_Pilot_Study_outputs/outputs/sweep_mnist_topk_64/sweep_mnist_topk_64__seed6102__20261003-153758__8ca891e3,0.3197105485548075,clean,6102,0.966,0.33935546875
0.38506768683331577,0.530731201171875,0.527679443359375,0.9354182054806377,0.7440944881889764,0.0,297ddb97f1b0c48f975e2a668fb76a93b35e4f3ccc173ebf81341e36beefbba8,0.14963935930863953,sweep_mnist_topk_64,0.8822948344393808,local,192,0.48177736038540087,0.3104739331312282,/mnt/data/ucpa_results_review/UCPA_Pilot_Study_outputs/outputs/sweep_mnist_topk_64/sweep_mnist_topk_64__seed6102__20261003-153758__8ca891e3,0.125778683894644,clean,6102,0.966,0.588134765625
0.38505023275191186,0.530731201171875,0.527679443359375,0.9354182054806377,0.7440944881889764,4520.0,297ddb97f1b0c48f975e2a668fb76a93b35e4f3ccc173ebf81341e36beefbba8,0.15508152217322885,sweep_mnist_topk_64,0.8808493839615645,ucpa,192,0.48174635831995527,5.162845617959373e-06,/mnt/data/ucpa_results_review/UCPA_Pilot_Study_outputs/outputs/sweep_mnist_topk_64/sweep_mnist_topk_64__seed6102__20261003-153758__8ca891e3,0.15035421133808768,clean,6102,0.966,0.5402018229166666
0.3801978086843327,0.530731201171875,0.527679443359375,0.9354182054806377,0.7440944881889764,4520.0,297ddb97f1b0c48f975e2a668fb76a93b35e4f3ccc173ebf81341e36beefbba8,0.1549868726959782,sweep_mnist_topk_64,0.8810376691309405,ucpa_coord_only,192,0.4733307572602771,0.007387527351719871,/mnt/data/ucpa_results_review/UCPA_Pilot_Study_outputs/outputs/sweep_mnist_topk_64/sweep_mnist_topk_64__seed6102__20261003-153758__8ca891e3,0.1500618006571725,clean,6102,0.966,0.5406087239583333
0.38489331766902285,0.530731201171875,0.527679443359375,0.9354182054806377,0.7440944881889764,4520.0,297ddb97f1b0c48f975e2a668fb76a93b35e4f3ccc173ebf81341e36beefbba8,0.15507347120389264,sweep_mnist_topk_64,0.8808616579704297,ucpa_whole_only,192,0.4815702803440173,3.539766098370716e-05,/mnt/data/ucpa_results_review/UCPA_Pilot_Study_outputs/outputs/sweep_mnist_topk_64/sweep_mnist_topk_64__seed6102__20261003-153758__8ca891e3,0.1503313807788518,clean,6102,0.966,0.540283203125
0.36218604886142963,0.530731201171875,0.527679443359375,0.9354182054806377,0.7440944881889764,1960.0,297ddb97f1b0c48f975e2a668fb76a93b35e4f3ccc173ebf81341e36beefbba8,0.15304019015093218,sweep_mnist_topk_64,0.8818384230010755,xfedalign_median,192,0.34146837343643865,0.24851821823366582,/mnt/data/ucpa_results_review/UCPA_Pilot_Study_outputs/outputs/sweep_mnist_topk_64/sweep_mnist_topk_64__seed6102__20261003-153758__8ca891e3,0.15101707364827716,clean,6102,0.966,0.5511881510416667
0.5274987460806042,0.529998779296875,0.516815185546875,0.47579186385708977,0.1979381443298969,7720.0,54d9bb23112e8e1d7794107987ff4b548b225ddf0c45ad01db1b469c4138d5c4,0.15265813808611406,core_cifar10_color,0.19914488858535054,cluster,192,0.5401908975564218,0.1509220042451722,/mnt/data/ucpa_results_review/UCPA_Pilot_Study_outputs/outputs/core_cifar10_color/core_cifar10_color__seed6103__20261003-051157__bb859ff6,0.1669163475890833,clean,6103,0.5207,0.1304931640625
0.3696303693664328,0.529998779296875,0.516815185546875,0.47579186385708977,0.1979381443298969,7720.0,54d9bb23112e8e1d7794107987ff4b548b225ddf0c45ad01db1b469c4138d5c4,0.16904038746779404,core_cifar10_color,0.18356962404711036,fedattr_mean,192,0.0,1.3905847428741248e-17,/mnt/data/ucpa_results_review/UCPA_Pilot_Study_outputs/outputs/core_cifar10_color/core_cifar10_color__seed6103__20261003-051157__bb859ff6,0.4041639399106078,clean,6103,0.5207,0.09086100260416666
0.5953615066302242,0.529998779296875,0.516815185546875,0.47579186385708977,0.1979381443298969,0.0,54d9bb23112e8e1d7794107987ff4b548b225ddf0c45ad01db1b469c4138d5c4,0.15880025658456892,core_cifar10_color,0.2011166058621685,local,192,0.6519211770586074,0.44882787719925865,/mnt/data/ucpa_results_review/UCPA_Pilot_Study_outputs/outputs/core_cifar10_color/core_cifar10_color__seed6103__20261003-051157__bb859ff6,0.14979548442539553,clean,6103,0.5207,0.1536865234375
0.5953614731606497,0.529998779296875,0.516815185546875,0.47579186385708977,0.1979381443298969,17960.0,54d9bb23112e8e1d7794107987ff4b548b225ddf0c45ad01db1b469c4138d5c4,0.1585414235273144,core_cifar10_color,0.19887447144771214,ucpa,192,0.6519211606270913,3.987482143318667e-09,/mnt/data/ucpa_results_review/UCPA_Pilot_Study_outputs/outputs/core_cifar10_color/core_cifar10_color__seed6103__20261003-051157__bb859ff6,0.18642920950067837,clean,6103,0.5207,0.12689208984375
0.5947158568349616,0.529998779296875,0.516815185546875,0.47579186385708977,0.1979381443298969,17960.0,54d9bb23112e8e1d7794107987ff4b548b225ddf0c45ad01db1b469c4138d5c4,0.1585441741570094,core_cifar10_color,0.19889476297989003,ucpa_coord_only,192,0.6508936225441202,0.0019263039770657127,/mnt/data/ucpa_results_review/UCPA_Pilot_Study_outputs/outputs/core_cifar10_color/core_cifar10_color__seed6103__20261003-051157__bb859ff6,0.18638929221109798,clean,6103,0.5207,0.12685139973958331
0.595360904243043,0.529998779296875,0.516815185546875,0.47579186385708977,0.1979381443298969,17960.0,54d9bb23112e8e1d7794107987ff4b548b225ddf0c45ad01db1b469c4138d5c4,0.1585414235273144,core_cifar10_color,0.19887447144771214,ucpa_whole_only,192,0.6519208364214001,7.239530482329816e-08,/mnt/data/ucpa_results_review/UCPA_Pilot_Study_outputs/outputs/core_cifar10_color/core_cifar10_color__seed6103__20261003-051157__bb859ff6,0.18642919033249497,clean,6103,0.5207,0.12689208984375
0.5978713564889575,0.529998779296875,0.516815185546875,0.47579186385708977,0.1979381443298969,7720.0,54d9bb23112e8e1d7794107987ff4b548b225ddf0c45ad01db1b469c4138d5c4,0.15850639952191914,core_cifar10_color,0.20065905177555382,xfedalign_median,192,0.5271975610977038,0.40665171800909233,/mnt/data/ucpa_results_review/UCPA_Pilot_Study_outputs/outputs/core_cifar10_color/core_cifar10_color__seed6103__20261003-051157__bb859ff6,0.20282473845869342,clean,6103,0.5207,0.15303548177083331
0.530130312401197,0.5640869140625,0.5157470703125,0.6241638911140026,0.3923076923076923,7720.0,54d9bb23112e8e1d7794107987ff4b548b225ddf0c45ad01db1b469c4138d5c4,0.20803276944916102,core_cifar10_color,0.29131790937878277,cluster,192,0.5514005986961766,0.14153947736854608,/mnt/data/ucpa_results_review/UCPA_Pilot_Study_outputs/outputs/core_cifar10_color/core_cifar10_color__seed6102__20261003-045547__87b02973,0.1637127607128373,clean,6102,0.6485,0.1558837890625
0.3696868124422292,0.5640869140625,0.5157470703125,0.6241638911140026,0.3923076923076923,7720.0,54d9bb23112e8e1d7794107987ff4b548b225ddf0c45ad01db1b469c4138d5c4,0.1761729733835627,core_cifar10_color,0.24513349829168,fedattr_mean,192,0.0,2.0728310572359748e-17,/mnt/data/ucpa_results_review/UCPA_Pilot_Study_outputs/outputs/core_cifar10_color/core_cifar10_color__seed6102__20261003-045547__87b02973,0.4064440253076903,clean,6102,0.6485,0.10593668619791666
0.593380485117607,0.5640869140625,0.5157470703125,0.6241638911140026,0.3923076923076923,0.0,54d9bb23112e8e1d7794107987ff4b548b225ddf0c45ad01db1b469c4138d5c4,0.21667703602816496,core_cifar10_color,0.28840914754329294,local,192,0.6483011152769341,0.44674810845165713,/mnt/data/ucpa_results_review/UCPA_Pilot_Study_outputs/outputs/core_cifar10_color/core_cifar10_color__seed6102__20261003-045547__87b02973,0.14495110132046923,clean,6102,0.6485,0.17787679036458331
0.5933804595675563,0.5640869140625,0.5157470703125,0.6241638911140026,0.3923076923076923,17960.0,54d9bb23112e8e1d7794107987ff4b548b225ddf0c45ad01db1b469c4138d5c4,0.21676592195949151,core_cifar10_color,0.28843360008744406,ucpa,192,0.6483010929602171,4.1753408415002705e-09,/mnt/data/ucpa_results_review/UCPA_Pilot_Study_outputs/outputs/core_cifar10_color/core_cifar10_color__seed6102__20261003-045547__87b02973,0.1813413663660771,clean,6102,0.6485,0.14876302083333334
0.5927719741311614,0.5640869140625,0.5157470703125,0.6241638911140026,0.3923076923076923,17960.0,54d9bb23112e8e1d7794107987ff4b548b225ddf0c45ad01db1b469c4138d5c4,0.2167029349376075,core_cifar10_color,0.288413433537005,ucpa_coord_only,192,0.6469085228861512,0.0022471129891714664,/mnt/data/ucpa_results_review/UCPA_Pilot_Study_outputs/outputs/core_cifar10_color/core_cifar10_color__seed6102__20261003-045547__87b02973,0.1812711375125835,clean,6102,0.6485,0.14839680989583331
0.5933787114795557,0.5640869140625,0.5157470703125,0.6241638911140026,0.3923076923076923,17960.0,54d9bb23112e8e1d7794107987ff4b548b225ddf0c45ad01db1b469c4138d5c4,0.21676592195949151,core_cifar10_color,0.28843360008744406,ucpa_whole_only,192,0.6482996651640993,2.7065303961003357e-07,/mnt/data/ucpa_results_review/UCPA_Pilot_Study_outputs/outputs/core_cifar10_color/core_cifar10_color__seed6102__20261003-045547__87b02973,0.1813412326812639,clean,6102,0.6485,0.14876302083333334
0.5948884471409359,0.5640869140625,0.5157470703125,0.6241638911140026,0.3923076923076923,7720.0,54d9bb23112e8e1d7794107987ff4b548b225ddf0c45ad01db1b469c4138d5c4,0.21627754863076018,core_cifar10_color,0.2893086430913532,xfedalign_median,192,0.5442552167446265,0.39429498249295575,/mnt/data/ucpa_results_review/UCPA_Pilot_Study_outputs/outputs/core_cifar10_color/core_cifar10_color__seed6102__20261003-045547__87b02973,0.1906894991939268,clean,6102,0.6485,0.17669677734375
0.531590383377878,0.54449462890625,0.519744873046875,0.6334089351307889,0.422360248447205,7720.0,54d9bb23112e8e1d7794107987ff4b548b225ddf0c45ad01db1b469c4138d5c4,0.17007709870641538,core_cifar10_color,0.26784488398677725,cluster,192,0.5380787183965341,0.14954858946798247,/mnt/data/ucpa_results_review/UCPA_Pilot_Study_outputs/outputs/core_cifar10_color/core_cifar10_color__seed6101__20261003-043936__be32433c,0.16653803174239734,clean,6101,0.6372,0.12542724609375
0.37598136946383925,0.54449462890625,0.519744873046875,0.6334089351307889,0.422360248447205,7720.0,54d9bb23112e8e1d7794107987ff4b548b225ddf0c45ad01db1b469c4138d5c4,0.15152943877688047,core_cifar10_color,0.2510112034409602,fedattr_mean,192,0.0,1.7556582757396116e-17,/mnt/data/ucpa_results_review/UCPA_Pilot_Study_outputs/outputs/core_cifar10_color/core_cifar10_color__seed6101__20261003-043936__be32433c,0.4098409530552378,clean,6101,0.6372,0.09088134765625
0.5975807601895742,0.54449462890625,0.519744873046875,0.6334089351307889,0.422360248447205,0.0,54d9bb23112e8e1d7794107987ff4b548b225ddf0c45ad01db1b469c4138d5c4,0.17865059886663645,core_cifar10_color,0.26839383895799324,local,192,0.6491885922664222,0.4474647767571185,/mnt/data/ucpa_results_review/UCPA_Pilot_Study_outputs/outputs/core_cifar10_color/core_cifar10_color__seed6101__20261003-043936__be32433c,0.148315113723455,clean,6101,0.6372,0.15559895833333331
0.5975807233851501,0.54449462890625,0.519744873046875,0.6334089351307889,0.422360248447205,17960.0,54d9bb23112e8e1d7794107987ff4b548b225ddf0c45ad01db1b469c4138d5c4,0.17953750320101794,core_cifar10_color,0.26559574327151064,ucpa,192,0.6491885739397946,4.2890674220510035e-09,/mnt/data/ucpa_results_review/UCPA_Pilot_Study_outputs/outputs/core_cifar10_color/core_cifar10_color__seed6101__20261003-043936__be32433c,0.18542267641248347,clean,6101,0.6372,0.12638346354166666
0.5968514738110735,0.54449462890625,0.519744873046875,0.6334089351307889,0.422360248447205,17960.0,54d9bb23112e8e1d7794107987ff4b548b225ddf0c45ad01db1b469c4138d5c4,0.17951628398026426,core_cifar10_color,0.26556677173441146,ucpa_coord_only,192,0.6480336069595011,0.0022638174989845408,/mnt/data/ucpa_results_review/UCPA_Pilot_Study_outputs/outputs/core_cifar10_color/core_cifar10_color__seed6101__20261003-043936__be32433c,0.1854033140318158,clean,6101,0.6372,0.12636311848958334
0.597579300377255,0.54449462890625,0.519744873046875,0.6334089351307889,0.422360248447205,17960.0,54d9bb23112e8e1d7794107987ff4b548b225ddf0c45ad01db1b469c4138d5c4,0.17953750320101794,core_cifar10_color,0.26559574327151064,ucpa_whole_only,192,0.6491875199968062,2.038712223426035e-07,/mnt/data/ucpa_results_review/UCPA_Pilot_Study_outputs/outputs/core_cifar10_color/core_cifar10_color__seed6101__20261003-043936__be32433c,0.18542260215162876,clean,6101,0.6372,0.12638346354166666
0.5992196752178383,0.54449462890625,0.519744873046875,0.6334089351307889,0.422360248447205,7720.0,54d9bb23112e8e1d7794107987ff4b548b225ddf0c45ad01db1b469c4138d5c4,0.17661746435058204,core_cifar10_color,0.2689901284651992,xfedalign_median,192,0.5125507692697668,0.40700300449099236,/mnt/data/ucpa_results_review/UCPA_Pilot_Study_outputs/outputs/core_cifar10_color/core_cifar10_color__seed6101__20261003-043936__be32433c,0.20265474607275924,clean,6101,0.6372,0.15506998697916669
0.5208653668672318,0.5753609793526786,0.5534101213727678,0.566918902085654,0.27941176470588236,7720.0,54d9bb23112e8e1d7794107987ff4b548b225ddf0c45ad01db1b469c4138d5c4,0.1975827676621404,core_cifar10_color,0.23686725118514707,cluster,175,0.5330256267794429,0.15612275026078373,/mnt/data/ucpa_results_review/UCPA_Pilot_Study_outputs/outputs/core_cifar10_color/core_cifar10_color__seed6104__20261003-052809__f2508bfd,0.16571672703032425,clean,6104,0.5396,0.1322021484375
0.39110643972968273,0.5753609793526786,0.5534101213727678,0.566918902085654,0.27941176470588236,7720.0,54d9bb23112e8e1d7794107987ff4b548b225ddf0c45ad01db1b469c4138d5c4,0.1894444864734016,core_cifar10_color,0.23531174139699856,fedattr_mean,175,0.0,1.2802318018365576e-17,/mnt/data/ucpa_results_review/UCPA_Pilot_Study_outputs/outputs/core_cifar10_color/core_cifar10_color__seed6104__20261003-052809__f2508bfd,0.41888908748226616,clean,6104,0.5396,0.09138125465029762
0.5977442846276961,0.5753609793526786,0.5534101213727678,0.566918902085654,0.27941176470588236,0.0,54d9bb23112e8e1d7794107987ff4b548b225ddf0c45ad01db1b469c4138d5c4,0.2013425357575118,core_cifar10_color,0.23841257858835438,local,175,0.6485827838070364,0.43630393493554004,/mnt/data/ucpa_results_review/UCPA_Pilot_Study_outputs/outputs/core_cifar10_color/core_cifar10_color__seed6104__20261003-052809__f2508bfd,0.15255414230336928,clean,6104,0.5396,0.15041387648809523
0.5977441529540526,0.5753609793526786,0.5534101213727678,0.566918902085654,0.27941176470588236,17960.0,54d9bb23112e8e1d7794107987ff4b548b225ddf0c45ad01db1b469c4138d5c4,0.2025291289089443,core_cifar10_color,0.2368449187710932,ucpa,175,0.648582631325339,2.5473124612026927e-08,/mnt/data/ucpa_results_review/UCPA_Pilot_Study_outputs/outputs/core_cifar10_color/core_cifar10_color__seed6104__20261003-052809__f2508bfd,0.18914363111905225,clean,6104,0.5396,0.12234933035714286
0.5965858886290436,0.5753609793526786,0.5534101213727678,0.566918902085654,0.27941176470588236,17960.0,54d9bb23112e8e1d7794107987ff4b548b225ddf0c45ad01db1b469c4138d5c4,0.20244426669755694,core_cifar10_color,0.23690173949391974,ucpa_coord_only,175,0.6456032437695013,0.00412297092694758,/mnt/data/ucpa_results_review/UCPA_Pilot_Study_outputs/outputs/core_cifar10_color/core_cifar10_color__seed6104__20261003-052809__f2508bfd,0.1890277668154246,clean,6104,0.5396,0.12206449962797619
0.5977435220646287,0.5753609793526786,0.5534101213727678,0.566918902085654,0.27941176470588236,17960.0,54d9bb23112e8e1d7794107987ff4b548b225ddf0c45ad01db1b469c4138d5c4,0.2025278523850051,core_cifar10_color,0.23684434237555177,ucpa_whole_only,175,0.6485821762345846,1.0987832628610437e-07,/mnt/data/ucpa_results_review/UCPA_Pilot_Study_outputs/outputs/core_cifar10_color/core_cifar10_color__seed6104__20261003-052809__f2508bfd,0.18914347292814687,clean,6104,0.5396,0.12234933035714286
0.5999264004342151,0.5753609793526786,0.5534101213727678,0.566918902085654,0.27941176470588236,7720.0,54d9bb23112e8e1d7794107987ff4b548b225ddf0c45ad01db1b469c4138d5c4,0.20141132202171286,core_cifar10_color,0.23831607043836317,xfedalign_median,175,0.5380241311138749,0.3987016145099103,/mnt/data/ucpa_results_review/UCPA_Pilot_Study_outputs/outputs/core_cifar10_color/core_cifar10_color__seed6104__20261003-052809__f2508bfd,0.20055160791235768,clean,6104,0.5396,0.15021042596726192
0.5175432868589793,0.5648193359375,0.51007080078125,0.5716203529224128,0.43253234750462105,7720.0,54d9bb23112e8e1d7794107987ff4b548b225ddf0c45ad01db1b469c4138d5c4,0.15414443194303734,core_cifar10_color,0.23702442820454053,cluster,192,0.5078695176613931,0.16006110254302278,/mnt/data/ucpa_results_review/UCPA_Pilot_Study_outputs/outputs/core_cifar10_color/core_cifar10_color__seed6105__20261003-054415__69e857c3,0.1710584967778559,clean,6105,0.5901,0.13604736328125
0.37057186422774435,0.5648193359375,0.51007080078125,0.5716203529224128,0.43253234750462105,7720.0,54d9bb23112e8e1d7794107987ff4b548b225ddf0c45ad01db1b469c4138d5c4,0.14197294932057974,core_cifar10_color,0.1863331804455356,fedattr_mean,192,0.0,9.396385158984334e-18,/mnt/data/ucpa_results_review/UCPA_Pilot_Study_outputs/outputs/core_cifar10_color/core_cifar10_color__seed6105__20261003-054415__69e857c3,0.41017038333388695,clean,6105,0.5901,0.10198974609375
0.5933888553463265,0.5648193359375,0.51007080078125,0.5716203529224128,0.43253234750462105,0.0,54d9bb23112e8e1d7794107987ff4b548b225ddf0c45ad01db1b469c4138d5c4,0.1617158224727291,core_cifar10_color,0.24052201890893152,local,192,0.640847977960193,0.4380464502328311,/mnt/data/ucpa_results_review/UCPA_Pilot_Study_outputs/outputs/core_cifar10_color/core_cifar10_color__seed6105__20261003-054415__69e857c3,0.15487101340720338,clean,6105,0.5901,0.15008544921875
0.5933888185542497,0.5648193359375,0.51007080078125,0.5716203529224128,0.43253234750462105,17960.0,54d9bb23112e8e1d7794107987ff4b548b225ddf0c45ad01db1b469c4138d5c4,0.16059951271333073,core_cifar10_color,0.23666516672792948,ucpa,192,0.6408479553522012,4.279068475760486e-09,/mnt/data/ucpa_results_review/UCPA_Pilot_Study_outputs/outputs/core_cifar10_color/core_cifar10_color__seed6105__20261003-054415__69e857c3,0.19019575048004023,clean,6105,0.5901,0.12974039713541666
0.5926961812722231,0.5648193359375,0.51007080078125,0.5716203529224128,0.43253234750462105,17960.0,54d9bb23112e8e1d7794107987ff4b548b225ddf0c45ad01db1b469c4138d5c4,0.16053092526775192,core_cifar10_color,0.23650726440534603,ucpa_coord_only,192,0.6397081576598722,0.0020527663952850613,/mnt/data/ucpa_results_review/UCPA_Pilot_Study_outputs/outputs/core_cifar10_color/core_cifar10_color__seed6105__20261003-054415__69e857c3,0.19016481070081642,clean,6105,0.5901,0.12961832682291669
0.5933874653050983,0.5648193359375,0.51007080078125,0.5716203529224128,0.43253234750462105,17960.0,54d9bb23112e8e1d7794107987ff4b548b225ddf0c45ad01db1b469c4138d5c4,0.16059951271333073,core_cifar10_color,0.23666516672792948,ucpa_whole_only,192,0.6408468568184378,1.9494878522333582e-07,/mnt/data/ucpa_results_review/UCPA_Pilot_Study_outputs/outputs/core_cifar10_color/core_cifar10_color__seed6105__20261003-054415__69e857c3,0.19019569786094054,clean,6105,0.5901,0.12974039713541666
0.5945426115134044,0.5648193359375,0.51007080078125,0.5716203529224128,0.43253234750462105,7720.0,54d9bb23112e8e1d7794107987ff4b548b225ddf0c45ad01db1b469c4138d5c4,0.15978384833269577,core_cifar10_color,0.24025447380391063,xfedalign_median,192,0.5026276776493721,0.39865705398100426,/mnt/data/ucpa_results_review/UCPA_Pilot_Study_outputs/outputs/core_cifar10_color/core_cifar10_color__seed6105__20261003-054415__69e857c3,0.20887595918246146,clean,6105,0.5901,0.14744059244791669
0.2323658819084028,0.537445068359375,0.534881591796875,0.9472351753924035,0.8620689655172413,3880.0,2d0b55709de1f8d9c640953f086eaa402c1189e6d86ee14b44399f8db25e52ee,0.15625240726124806,sweep_mnist_topk_128,0.8900961560776826,cluster,192,0.27686952356067773,0.0855011420129877,/mnt/data/ucpa_results_review/UCPA_Pilot_Study_outputs/outputs/sweep_mnist_topk_128/sweep_mnist_topk_128__seed6104__20261003-170745__e99ec1be,0.13960591152427576,clean,6104,0.9642,0.7683512369791666
0.1773658690435289,0.537445068359375,0.534881591796875,0.9472351753924035,0.8620689655172413,3880.0,2d0b55709de1f8d9c640953f086eaa402c1189e6d86ee14b44399f8db25e52ee,0.20834920927736678,sweep_mnist_topk_128,0.8684441806920707,fedattr_mean,192,0.0,1.8958649106721913e-17,/mnt/data/ucpa_results_review/UCPA_Pilot_Study_outputs/outputs/sweep_mnist_topk_128/sweep_mnist_topk_128__seed6104__20261003-170745__e99ec1be,0.28447118991455417,clean,6104,0.9642,0.5157470703125
0.2749248718368733,0.537445068359375,0.534881591796875,0.9472351753924035,0.8620689655172413,0.0,2d0b55709de1f8d9c640953f086eaa402c1189e6d86ee14b44399f8db25e52ee,0.15311643829845706,sweep_mnist_topk_128,0.8907495343153036,local,192,0.3784318891574753,0.23685361734429133,/mnt/data/ucpa_results_review/UCPA_Pilot_Study_outputs/outputs/sweep_mnist_topk_128/sweep_mnist_topk_128__seed6104__20261003-170745__e99ec1be,0.12204801458378269,clean,6104,0.9642,0.8299560546875
0.274809157387095,0.537445068359375,0.534881591796875,0.9472351753924035,0.8620689655172413,9000.0,2d0b55709de1f8d9c640953f086eaa402c1189e6d86ee14b44399f8db25e52ee,0.1555204231090708,sweep_mnist_topk_128,0.8879458849599663,ucpa,192,0.3782610808396906,1.9308861498124593e-05,/mnt/data/ucpa_results_review/UCPA_Pilot_Study_outputs/outputs/sweep_mnist_topk_128/sweep_mnist_topk_128__seed6104__20261003-170745__e99ec1be,0.14324120657116163,clean,6104,0.9642,0.7415364583333334
0.26217283580162487,0.537445068359375,0.534881591796875,0.9472351753924035,0.8620689655172413,9000.0,2d0b55709de1f8d9c640953f086eaa402c1189e6d86ee14b44399f8db25e52ee,0.15544435152284375,sweep_mnist_topk_128,0.8880215083920726,ucpa_coord_only,192,0.3512487276933525,0.020290465998852217,/mnt/data/ucpa_results_review/UCPA_Pilot_Study_outputs/outputs/sweep_mnist_topk_128/sweep_mnist_topk_128__seed6104__20261003-170745__e99ec1be,0.1422116777417069,clean,6104,0.9642,0.7374674479166666
0.2743239687131958,0.537445068359375,0.534881591796875,0.9472351753924035,0.8620689655172413,9000.0,2d0b55709de1f8d9c640953f086eaa402c1189e6d86ee14b44399f8db25e52ee,0.15531160154375054,sweep_mnist_topk_128,0.8879746256119688,ucpa_whole_only,192,0.3776640759873712,0.00013021657834461263,/mnt/data/ucpa_results_review/UCPA_Pilot_Study_outputs/outputs/sweep_mnist_topk_128/sweep_mnist_topk_128__seed6104__20261003-170745__e99ec1be,0.14314587943238946,clean,6104,0.9642,0.7418619791666666
0.2439708915903922,0.537445068359375,0.534881591796875,0.9472351753924035,0.8620689655172413,3880.0,2d0b55709de1f8d9c640953f086eaa402c1189e6d86ee14b44399f8db25e52ee,0.15495861737726954,sweep_mnist_topk_128,0.889762547265127,xfedalign_median,192,0.25211915282281844,0.16799399600189452,/mnt/data/ucpa_results_review/UCPA_Pilot_Study_outputs/outputs/sweep_mnist_topk_128/sweep_mnist_topk_128__seed6104__20261003-170745__e99ec1be,0.1387647338916772,clean,6104,0.9642,0.7666829427083333
0.23150669389811257,0.510589599609375,0.502532958984375,0.9593727460979786,0.9157509157509157,3880.0,2d0b55709de1f8d9c640953f086eaa402c1189e6d86ee14b44399f8db25e52ee,0.16620611134846208,sweep_mnist_topk_128,0.8953336172268678,cluster,192,0.2892210429533392,0.08227066701431074,/mnt/data/ucpa_results_review/UCPA_Pilot_Study_outputs/outputs/sweep_mnist_topk_128/sweep_mnist_topk_128__seed6101__20261003-162924__5acd3e0a,0.14383708096041573,clean,6101,0.9697,0.7715657552083334
0.17884273612052198,0.510589599609375,0.502532958984375,0.9593727460979786,0.9157509157509157,3880.0,2d0b55709de1f8d9c640953f086eaa402c1189e6d86ee14b44399f8db25e52ee,0.22315446786860493,sweep_mnist_topk_128,0.8597895302860706,fedattr_mean,192,0.0,1.8641364361360352e-17,/mnt/data/ucpa_results_review/UCPA_Pilot_Study_outputs/outputs/sweep_mnist_topk_128/sweep_mnist_topk_128__seed6101__20261003-162924__5acd3e0a,0.28652734003211133,clean,6101,0.9697,0.525146484375
0.2718797027898493,0.510589599609375,0.502532958984375,0.9593727460979786,0.9157509157509157,0.0,2d0b55709de1f8d9c640953f086eaa402c1189e6d86ee14b44399f8db25e52ee,0.16511989565715338,sweep_mnist_topk_128,0.896656165864897,local,192,0.3812355271666494,0.2448097130515075,/mnt/data/ucpa_results_review/UCPA_Pilot_Study_outputs/outputs/sweep_mnist_topk_128/sweep_mnist_topk_128__seed6101__20261003-162924__5acd3e0a,0.12840990620319037,clean,6101,0.9697,0.8442789713541667
0.27178659412006556,0.510589599609375,0.502532958984375,0.9593727460979786,0.9157509157509157,9000.0,2d0b55709de1f8d9c640953f086eaa402c1189e6d86ee14b44399f8db25e52ee,0.16779718212710576,sweep_mnist_topk_128,0.89382818988967,ucpa,192,0.3811151951415528,1.48430977690037e-05,/mnt/data/ucpa_results_review/UCPA_Pilot_Study_outputs/outputs/sweep_mnist_topk_128/sweep_mnist_topk_128__seed6101__20261003-162924__5acd3e0a,0.14739981335253144,clean,6101,0.9697,0.7529703776041666
0.2617496660355852,0.510589599609375,0.502532958984375,0.9593727460979786,0.9157509157509157,9000.0,2d0b55709de1f8d9c640953f086eaa402c1189e6d86ee14b44399f8db25e52ee,0.16774055775919502,sweep_mnist_topk_128,0.8941304918584033,ucpa_coord_only,192,0.3607800044738396,0.01386211323286159,/mnt/data/ucpa_results_review/UCPA_Pilot_Study_outputs/outputs/sweep_mnist_topk_128/sweep_mnist_topk_128__seed6101__20261003-162924__5acd3e0a,0.14648062760408354,clean,6101,0.9697,0.748291015625
0.27118212070647957,0.510589599609375,0.502532958984375,0.9593727460979786,0.9157509157509157,9000.0,2d0b55709de1f8d9c640953f086eaa402c1189e6d86ee14b44399f8db25e52ee,0.16762797958260003,sweep_mnist_topk_128,0.8938230635487343,ucpa_whole_only,192,0.3802493233166238,0.00016870458250609006,/mnt/data/ucpa_results_review/UCPA_Pilot_Study_outputs/outputs/sweep_mnist_topk_128/sweep_mnist_topk_128__seed6101__20261003-162924__5acd3e0a,0.147291946706642,clean,6101,0.9697,0.752685546875
0.24412345448197353,0.510589599609375,0.502532958984375,0.9593727460979786,0.9157509157509157,3880.0,2d0b55709de1f8d9c640953f086eaa402c1189e6d86ee14b44399f8db25e52ee,0.16723436743838344,sweep_mnist_topk_128,0.896864229289046,xfedalign_median,192,0.2574461340110358,0.17860086638762804,/mnt/data/ucpa_results_review/UCPA_Pilot_Study_outputs/outputs/sweep_mnist_topk_128/sweep_mnist_topk_128__seed6101__20261003-162924__5acd3e0a,0.1451671599269203,clean,6101,0.9697,0.7743733723958333
0.22749371272653712,0.539642333984375,0.5589599609375,0.9276615131297082,0.7076923076923077,3880.0,2d0b55709de1f8d9c640953f086eaa402c1189e6d86ee14b44399f8db25e52ee,0.1665599839174926,sweep_mnist_topk_128,0.8894263758838254,cluster,192,0.2715424867048671,0.0779726100586417,/mnt/data/ucpa_results_review/UCPA_Pilot_Study_outputs/outputs/sweep_mnist_topk_128/sweep_mnist_topk_128__seed6103__20261003-165444__052401d0,0.14420335429276146,clean,6103,0.9635,0.7596435546875
0.17018474425503927,0.539642333984375,0.5589599609375,0.9276615131297082,0.7076923076923077,3880.0,2d0b55709de1f8d9c640953f086eaa402c1189e6d86ee14b44399f8db25e52ee,0.22008541672383522,sweep_mnist_topk_128,0.8599558928084055,fedattr_mean,192,0.0,1.2860936084062536e-17,/mnt/data/ucpa_results_review/UCPA_Pilot_Study_outputs/outputs/sweep_mnist_topk_128/sweep_mnist_topk_128__seed6103__20261003-165444__052401d0,0.30026119928871947,clean,6103,0.9635,0.49751790364583337
0.27333907562689563,0.539642333984375,0.5589599609375,0.9276615131297082,0.7076923076923077,0.0,2d0b55709de1f8d9c640953f086eaa402c1189e6d86ee14b44399f8db25e52ee,0.1641173736267471,sweep_mnist_topk_128,0.8907147085104953,local,192,0.3624658157658609,0.23804909495070609,/mnt/data/ucpa_results_review/UCPA_Pilot_Study_outputs/outputs/sweep_mnist_topk_128/sweep_mnist_topk_128__seed6103__20261003-165444__052401d0,0.12698230772774136,clean,6103,0.9635,0.820556640625
0.2732750933497105,0.539642333984375,0.5589599609375,0.9276615131297082,0.7076923076923077,9000.0,2d0b55709de1f8d9c640953f086eaa402c1189e6d86ee14b44399f8db25e52ee,0.16684967770640166,sweep_mnist_topk_128,0.8885035392772503,ucpa,192,0.362372777363569,9.705119771340213e-06,/mnt/data/ucpa_results_review/UCPA_Pilot_Study_outputs/outputs/sweep_mnist_topk_128/sweep_mnist_topk_128__seed6103__20261003-165444__052401d0,0.14642164114863626,clean,6103,0.9635,0.7402750651041666
0.26411597086726,0.539642333984375,0.5589599609375,0.9276615131297082,0.7076923076923077,9000.0,2d0b55709de1f8d9c640953f086eaa402c1189e6d86ee14b44399f8db25e52ee,0.16687711628468,sweep_mnist_topk_128,0.888617059130047,ucpa_coord_only,192,0.34466098915993093,0.011794885321231444,/mnt/data/ucpa_results_review/UCPA_Pilot_Study_outputs/outputs/sweep_mnist_topk_128/sweep_mnist_topk_128__seed6103__20261003-165444__052401d0,0.14539236653313664,clean,6103,0.9635,0.7384033203125
0.272840675358064,0.539642333984375,0.5589599609375,0.9276615131297082,0.7076923076923077,9000.0,2d0b55709de1f8d9c640953f086eaa402c1189e6d86ee14b44399f8db25e52ee,0.16682527940508105,sweep_mnist_topk_128,0.888461530594941,ucpa_whole_only,192,0.3617558238137998,9.921422738268664e-05,/mnt/data/ucpa_results_review/UCPA_Pilot_Study_outputs/outputs/sweep_mnist_topk_128/sweep_mnist_topk_128__seed6103__20261003-165444__052401d0,0.1463721891983763,clean,6103,0.9635,0.740234375
0.24334716141439167,0.539642333984375,0.5589599609375,0.9276615131297082,0.7076923076923077,3880.0,2d0b55709de1f8d9c640953f086eaa402c1189e6d86ee14b44399f8db25e52ee,0.1668226969202806,sweep_mnist_topk_128,0.8900018639792203,xfedalign_median,192,0.24261579177674017,0.176464763325837,/mnt/data/ucpa_results_review/UCPA_Pilot_Study_outputs/outputs/sweep_mnist_topk_128/sweep_mnist_topk_128__seed6103__20261003-165444__052401d0,0.1472410990094795,clean,6103,0.9635,0.7507731119791666
0.23211712344773142,0.5364990234375,0.54437255859375,0.9354182054806377,0.7440944881889764,3880.0,2d0b55709de1f8d9c640953f086eaa402c1189e6d86ee14b44399f8db25e52ee,0.15525812699343078,sweep_mnist_topk_128,0.8829520142969463,cluster,192,0.29530010363708825,0.08359522316997287,/mnt/data/ucpa_results_review/UCPA_Pilot_Study_outputs/outputs/sweep_mnist_topk_128/sweep_mnist_topk_128__seed6102__20261003-164217__73afba0e,0.1416256415456418,clean,6102,0.966,0.7621256510416667
0.1688194762164727,0.5364990234375,0.54437255859375,0.9354182054806377,0.7440944881889764,3880.0,2d0b55709de1f8d9c640953f086eaa402c1189e6d86ee14b44399f8db25e52ee,0.21464675494031932,sweep_mnist_topk_128,0.8519527746559106,fedattr_mean,192,0.0,1.4715877293975556e-17,/mnt/data/ucpa_results_review/UCPA_Pilot_Study_outputs/outputs/sweep_mnist_topk_128/sweep_mnist_topk_128__seed6102__20261003-164217__73afba0e,0.2828087926555707,clean,6102,0.966,0.5211181640625
0.27634915363269497,0.5364990234375,0.54437255859375,0.9354182054806377,0.7440944881889764,0.0,2d0b55709de1f8d9c640953f086eaa402c1189e6d86ee14b44399f8db25e52ee,0.14963935930863953,sweep_mnist_topk_128,0.8822948344393808,local,192,0.38870108219389576,0.24235801099957804,/mnt/data/ucpa_results_review/UCPA_Pilot_Study_outputs/outputs/sweep_mnist_topk_128/sweep_mnist_topk_128__seed6102__20261003-164217__73afba0e,0.125778683894644,clean,6102,0.966,0.8221435546875
0.27627909133962203,0.5364990234375,0.54437255859375,0.9354182054806377,0.7440944881889764,9000.0,2d0b55709de1f8d9c640953f086eaa402c1189e6d86ee14b44399f8db25e52ee,0.15448228897815475,sweep_mnist_topk_128,0.8809493664193724,ucpa,192,0.3885914462401357,1.635837495665078e-05,/mnt/data/ucpa_results_review/UCPA_Pilot_Study_outputs/outputs/sweep_mnist_topk_128/sweep_mnist_topk_128__seed6102__20261003-164217__73afba0e,0.14608975206839864,clean,6102,0.966,0.7386067708333333
0.26632061966461595,0.5364990234375,0.54437255859375,0.9354182054806377,0.7440944881889764,9000.0,2d0b55709de1f8d9c640953f086eaa402c1189e6d86ee14b44399f8db25e52ee,0.15418889785263068,sweep_mnist_topk_128,0.8806460338976951,ucpa_coord_only,192,0.3690344312981952,0.015023214739672922,/mnt/data/ucpa_results_review/UCPA_Pilot_Study_outputs/outputs/sweep_mnist_topk_128/sweep_mnist_topk_128__seed6102__20261003-164217__73afba0e,0.1452427812663947,clean,6102,0.966,0.7367757161458333
0.27588397465519443,0.5364990234375,0.54437255859375,0.9354182054806377,0.7440944881889764,9000.0,2d0b55709de1f8d9c640953f086eaa402c1189e6d86ee14b44399f8db25e52ee,0.15445812699508676,sweep_mnist_topk_128,0.8808962461623498,ucpa_whole_only,192,0.3880897564480844,9.6521780448449e-05,/mnt/data/ucpa_results_review/UCPA_Pilot_Study_outputs/outputs/sweep_mnist_topk_128/sweep_mnist_topk_128__seed6102__20261003-164217__73afba0e,0.14603137562916851,clean,6102,0.966,0.7384033203125
0.24557022201268436,0.5364990234375,0.54437255859375,0.9354182054806377,0.7440944881889764,3880.0,2d0b55709de1f8d9c640953f086eaa402c1189e6d86ee14b44399f8db25e52ee,0.154201074625477,sweep_mnist_topk_128,0.8829211128235328,xfedalign_median,192,0.2593157818020912,0.17342002016900968,/mnt/data/ucpa_results_review/UCPA_Pilot_Study_outputs/outputs/sweep_mnist_topk_128/sweep_mnist_topk_128__seed6102__20261003-164217__73afba0e,0.1420199865452509,clean,6102,0.966,0.7569986979166667
0.2473971773830414,0.538848876953125,0.55340576171875,0.9384811335066237,0.8514851485148515,3880.0,2d0b55709de1f8d9c640953f086eaa402c1189e6d86ee14b44399f8db25e52ee,0.16569806308762053,sweep_mnist_topk_128,0.8946524184769562,cluster,192,0.29090507213411265,0.07982716995565221,/mnt/data/ucpa_results_review/UCPA_Pilot_Study_outputs/outputs/sweep_mnist_topk_128/sweep_mnist_topk_128__seed6105__20261003-172037__2bb6fe22,0.13501364098292745,clean,6105,0.9451,0.7610677083333334
0.1932725765123497,0.538848876953125,0.55340576171875,0.9384811335066237,0.8514851485148515,3880.0,2d0b55709de1f8d9c640953f086eaa402c1189e6d86ee14b44399f8db25e52ee,0.2244017995565931,sweep_mnist_topk_128,0.8602514076616595,fedattr_mean,192,0.0,1.943274198083193e-17,/mnt/data/ucpa_results_review/UCPA_Pilot_Study_outputs/outputs/sweep_mnist_topk_128/sweep_mnist_topk_128__seed6105__20261003-172037__2bb6fe22,0.2784510475915435,clean,6105,0.9451,0.5308024088541667
0.28531102506439754,0.538848876953125,0.55340576171875,0.9384811335066237,0.8514851485148515,0.0,2d0b55709de1f8d9c640953f086eaa402c1189e6d86ee14b44399f8db25e52ee,0.16217822613980387,sweep_mnist_topk_128,0.8953470222089285,local,192,0.3740851387357933,0.23548747934133143,/mnt/data/ucpa_results_review/UCPA_Pilot_Study_outputs/outputs/sweep_mnist_topk_128/sweep_mnist_topk_128__seed6105__20261003-172037__2bb6fe22,0.11741545011293633,clean,6105,0.9451,0.8466796875
0.2852197764697461,0.538848876953125,0.55340576171875,0.9384811335066237,0.8514851485148515,9000.0,2d0b55709de1f8d9c640953f086eaa402c1189e6d86ee14b44399f8db25e52ee,0.1653141046719005,sweep_mnist_topk_128,0.8937734550253178,ucpa,192,0.3738952919644051,1.9616176525939736e-05,/mnt/data/ucpa_results_review/UCPA_Pilot_Study_outputs/outputs/sweep_mnist_topk_128/sweep_mnist_topk_128__seed6105__20261003-172037__2bb6fe22,0.13785588552357897,clean,6105,0.9451,0.7486572265625
0.2734195071257169,0.538848876953125,0.55340576171875,0.9384811335066237,0.8514851485148515,9000.0,2d0b55709de1f8d9c640953f086eaa402c1189e6d86ee14b44399f8db25e52ee,0.16517638566389603,sweep_mnist_topk_128,0.8942168808202646,ucpa_coord_only,192,0.3475556045527179,0.01946482316097826,/mnt/data/ucpa_results_review/UCPA_Pilot_Study_outputs/outputs/sweep_mnist_topk_128/sweep_mnist_topk_128__seed6105__20261003-172037__2bb6fe22,0.13675400333754162,clean,6105,0.9451,0.7440999348958333
0.2848188360906838,0.538848876953125,0.55340576171875,0.9384811335066237,0.8514851485148515,9000.0,2d0b55709de1f8d9c640953f086eaa402c1189e6d86ee14b44399f8db25e52ee,0.1652966846129857,sweep_mnist_topk_128,0.8937543412592883,ucpa_whole_only,192,0.37327155451554317,0.0001146620792860652,/mnt/data/ucpa_results_review/UCPA_Pilot_Study_outputs/outputs/sweep_mnist_topk_128/sweep_mnist_topk_128__seed6105__20261003-172037__2bb6fe22,0.13777216871773829,clean,6105,0.9451,0.7473551432291666
0.2568090409872961,0.538848876953125,0.55340576171875,0.9384811335066237,0.8514851485148515,3880.0,2d0b55709de1f8d9c640953f086eaa402c1189e6d86ee14b44399f8db25e52ee,0.16457156105558776,sweep_mnist_topk_128,0.8950241332592366,xfedalign_median,192,0.2505725803069279,0.1689621012380503,/mnt/data/ucpa_results_review/UCPA_Pilot_Study_outputs/outputs/sweep_mnist_topk_128/sweep_mnist_topk_128__seed6105__20261003-172037__2bb6fe22,0.1340702395043955,clean,6105,0.9451,0.7716471354166667
0.22749371272653712,0.539642333984375,0.5589599609375,0.9276615131297082,0.7076923076923077,3880.0,db8c4bbb1ef0dac3126848d86e4765a278295a8c5dbf4183d56f048e56135d89,0.1665599839174926,sensitivity_mnist_z2_h0p024,0.8894263758838254,cluster,192,0.2715424867048671,0.0779726100586417,/mnt/data/ucpa_results_review/UCPA_Pilot_Study_outputs/outputs/sensitivity_mnist_z2_h0p024/sensitivity_mnist_z2_h0p024__seed6103__20261004-012904__190d811a,0.14420335429276146,clean,6103,0.9635,0.7596435546875
0.17018474425503927,0.539642333984375,0.5589599609375,0.9276615131297082,0.7076923076923077,3880.0,db8c4bbb1ef0dac3126848d86e4765a278295a8c5dbf4183d56f048e56135d89,0.22008541672383522,sensitivity_mnist_z2_h0p024,0.8599558928084055,fedattr_mean,192,0.0,1.2860936084062536e-17,/mnt/data/ucpa_results_review/UCPA_Pilot_Study_outputs/outputs/sensitivity_mnist_z2_h0p024/sensitivity_mnist_z2_h0p024__seed6103__20261004-012904__190d811a,0.30026119928871947,clean,6103,0.9635,0.49751790364583337
0.27333907562689563,0.539642333984375,0.5589599609375,0.9276615131297082,0.7076923076923077,0.0,db8c4bbb1ef0dac3126848d86e4765a278295a8c5dbf4183d56f048e56135d89,0.1641173736267471,sensitivity_mnist_z2_h0p024,0.8907147085104953,local,192,0.3624658157658609,0.23804909495070609,/mnt/data/ucpa_results_review/UCPA_Pilot_Study_outputs/outputs/sensitivity_mnist_z2_h0p024/sensitivity_mnist_z2_h0p024__seed6103__20261004-012904__190d811a,0.12698230772774136,clean,6103,0.9635,0.820556640625
0.27333812460309537,0.539642333984375,0.5589599609375,0.9276615131297082,0.7076923076923077,9000.0,db8c4bbb1ef0dac3126848d86e4765a278295a8c5dbf4183d56f048e56135d89,0.16686180187419575,sensitivity_mnist_z2_h0p024,0.8884991684329482,ucpa,192,0.36246465604993566,7.732607658003876e-08,/mnt/data/ucpa_results_review/UCPA_Pilot_Study_outputs/outputs/sensitivity_mnist_z2_h0p024/sensitivity_mnist_z2_h0p024__seed6103__20261004-012904__190d811a,0.1464260735357605,clean,6103,0.9635,0.740234375
0.26411597086726,0.539642333984375,0.5589599609375,0.9276615131297082,0.7076923076923077,9000.0,db8c4bbb1ef0dac3126848d86e4765a278295a8c5dbf4183d56f048e56135d89,0.16687711628468,sensitivity_mnist_z2_h0p024,0.888617059130047,ucpa_coord_only,192,0.34466098915993093,0.011794885321231444,/mnt/data/ucpa_results_review/UCPA_Pilot_Study_outputs/outputs/sensitivity_mnist_z2_h0p024/sensitivity_mnist_z2_h0p024__seed6103__20261004-012904__190d811a,0.14539236653313664,clean,6103,0.9635,0.7384033203125
0.2733278295251168,0.539642333984375,0.5589599609375,0.9276615131297082,0.7076923076923077,9000.0,db8c4bbb1ef0dac3126848d86e4765a278295a8c5dbf4183d56f048e56135d89,0.16686185354901684,sensitivity_mnist_z2_h0p024,0.8884992181034855,ucpa_whole_only,192,0.3624525137477345,1.1497844842140571e-06,/mnt/data/ucpa_results_review/UCPA_Pilot_Study_outputs/outputs/sensitivity_mnist_z2_h0p024/sensitivity_mnist_z2_h0p024__seed6103__20261004-012904__190d811a,0.14642533827213,clean,6103,0.9635,0.740234375
0.24334716141439167,0.539642333984375,0.5589599609375,0.9276615131297082,0.7076923076923077,3880.0,db8c4bbb1ef0dac3126848d86e4765a278295a8c5dbf4183d56f048e56135d89,0.1668226969202806,sensitivity_mnist_z2_h0p024,0.8900018639792203,xfedalign_median,192,0.24261579177674017,0.176464763325837,/mnt/data/ucpa_results_review/UCPA_Pilot_Study_outputs/outputs/sensitivity_mnist_z2_h0p024/sensitivity_mnist_z2_h0p024__seed6103__20261004-012904__190d811a,0.1472410990094795,clean,6103,0.9635,0.7507731119791666
0.2323658819084028,0.537445068359375,0.534881591796875,0.9472351753924035,0.8620689655172413,3880.0,db8c4bbb1ef0dac3126848d86e4765a278295a8c5dbf4183d56f048e56135d89,0.15625240726124806,sensitivity_mnist_z2_h0p024,0.8900961560776826,cluster,192,0.27686952356067773,0.0855011420129877,/mnt/data/ucpa_results_review/UCPA_Pilot_Study_outputs/outputs/sensitivity_mnist_z2_h0p024/sensitivity_mnist_z2_h0p024__seed6104__20261004-014205__d0d662da,0.13960591152427576,clean,6104,0.9642,0.7683512369791666
0.1773658690435289,0.537445068359375,0.534881591796875,0.9472351753924035,0.8620689655172413,3880.0,db8c4bbb1ef0dac3126848d86e4765a278295a8c5dbf4183d56f048e56135d89,0.20834920927736678,sensitivity_mnist_z2_h0p024,0.8684441806920707,fedattr_mean,192,0.0,1.8958649106721913e-17,/mnt/data/ucpa_results_review/UCPA_Pilot_Study_outputs/outputs/sensitivity_mnist_z2_h0p024/sensitivity_mnist_z2_h0p024__seed6104__20261004-014205__d0d662da,0.28447118991455417,clean,6104,0.9642,0.5157470703125
0.2749248718368733,0.537445068359375,0.534881591796875,0.9472351753924035,0.8620689655172413,0.0,db8c4bbb1ef0dac3126848d86e4765a278295a8c5dbf4183d56f048e56135d89,0.15311643829845706,sensitivity_mnist_z2_h0p024,0.8907495343153036,local,192,0.3784318891574753,0.23685361734429133,/mnt/data/ucpa_results_review/UCPA_Pilot_Study_outputs/outputs/sensitivity_mnist_z2_h0p024/sensitivity_mnist_z2_h0p024__seed6104__20261004-014205__d0d662da,0.12204801458378269,clean,6104,0.9642,0.8299560546875
0.2749223678260149,0.537445068359375,0.534881591796875,0.9472351753924035,0.8620689655172413,9000.0,db8c4bbb1ef0dac3126848d86e4765a278295a8c5dbf4183d56f048e56135d89,0.15549423714134417,sensitivity_mnist_z2_h0p024,0.8879395232608659,ucpa,192,0.3784289070903575,2.662475573988457e-07,/mnt/data/ucpa_results_review/UCPA_Pilot_Study_outputs/outputs/sensitivity_mnist_z2_h0p024/sensitivity_mnist_z2_h0p024__seed6104__20261004-014205__d0d662da,0.1432536342218096,clean,6104,0.9642,0.7415771484375
0.26217283580162487,0.537445068359375,0.534881591796875,0.9472351753924035,0.8620689655172413,9000.0,db8c4bbb1ef0dac3126848d86e4765a278295a8c5dbf4183d56f048e56135d89,0.15544435152284375,sensitivity_mnist_z2_h0p024,0.8880215083920726,ucpa_coord_only,192,0.3512487276933525,0.020290465998852217,/mnt/data/ucpa_results_review/UCPA_Pilot_Study_outputs/outputs/sensitivity_mnist_z2_h0p024/sensitivity_mnist_z2_h0p024__seed6104__20261004-014205__d0d662da,0.1422116777417069,clean,6104,0.9642,0.7374674479166666
0.2749035682279273,0.537445068359375,0.534881591796875,0.9472351753924035,0.8620689655172413,9000.0,db8c4bbb1ef0dac3126848d86e4765a278295a8c5dbf4183d56f048e56135d89,0.1555124160477135,sensitivity_mnist_z2_h0p024,0.8879483081938816,ucpa_whole_only,192,0.37840890298495883,2.8312848915401286e-06,/mnt/data/ucpa_results_review/UCPA_Pilot_Study_outputs/outputs/sensitivity_mnist_z2_h0p024/sensitivity_mnist_z2_h0p024__seed6104__20261004-014205__d0d662da,0.14324909288861176,clean,6104,0.9642,0.7415771484375
0.2439708915903922,0.537445068359375,0.534881591796875,0.9472351753924035,0.8620689655172413,3880.0,db8c4bbb1ef0dac3126848d86e4765a278295a8c5dbf4183d56f048e56135d89,0.15495861737726954,sensitivity_mnist_z2_h0p024,0.889762547265127,xfedalign_median,192,0.25211915282281844,0.16799399600189452,/mnt/data/ucpa_results_review/UCPA_Pilot_Study_outputs/outputs/sensitivity_mnist_z2_h0p024/sensitivity_mnist_z2_h0p024__seed6104__20261004-014205__d0d662da,0.1387647338916772,clean,6104,0.9642,0.7666829427083333
0.23150669389811257,0.510589599609375,0.502532958984375,0.9593727460979786,0.9157509157509157,3880.0,db8c4bbb1ef0dac3126848d86e4765a278295a8c5dbf4183d56f048e56135d89,0.16620611134846208,sensitivity_mnist_z2_h0p024,0.8953336172268678,cluster,192,0.2892210429533392,0.08227066701431074,/mnt/data/ucpa_results_review/UCPA_Pilot_Study_outputs/outputs/sensitivity_mnist_z2_h0p024/sensitivity_mnist_z2_h0p024__seed6101__20261004-010345__977e51b7,0.14383708096041573,clean,6101,0.9697,0.7715657552083334
0.17884273612052198,0.510589599609375,0.502532958984375,0.9593727460979786,0.9157509157509157,3880.0,db8c4bbb1ef0dac3126848d86e4765a278295a8c5dbf4183d56f048e56135d89,0.22315446786860493,sensitivity_mnist_z2_h0p024,0.8597895302860706,fedattr_mean,192,0.0,1.8641364361360352e-17,/mnt/data/ucpa_results_review/UCPA_Pilot_Study_outputs/outputs/sensitivity_mnist_z2_h0p024/sensitivity_mnist_z2_h0p024__seed6101__20261004-010345__977e51b7,0.28652734003211133,clean,6101,0.9697,0.525146484375
0.2718797027898493,0.510589599609375,0.502532958984375,0.9593727460979786,0.9157509157509157,0.0,db8c4bbb1ef0dac3126848d86e4765a278295a8c5dbf4183d56f048e56135d89,0.16511989565715338,sensitivity_mnist_z2_h0p024,0.896656165864897,local,192,0.3812355271666494,0.2448097130515075,/mnt/data/ucpa_results_review/UCPA_Pilot_Study_outputs/outputs/sensitivity_mnist_z2_h0p024/sensitivity_mnist_z2_h0p024__seed6101__20261004-010345__977e51b7,0.12840990620319037,clean,6101,0.9697,0.8442789713541667
0.2718766976994629,0.510589599609375,0.502532958984375,0.9593727460979786,0.9157509157509157,9000.0,db8c4bbb1ef0dac3126848d86e4765a278295a8c5dbf4183d56f048e56135d89,0.1677536617515822,sensitivity_mnist_z2_h0p024,0.893809227867132,ucpa,192,0.38123232638230387,3.0808345478875335e-07,/mnt/data/ucpa_results_review/UCPA_Pilot_Study_outputs/outputs/sensitivity_mnist_z2_h0p024/sensitivity_mnist_z2_h0p024__seed6101__20261004-010345__977e51b7,0.14741018678264106,clean,6101,0.9697,0.7530110677083333
0.2617496660355852,0.510589599609375,0.502532958984375,0.9593727460979786,0.9157509157509157,9000.0,db8c4bbb1ef0dac3126848d86e4765a278295a8c5dbf4183d56f048e56135d89,0.16774055775919502,sensitivity_mnist_z2_h0p024,0.8941304918584033,ucpa_coord_only,192,0.3607800044738396,0.01386211323286159,/mnt/data/ucpa_results_review/UCPA_Pilot_Study_outputs/outputs/sensitivity_mnist_z2_h0p024/sensitivity_mnist_z2_h0p024__seed6101__20261004-010345__977e51b7,0.14648062760408354,clean,6101,0.9697,0.748291015625
0.27185142506166615,0.510589599609375,0.502532958984375,0.9593727460979786,0.9157509157509157,9000.0,db8c4bbb1ef0dac3126848d86e4765a278295a8c5dbf4183d56f048e56135d89,0.16775010118314337,sensitivity_mnist_z2_h0p024,0.8938092175139294,ucpa_whole_only,192,0.3812009249723872,3.5596937120093293e-06,/mnt/data/ucpa_results_review/UCPA_Pilot_Study_outputs/outputs/sensitivity_mnist_z2_h0p024/sensitivity_mnist_z2_h0p024__seed6101__20261004-010345__977e51b7,0.14740682553231044,clean,6101,0.9697,0.7529703776041667
0.24412345448197353,0.510589599609375,0.502532958984375,0.9593727460979786,0.9157509157509157,3880.0,db8c4bbb1ef0dac3126848d86e4765a278295a8c5dbf4183d56f048e56135d89,0.16723436743838344,sensitivity_mnist_z2_h0p024,0.896864229289046,xfedalign_median,192,0.2574461340110358,0.17860086638762804,/mnt/data/ucpa_results_review/UCPA_Pilot_Study_outputs/outputs/sensitivity_mnist_z2_h0p024/sensitivity_mnist_z2_h0p024__seed6101__20261004-010345__977e51b7,0.1451671599269203,clean,6101,0.9697,0.7743733723958333
0.2473971773830414,0.538848876953125,0.55340576171875,0.9384811335066237,0.8514851485148515,3880.0,db8c4bbb1ef0dac3126848d86e4765a278295a8c5dbf4183d56f048e56135d89,0.16569806308762053,sensitivity_mnist_z2_h0p024,0.8946524184769562,cluster,192,0.29090507213411265,0.07982716995565221,/mnt/data/ucpa_results_review/UCPA_Pilot_Study_outputs/outputs/sensitivity_mnist_z2_h0p024/sensitivity_mnist_z2_h0p024__seed6105__20261004-015457__91a7f2f6,0.13501364098292745,clean,6105,0.9451,0.7610677083333334
0.1932725765123497,0.538848876953125,0.55340576171875,0.9384811335066237,0.8514851485148515,3880.0,db8c4bbb1ef0dac3126848d86e4765a278295a8c5dbf4183d56f048e56135d89,0.2244017995565931,sensitivity_mnist_z2_h0p024,0.8602514076616595,fedattr_mean,192,0.0,1.943274198083193e-17,/mnt/data/ucpa_results_review/UCPA_Pilot_Study_outputs/outputs/sensitivity_mnist_z2_h0p024/sensitivity_mnist_z2_h0p024__seed6105__20261004-015457__91a7f2f6,0.2784510475915435,clean,6105,0.9451,0.5308024088541667
0.28531102506439754,0.538848876953125,0.55340576171875,0.9384811335066237,0.8514851485148515,0.0,db8c4bbb1ef0dac3126848d86e4765a278295a8c5dbf4183d56f048e56135d89,0.16217822613980387,sensitivity_mnist_z2_h0p024,0.8953470222089285,local,192,0.3740851387357933,0.23548747934133143,/mnt/data/ucpa_results_review/UCPA_Pilot_Study_outputs/outputs/sensitivity_mnist_z2_h0p024/sensitivity_mnist_z2_h0p024__seed6105__20261004-015457__91a7f2f6,0.11741545011293633,clean,6105,0.9451,0.8466796875
0.28530945847552003,0.538848876953125,0.55340576171875,0.9384811335066237,0.8514851485148515,9000.0,db8c4bbb1ef0dac3126848d86e4765a278295a8c5dbf4183d56f048e56135d89,0.16532367986995572,sensitivity_mnist_z2_h0p024,0.8937719522897775,ucpa,192,0.3740828522110779,1.5976319538681352e-07,/mnt/data/ucpa_results_review/UCPA_Pilot_Study_outputs/outputs/sensitivity_mnist_z2_h0p024/sensitivity_mnist_z2_h0p024__seed6105__20261004-015457__91a7f2f6,0.1378683797070977,clean,6105,0.9451,0.7488606770833334
0.2734195071257169,0.538848876953125,0.55340576171875,0.9384811335066237,0.8514851485148515,9000.0,db8c4bbb1ef0dac3126848d86e4765a278295a8c5dbf4183d56f048e56135d89,0.16517638566389603,sensitivity_mnist_z2_h0p024,0.8942168808202646,ucpa_coord_only,192,0.3475556045527179,0.01946482316097826,/mnt/data/ucpa_results_review/UCPA_Pilot_Study_outputs/outputs/sensitivity_mnist_z2_h0p024/sensitivity_mnist_z2_h0p024__seed6105__20261004-015457__91a7f2f6,0.13675400333754162,clean,6105,0.9451,0.7440999348958333
0.2852948860508101,0.538848876953125,0.55340576171875,0.9384811335066237,0.8514851485148515,9000.0,db8c4bbb1ef0dac3126848d86e4765a278295a8c5dbf4183d56f048e56135d89,0.16531388675502967,sensitivity_mnist_z2_h0p024,0.8937724504387006,ucpa_whole_only,192,0.37406428364041977,1.7503863426413255e-06,/mnt/data/ucpa_results_review/UCPA_Pilot_Study_outputs/outputs/sensitivity_mnist_z2_h0p024/sensitivity_mnist_z2_h0p024__seed6105__20261004-015457__91a7f2f6,0.137865014653684,clean,6105,0.9451,0.7486979166666667
0.2568090409872961,0.538848876953125,0.55340576171875,0.9384811335066237,0.8514851485148515,3880.0,db8c4bbb1ef0dac3126848d86e4765a278295a8c5dbf4183d56f048e56135d89,0.16457156105558776,sensitivity_mnist_z2_h0p024,0.8950241332592366,xfedalign_median,192,0.2505725803069279,0.1689621012380503,/mnt/data/ucpa_results_review/UCPA_Pilot_Study_outputs/outputs/sensitivity_mnist_z2_h0p024/sensitivity_mnist_z2_h0p024__seed6105__20261004-015457__91a7f2f6,0.1340702395043955,clean,6105,0.9451,0.7716471354166667
0.23211712344773142,0.5364990234375,0.54437255859375,0.9354182054806377,0.7440944881889764,3880.0,db8c4bbb1ef0dac3126848d86e4765a278295a8c5dbf4183d56f048e56135d89,0.15525812699343078,sensitivity_mnist_z2_h0p024,0.8829520142969463,cluster,192,0.29530010363708825,0.08359522316997287,/mnt/data/ucpa_results_review/UCPA_Pilot_Study_outputs/outputs/sensitivity_mnist_z2_h0p024/sensitivity_mnist_z2_h0p024__seed6102__20261004-011640__3a7bbc8d,0.1416256415456418,clean,6102,0.966,0.7621256510416667
0.1688194762164727,0.5364990234375,0.54437255859375,0.9354182054806377,0.7440944881889764,3880.0,db8c4bbb1ef0dac3126848d86e4765a278295a8c5dbf4183d56f048e56135d89,0.21464675494031932,sensitivity_mnist_z2_h0p024,0.8519527746559106,fedattr_mean,192,0.0,1.4715877293975556e-17,/mnt/data/ucpa_results_review/UCPA_Pilot_Study_outputs/outputs/sensitivity_mnist_z2_h0p024/sensitivity_mnist_z2_h0p024__seed6102__20261004-011640__3a7bbc8d,0.2828087926555707,clean,6102,0.966,0.5211181640625
0.27634915363269497,0.5364990234375,0.54437255859375,0.9354182054806377,0.7440944881889764,0.0,db8c4bbb1ef0dac3126848d86e4765a278295a8c5dbf4183d56f048e56135d89,0.14963935930863953,sensitivity_mnist_z2_h0p024,0.8822948344393808,local,192,0.38870108219389576,0.24235801099957804,/mnt/data/ucpa_results_review/UCPA_Pilot_Study_outputs/outputs/sensitivity_mnist_z2_h0p024/sensitivity_mnist_z2_h0p024__seed6102__20261004-011640__3a7bbc8d,0.125778683894644,clean,6102,0.966,0.8221435546875
0.27634778589620373,0.5364990234375,0.54437255859375,0.9354182054806377,0.7440944881889764,9000.0,db8c4bbb1ef0dac3126848d86e4765a278295a8c5dbf4183d56f048e56135d89,0.15447246595661757,sensitivity_mnist_z2_h0p024,0.8809713618061019,ucpa,192,0.38869911288959325,2.294871961122066e-07,/mnt/data/ucpa_results_review/UCPA_Pilot_Study_outputs/outputs/sensitivity_mnist_z2_h0p024/sensitivity_mnist_z2_h0p024__seed6102__20261004-011640__3a7bbc8d,0.14609577400750406,clean,6102,0.966,0.73876953125
0.26632061966461595,0.5364990234375,0.54437255859375,0.9354182054806377,0.7440944881889764,9000.0,db8c4bbb1ef0dac3126848d86e4765a278295a8c5dbf4183d56f048e56135d89,0.15418889785263068,sensitivity_mnist_z2_h0p024,0.8806460338976951,ucpa_coord_only,192,0.3690344312981952,0.015023214739672922,/mnt/data/ucpa_results_review/UCPA_Pilot_Study_outputs/outputs/sensitivity_mnist_z2_h0p024/sensitivity_mnist_z2_h0p024__seed6102__20261004-011640__3a7bbc8d,0.1452427812663947,clean,6102,0.966,0.7367757161458333
0.2763381572500244,0.5364990234375,0.54437255859375,0.9354182054806377,0.7440944881889764,9000.0,db8c4bbb1ef0dac3126848d86e4765a278295a8c5dbf4183d56f048e56135d89,0.15447250009977626,sensitivity_mnist_z2_h0p024,0.8809720636507942,ucpa_whole_only,192,0.3886890711232052,1.4180411941302114e-06,/mnt/data/ucpa_results_review/UCPA_Pilot_Study_outputs/outputs/sensitivity_mnist_z2_h0p024/sensitivity_mnist_z2_h0p024__seed6102__20261004-011640__3a7bbc8d,0.14609491310266867,clean,6102,0.966,0.7388102213541667
0.24557022201268436,0.5364990234375,0.54437255859375,0.9354182054806377,0.7440944881889764,3880.0,db8c4bbb1ef0dac3126848d86e4765a278295a8c5dbf4183d56f048e56135d89,0.154201074625477,sensitivity_mnist_z2_h0p024,0.8829211128235328,xfedalign_median,192,0.2593157818020912,0.17342002016900968,/mnt/data/ucpa_results_review/UCPA_Pilot_Study_outputs/outputs/sensitivity_mnist_z2_h0p024/sensitivity_mnist_z2_h0p024__seed6102__20261004-011640__3a7bbc8d,0.1420199865452509,clean,6102,0.966,0.7569986979166667
0.19859626120146498,0.568389892578125,0.574310302734375,0.9276615131297082,0.7076923076923077,3880.0,dc78ff8924db82dab38c4c02bd8dffbdbe057ac87c7b4d396ef4776f17ba79dc,0.1534878918064351,stress_mnist_rotation_task_ig,0.8930878861150026,cluster,192,0.2439450107881386,0.07103059736927583,/mnt/data/ucpa_results_review/UCPA_Pilot_Study_outputs/outputs/stress_mnist_rotation_task_ig/stress_mnist_rotation_task_ig__seed6103__20261003-101539__27a6a0ed,0.029650977297521485,clean,6103,0.9635,0.8792317708333333
0.1572612435454493,0.568389892578125,0.574310302734375,0.9276615131297082,0.7076923076923077,3880.0,dc78ff8924db82dab38c4c02bd8dffbdbe057ac87c7b4d396ef4776f17ba79dc,0.20782750997212818,stress_mnist_rotation_task_ig,0.8680392510568102,fedattr_mean,192,0.0,1.1707956431752247e-17,/mnt/data/ucpa_results_review/UCPA_Pilot_Study_outputs/outputs/stress_mnist_rotation_task_ig/stress_mnist_rotation_task_ig__seed6103__20261003-101539__27a6a0ed,0.2932209895006712,clean,6103,0.9635,0.5037027994791666
0.239004980666757,0.568389892578125,0.574310302734375,0.9276615131297082,0.7076923076923077,0.0,dc78ff8924db82dab38c4c02bd8dffbdbe057ac87c7b4d396ef4776f17ba79dc,0.1557795390085327,stress_mnist_rotation_task_ig,0.8920262750825108,local,192,0.3283827762476142,0.21808814965507117,/mnt/data/ucpa_results_review/UCPA_Pilot_Study_outputs/outputs/stress_mnist_rotation_task_ig/stress_mnist_rotation_task_ig__seed6103__20261003-101539__27a6a0ed,0.0,clean,6103,0.9635,1.0
0.2388311888433895,0.568389892578125,0.574310302734375,0.9276615131297082,0.7076923076923077,9000.0,dc78ff8924db82dab38c4c02bd8dffbdbe057ac87c7b4d396ef4776f17ba79dc,0.15264981897623026,stress_mnist_rotation_task_ig,0.8934362802918865,ucpa,192,0.328098885603523,2.7113726316668372e-05,/mnt/data/ucpa_results_review/UCPA_Pilot_Study_outputs/outputs/stress_mnist_rotation_task_ig/stress_mnist_rotation_task_ig__seed6103__20261003-101539__27a6a0ed,0.024207722282084402,clean,6103,0.9635,0.8501790364583333
0.22735033635606622,0.568389892578125,0.574310302734375,0.9276615131297082,0.7076923076923077,9000.0,dc78ff8924db82dab38c4c02bd8dffbdbe057ac87c7b4d396ef4776f17ba79dc,0.15258535668138695,stress_mnist_rotation_task_ig,0.8930299470960259,ucpa_coord_only,192,0.304150860225252,0.014733775546267855,/mnt/data/ucpa_results_review/UCPA_Pilot_Study_outputs/outputs/stress_mnist_rotation_task_ig/stress_mnist_rotation_task_ig__seed6103__20261003-101539__27a6a0ed,0.023868642882309415,clean,6103,0.9635,0.8568522135416667
0.23819611684447578,0.568389892578125,0.574310302734375,0.9276615131297082,0.7076923076923077,9000.0,dc78ff8924db82dab38c4c02bd8dffbdbe057ac87c7b4d396ef4776f17ba79dc,0.15263254220032346,stress_mnist_rotation_task_ig,0.8934190115922926,ucpa_whole_only,192,0.32709170633301804,0.00017681573817311474,/mnt/data/ucpa_results_review/UCPA_Pilot_Study_outputs/outputs/stress_mnist_rotation_task_ig/stress_mnist_rotation_task_ig__seed6103__20261003-101539__27a6a0ed,0.024144441389261535,clean,6103,0.9635,0.8505045572916667
0.20970220493919836,0.568389892578125,0.574310302734375,0.9276615131297082,0.7076923076923077,3880.0,dc78ff8924db82dab38c4c02bd8dffbdbe057ac87c7b4d396ef4776f17ba79dc,0.15372763650096508,stress_mnist_rotation_task_ig,0.8934839173819152,xfedalign_median,192,0.2158760750200757,0.15340353542290647,/mnt/data/ucpa_results_review/UCPA_Pilot_Study_outputs/outputs/stress_mnist_rotation_task_ig/stress_mnist_rotation_task_ig__seed6103__20261003-101539__27a6a0ed,0.03128453520233995,clean,6103,0.9635,0.8572998046875
0.20556024301625336,0.579437255859375,0.570159912109375,0.9354182054806377,0.7440944881889764,3880.0,dc78ff8924db82dab38c4c02bd8dffbdbe057ac87c7b4d396ef4776f17ba79dc,0.13699026754748048,stress_mnist_rotation_task_ig,0.8858289426874155,cluster,192,0.2685796156972066,0.07549298810139565,/mnt/data/ucpa_results_review/UCPA_Pilot_Study_outputs/outputs/stress_mnist_rotation_task_ig/stress_mnist_rotation_task_ig__seed6102__20261003-100410__35b92823,0.028218050206565353,clean,6102,0.966,0.8848876953125
0.15751799103808856,0.579437255859375,0.570159912109375,0.9354182054806377,0.7440944881889764,3880.0,dc78ff8924db82dab38c4c02bd8dffbdbe057ac87c7b4d396ef4776f17ba79dc,0.21323364639198794,stress_mnist_rotation_task_ig,0.869951428539692,fedattr_mean,192,0.0,1.0676576172617067e-17,/mnt/data/ucpa_results_review/UCPA_Pilot_Study_outputs/outputs/stress_mnist_rotation_task_ig/stress_mnist_rotation_task_ig__seed6102__20261003-100410__35b92823,0.2729442668522115,clean,6102,0.966,0.5303548177083333
0.2432679110378236,0.579437255859375,0.570159912109375,0.9354182054806377,0.7440944881889764,0.0,dc78ff8924db82dab38c4c02bd8dffbdbe057ac87c7b4d396ef4776f17ba79dc,0.13689867313114518,stress_mnist_rotation_task_ig,0.8853416410024996,local,192,0.3523019986676779,0.22078038998868427,/mnt/data/ucpa_results_review/UCPA_Pilot_Study_outputs/outputs/stress_mnist_rotation_task_ig/stress_mnist_rotation_task_ig__seed6102__20261003-100410__35b92823,0.0,clean,6102,0.966,1.0
0.2430928065283281,0.579437255859375,0.570159912109375,0.9354182054806377,0.7440944881889764,9000.0,dc78ff8924db82dab38c4c02bd8dffbdbe057ac87c7b4d396ef4776f17ba79dc,0.13544368821349054,stress_mnist_rotation_task_ig,0.8862975627496781,ucpa,192,0.3520309013934282,3.184640958722646e-05,/mnt/data/ucpa_results_review/UCPA_Pilot_Study_outputs/outputs/stress_mnist_rotation_task_ig/stress_mnist_rotation_task_ig__seed6102__20261003-100410__35b92823,0.025114882642340377,clean,6102,0.966,0.8523356119791666
0.23091694406078622,0.579437255859375,0.570159912109375,0.9354182054806377,0.7440944881889764,9000.0,dc78ff8924db82dab38c4c02bd8dffbdbe057ac87c7b4d396ef4776f17ba79dc,0.13562926436995135,stress_mnist_rotation_task_ig,0.8868300537479323,ucpa_coord_only,192,0.32728446948778916,0.016885549266379595,/mnt/data/ucpa_results_review/UCPA_Pilot_Study_outputs/outputs/stress_mnist_rotation_task_ig/stress_mnist_rotation_task_ig__seed6102__20261003-100410__35b92823,0.024444661108452097,clean,6102,0.966,0.8577473958333333
0.2425285145600795,0.579437255859375,0.570159912109375,0.9354182054806377,0.7440944881889764,9000.0,dc78ff8924db82dab38c4c02bd8dffbdbe057ac87c7b4d396ef4776f17ba79dc,0.1355248247989948,stress_mnist_rotation_task_ig,0.8863572528821047,ucpa_whole_only,192,0.3512718283722155,0.00015031266717627993,/mnt/data/ucpa_results_review/UCPA_Pilot_Study_outputs/outputs/stress_mnist_rotation_task_ig/stress_mnist_rotation_task_ig__seed6102__20261003-100410__35b92823,0.025054804874637578,clean,6102,0.966,0.8524576822916666
0.2131076118156161,0.579437255859375,0.570159912109375,0.9354182054806377,0.7440944881889764,3880.0,dc78ff8924db82dab38c4c02bd8dffbdbe057ac87c7b4d396ef4776f17ba79dc,0.135947159832358,stress_mnist_rotation_task_ig,0.8864803886159887,xfedalign_median,192,0.23303407174798443,0.15091856203145784,/mnt/data/ucpa_results_review/UCPA_Pilot_Study_outputs/outputs/stress_mnist_rotation_task_ig/stress_mnist_rotation_task_ig__seed6102__20261003-100410__35b92823,0.02511786991890444,clean,6102,0.966,0.8583577473958334
0.19588573905463452,0.546539306640625,0.545928955078125,0.9593727460979786,0.9157509157509157,3880.0,dc78ff8924db82dab38c4c02bd8dffbdbe057ac87c7b4d396ef4776f17ba79dc,0.14795448639015374,stress_mnist_rotation_task_ig,0.9036735985816147,cluster,192,0.2764340762379981,0.07472321190358679,/mnt/data/ucpa_results_review/UCPA_Pilot_Study_outputs/outputs/stress_mnist_rotation_task_ig/stress_mnist_rotation_task_ig__seed6101__20261003-095222__2ac0cd7c,0.028336538702279465,clean,6101,0.9697,0.8739013671875
0.15719447152937574,0.546539306640625,0.545928955078125,0.9593727460979786,0.9157509157509157,3880.0,dc78ff8924db82dab38c4c02bd8dffbdbe057ac87c7b4d396ef4776f17ba79dc,0.19226375967011788,stress_mnist_rotation_task_ig,0.8851027769215458,fedattr_mean,192,0.0,1.6716290400221027e-17,/mnt/data/ucpa_results_review/UCPA_Pilot_Study_outputs/outputs/stress_mnist_rotation_task_ig/stress_mnist_rotation_task_ig__seed6101__20261003-095222__2ac0cd7c,0.273405973912423,clean,6101,0.9697,0.5306396484375
0.23112439480212538,0.546539306640625,0.545928955078125,0.9593727460979786,0.9157509157509157,0.0,dc78ff8924db82dab38c4c02bd8dffbdbe057ac87c7b4d396ef4776f17ba79dc,0.15001675162813324,stress_mnist_rotation_task_ig,0.9029777042862406,local,192,0.3518810121173274,0.22708766002590686,/mnt/data/ucpa_results_review/UCPA_Pilot_Study_outputs/outputs/stress_mnist_rotation_task_ig/stress_mnist_rotation_task_ig__seed6101__20261003-095222__2ac0cd7c,0.0,clean,6101,0.9697,1.0
0.2308925683229566,0.546539306640625,0.545928955078125,0.9593727460979786,0.9157509157509157,9000.0,dc78ff8924db82dab38c4c02bd8dffbdbe057ac87c7b4d396ef4776f17ba79dc,0.14865625158393717,stress_mnist_rotation_task_ig,0.9047840234949642,ucpa,192,0.3515500349099151,3.816689758291773e-05,/mnt/data/ucpa_results_review/UCPA_Pilot_Study_outputs/outputs/stress_mnist_rotation_task_ig/stress_mnist_rotation_task_ig__seed6101__20261003-095222__2ac0cd7c,0.02439197004828722,clean,6101,0.9697,0.8522135416666667
0.21781155429825438,0.546539306640625,0.545928955078125,0.9593727460979786,0.9157509157509157,9000.0,dc78ff8924db82dab38c4c02bd8dffbdbe057ac87c7b4d396ef4776f17ba79dc,0.14815146043259425,stress_mnist_rotation_task_ig,0.9046852265567092,ucpa_coord_only,192,0.3255739125552763,0.016791830835480737,/mnt/data/ucpa_results_review/UCPA_Pilot_Study_outputs/outputs/stress_mnist_rotation_task_ig/stress_mnist_rotation_task_ig__seed6101__20261003-095222__2ac0cd7c,0.024006110821151717,clean,6101,0.9697,0.857666015625
0.23027495168880968,0.546539306640625,0.545928955078125,0.9593727460979786,0.9157509157509157,9000.0,dc78ff8924db82dab38c4c02bd8dffbdbe057ac87c7b4d396ef4776f17ba79dc,0.14849791792294126,stress_mnist_rotation_task_ig,0.9046649699254583,ucpa_whole_only,192,0.350658855114284,0.00018997885278311305,/mnt/data/ucpa_results_review/UCPA_Pilot_Study_outputs/outputs/stress_mnist_rotation_task_ig/stress_mnist_rotation_task_ig__seed6101__20261003-095222__2ac0cd7c,0.024336764466740653,clean,6101,0.9697,0.852294921875
0.20366637566754958,0.546539306640625,0.545928955078125,0.9593727460979786,0.9157509157509157,3880.0,dc78ff8924db82dab38c4c02bd8dffbdbe057ac87c7b4d396ef4776f17ba79dc,0.14832870324898978,stress_mnist_rotation_task_ig,0.9055177662909651,xfedalign_median,192,0.23498835827464237,0.15821102942437823,/mnt/data/ucpa_results_review/UCPA_Pilot_Study_outputs/outputs/stress_mnist_rotation_task_ig/stress_mnist_rotation_task_ig__seed6101__20261003-095222__2ac0cd7c,0.025512897818094838,clean,6101,0.9697,0.8604329427083334
0.20247220349613987,0.587158203125,0.555938720703125,0.9472351753924035,0.8620689655172413,3880.0,dc78ff8924db82dab38c4c02bd8dffbdbe057ac87c7b4d396ef4776f17ba79dc,0.14279358191051872,stress_mnist_rotation_task_ig,0.8892344512649288,cluster,192,0.24322004208883877,0.07567987197896532,/mnt/data/ucpa_results_review/UCPA_Pilot_Study_outputs/outputs/stress_mnist_rotation_task_ig/stress_mnist_rotation_task_ig__seed6104__20261003-102728__beee6ed0,0.029231940676333137,clean,6104,0.9642,0.8875325520833334
0.1641832487941903,0.587158203125,0.555938720703125,0.9472351753924035,0.8620689655172413,3880.0,dc78ff8924db82dab38c4c02bd8dffbdbe057ac87c7b4d396ef4776f17ba79dc,0.19291891202592526,stress_mnist_rotation_task_ig,0.8740961376434522,fedattr_mean,192,0.0,2.0219012336078948e-17,/mnt/data/ucpa_results_review/UCPA_Pilot_Study_outputs/outputs/stress_mnist_rotation_task_ig/stress_mnist_rotation_task_ig__seed6104__20261003-102728__beee6ed0,0.2759388737140205,clean,6104,0.9642,0.5284016927083333
0.23777932932201792,0.587158203125,0.555938720703125,0.9472351753924035,0.8620689655172413,0.0,dc78ff8924db82dab38c4c02bd8dffbdbe057ac87c7b4d396ef4776f17ba79dc,0.14251743018746008,stress_mnist_rotation_task_ig,0.8893977065946577,local,192,0.3346319895025014,0.21003725775736415,/mnt/data/ucpa_results_review/UCPA_Pilot_Study_outputs/outputs/stress_mnist_rotation_task_ig/stress_mnist_rotation_task_ig__seed6104__20261003-102728__beee6ed0,0.0,clean,6104,0.9642,1.0
0.2374913330417271,0.587158203125,0.555938720703125,0.9472351753924035,0.8620689655172413,9000.0,dc78ff8924db82dab38c4c02bd8dffbdbe057ac87c7b4d396ef4776f17ba79dc,0.14073248711223035,stress_mnist_rotation_task_ig,0.8890869614820985,ucpa,192,0.3341851858030424,4.919861671040171e-05,/mnt/data/ucpa_results_review/UCPA_Pilot_Study_outputs/outputs/stress_mnist_rotation_task_ig/stress_mnist_rotation_task_ig__seed6104__20261003-102728__beee6ed0,0.025919357566978572,clean,6104,0.9642,0.8486735026041667
0.22337557634363017,0.587158203125,0.555938720703125,0.9472351753924035,0.8620689655172413,9000.0,dc78ff8924db82dab38c4c02bd8dffbdbe057ac87c7b4d396ef4776f17ba79dc,0.140133594170887,stress_mnist_rotation_task_ig,0.889563770218956,ucpa_coord_only,192,0.30259550071508806,0.02166955994097418,/mnt/data/ucpa_results_review/UCPA_Pilot_Study_outputs/outputs/stress_mnist_rotation_task_ig/stress_mnist_rotation_task_ig__seed6104__20261003-102728__beee6ed0,0.02548992082338187,clean,6104,0.9642,0.8587646484375
0.23686774274268727,0.587158203125,0.555938720703125,0.9472351753924035,0.8620689655172413,9000.0,dc78ff8924db82dab38c4c02bd8dffbdbe057ac87c7b4d396ef4776f17ba79dc,0.14078529398672496,stress_mnist_rotation_task_ig,0.8890858058000353,ucpa_whole_only,192,0.33330395072215224,0.0001881555638177887,/mnt/data/ucpa_results_review/UCPA_Pilot_Study_outputs/outputs/stress_mnist_rotation_task_ig/stress_mnist_rotation_task_ig__seed6104__20261003-102728__beee6ed0,0.02585247451175093,clean,6104,0.9642,0.8490804036458333
0.20918625854108566,0.587158203125,0.555938720703125,0.9472351753924035,0.8620689655172413,3880.0,dc78ff8924db82dab38c4c02bd8dffbdbe057ac87c7b4d396ef4776f17ba79dc,0.13985362246627728,stress_mnist_rotation_task_ig,0.890510942379721,xfedalign_median,192,0.21883657572049148,0.14010739452368678,/mnt/data/ucpa_results_review/UCPA_Pilot_Study_outputs/outputs/stress_mnist_rotation_task_ig/stress_mnist_rotation_task_ig__seed6104__20261003-102728__beee6ed0,0.025482512492115538,clean,6104,0.9642,0.862548828125
0.22727328634229454,0.5701904296875,0.5736083984375,0.9384811335066237,0.8514851485148515,3880.0,dc78ff8924db82dab38c4c02bd8dffbdbe057ac87c7b4d396ef4776f17ba79dc,0.14909233908207775,stress_mnist_rotation_task_ig,0.8959336533279081,cluster,192,0.26697110955140885,0.07315055096909327,/mnt/data/ucpa_results_review/UCPA_Pilot_Study_outputs/outputs/stress_mnist_rotation_task_ig/stress_mnist_rotation_task_ig__seed6105__20261003-103917__65aeca50,0.027307408164517336,clean,6105,0.9451,0.8690592447916667
0.18359694033154889,0.5701904296875,0.5736083984375,0.9384811335066237,0.8514851485148515,3880.0,dc78ff8924db82dab38c4c02bd8dffbdbe057ac87c7b4d396ef4776f17ba79dc,0.1810586584826524,stress_mnist_rotation_task_ig,0.8841020107406318,fedattr_mean,192,0.0,1.8153424593283725e-17,/mnt/data/ucpa_results_review/UCPA_Pilot_Study_outputs/outputs/stress_mnist_rotation_task_ig/stress_mnist_rotation_task_ig__seed6105__20261003-103917__65aeca50,0.26535415206900964,clean,6105,0.9451,0.5325520833333334
0.25921348603951844,0.5701904296875,0.5736083984375,0.9384811335066237,0.8514851485148515,0.0,dc78ff8924db82dab38c4c02bd8dffbdbe057ac87c7b4d396ef4776f17ba79dc,0.1509489827794217,stress_mnist_rotation_task_ig,0.894411878513832,local,192,0.3427664693320987,0.21704895794155177,/mnt/data/ucpa_results_review/UCPA_Pilot_Study_outputs/outputs/stress_mnist_rotation_task_ig/stress_mnist_rotation_task_ig__seed6105__20261003-103917__65aeca50,0.0,clean,6105,0.9451,1.0
0.2589106462382408,0.5701904296875,0.5736083984375,0.9384811335066237,0.8514851485148515,9000.0,dc78ff8924db82dab38c4c02bd8dffbdbe057ac87c7b4d396ef4776f17ba79dc,0.14889120907525163,stress_mnist_rotation_task_ig,0.895857406844152,ucpa,192,0.3421587855865742,7.83615133105985e-05,/mnt/data/ucpa_results_review/UCPA_Pilot_Study_outputs/outputs/stress_mnist_rotation_task_ig/stress_mnist_rotation_task_ig__seed6105__20261003-103917__65aeca50,0.024643095003729142,clean,6105,0.9451,0.84521484375
0.245737349545966,0.5701904296875,0.5736083984375,0.9384811335066237,0.8514851485148515,9000.0,dc78ff8924db82dab38c4c02bd8dffbdbe057ac87c7b4d396ef4776f17ba79dc,0.14901360611402198,stress_mnist_rotation_task_ig,0.8962974032086398,ucpa_coord_only,192,0.31343174949424296,0.020309451119137817,/mnt/data/ucpa_results_review/UCPA_Pilot_Study_outputs/outputs/stress_mnist_rotation_task_ig/stress_mnist_rotation_task_ig__seed6105__20261003-103917__65aeca50,0.024157705331173784,clean,6105,0.9451,0.8495279947916666
0.2583647394550336,0.5701904296875,0.5736083984375,0.9384811335066237,0.8514851485148515,9000.0,dc78ff8924db82dab38c4c02bd8dffbdbe057ac87c7b4d396ef4776f17ba79dc,0.14890323848000359,stress_mnist_rotation_task_ig,0.8958891672412089,ucpa_whole_only,192,0.34122775807665456,0.00024634417466565906,/mnt/data/ucpa_results_review/UCPA_Pilot_Study_outputs/outputs/stress_mnist_rotation_task_ig/stress_mnist_rotation_task_ig__seed6105__20261003-103917__65aeca50,0.024596314515599356,clean,6105,0.9451,0.8450113932291666
0.23153341944385922,0.5701904296875,0.5736083984375,0.9384811335066237,0.8514851485148515,3880.0,dc78ff8924db82dab38c4c02bd8dffbdbe057ac87c7b4d396ef4776f17ba79dc,0.1497704049516566,stress_mnist_rotation_task_ig,0.8967484785661024,xfedalign_median,192,0.22841459965477673,0.15108540779895227,/mnt/data/ucpa_results_review/UCPA_Pilot_Study_outputs/outputs/stress_mnist_rotation_task_ig/stress_mnist_rotation_task_ig__seed6105__20261003-103917__65aeca50,0.02433700187619422,clean,6105,0.9451,0.8626302083333333
0.2138945069868487,0.53717041015625,0.552490234375,0.9354182054806377,0.7440944881889764,3880.0,0c02241362b4499ed8e637d1080c1f1ab715864da5f4725ff0166354d2fa58b8,0.15530782550170746,sweep_mnist_dp_0p05,0.8829731994592294,cluster,192,0.2698257039500293,0.07647832543127421,/mnt/data/ucpa_results_review/UCPA_Pilot_Study_outputs/outputs/sweep_mnist_dp_0p05/sweep_mnist_dp_0p05__seed6102__20261003-195500__7cd853d7,0.14128031675292965,clean,6102,0.966,0.7666829427083333
0.16252702601900929,0.53717041015625,0.552490234375,0.9354182054806377,0.7440944881889764,3880.0,0c02241362b4499ed8e637d1080c1f1ab715864da5f4725ff0166354d2fa58b8,0.21723187058199378,sweep_mnist_dp_0p05,0.8571008181301295,fedattr_mean,192,0.0,1.2174741415126832e-17,/mnt/data/ucpa_results_review/UCPA_Pilot_Study_outputs/outputs/sweep_mnist_dp_0p05/sweep_mnist_dp_0p05__seed6102__20261003-195500__7cd853d7,0.2778276759680304,clean,6102,0.966,0.5294189453125
0.25298397552770135,0.53717041015625,0.552490234375,0.9354182054806377,0.7440944881889764,0.0,0c02241362b4499ed8e637d1080c1f1ab715864da5f4725ff0166354d2fa58b8,0.14963935930863953,sweep_mnist_dp_0p05,0.8822948344393808,local,192,0.3570209178537411,0.22203200343289162,/mnt/data/ucpa_results_review/UCPA_Pilot_Study_outputs/outputs/sweep_mnist_dp_0p05/sweep_mnist_dp_0p05__seed6102__20261003-195500__7cd853d7,0.125778683894644,clean,6102,0.966,0.8221435546875
0.25292310323849576,0.53717041015625,0.552490234375,0.9354182054806377,0.7440944881889764,9000.0,0c02241362b4499ed8e637d1080c1f1ab715864da5f4725ff0166354d2fa58b8,0.15479788041799716,sweep_mnist_dp_0p05,0.8810027937564883,ucpa,192,0.35689139978806445,1.576117309722662e-05,/mnt/data/ucpa_results_review/UCPA_Pilot_Study_outputs/outputs/sweep_mnist_dp_0p05/sweep_mnist_dp_0p05__seed6102__20261003-195500__7cd853d7,0.14558189955727138,clean,6102,0.966,0.7449951171875
0.24773587913325995,0.53717041015625,0.552490234375,0.9354182054806377,0.7440944881889764,9000.0,0c02241362b4499ed8e637d1080c1f1ab715864da5f4725ff0166354d2fa58b8,0.15469733790535733,sweep_mnist_dp_0p05,0.8804756716002884,ucpa_coord_only,192,0.34372795372159015,0.01148608381020169,/mnt/data/ucpa_results_review/UCPA_Pilot_Study_outputs/outputs/sweep_mnist_dp_0p05/sweep_mnist_dp_0p05__seed6102__20261003-195500__7cd853d7,0.14478216765227997,clean,6102,0.966,0.742919921875
0.2526024449269841,0.53717041015625,0.552490234375,0.9354182054806377,0.7440944881889764,9000.0,0c02241362b4499ed8e637d1080c1f1ab715864da5f4725ff0166354d2fa58b8,0.15489232077209938,sweep_mnist_dp_0p05,0.8809920179109516,ucpa_whole_only,192,0.35639933932648293,9.576526770969178e-05,/mnt/data/ucpa_results_review/UCPA_Pilot_Study_outputs/outputs/sweep_mnist_dp_0p05/sweep_mnist_dp_0p05__seed6102__20261003-195500__7cd853d7,0.1454746892647639,clean,6102,0.966,0.7451578776041667
0.22360196234739432,0.53717041015625,0.552490234375,0.9354182054806377,0.7440944881889764,3880.0,0c02241362b4499ed8e637d1080c1f1ab715864da5f4725ff0166354d2fa58b8,0.15456643877265985,sweep_mnist_dp_0p05,0.8831440076537547,xfedalign_median,192,0.2340093458734341,0.15212585076005938,/mnt/data/ucpa_results_review/UCPA_Pilot_Study_outputs/outputs/sweep_mnist_dp_0p05/sweep_mnist_dp_0p05__seed6102__20261003-195500__7cd853d7,0.140482766476807,clean,6102,0.966,0.755126953125
0.21325127212365694,0.51202392578125,0.50799560546875,0.9593727460979786,0.9157509157509157,3880.0,0c02241362b4499ed8e637d1080c1f1ab715864da5f4725ff0166354d2fa58b8,0.1662830608619212,sweep_mnist_dp_0p05,0.8947491895010292,cluster,192,0.26534563178847276,0.07546925022949261,/mnt/data/ucpa_results_review/UCPA_Pilot_Study_outputs/outputs/sweep_mnist_dp_0p05/sweep_mnist_dp_0p05__seed6101__20261003-194207__93f74d7c,0.1435005852256774,clean,6101,0.9697,0.7743326822916667
0.17226451595425774,0.51202392578125,0.50799560546875,0.9593727460979786,0.9157509157509157,3880.0,0c02241362b4499ed8e637d1080c1f1ab715864da5f4725ff0166354d2fa58b8,0.2209868199680462,sweep_mnist_dp_0p05,0.8655247474462763,fedattr_mean,192,0.0,1.1918251833563949e-17,/mnt/data/ucpa_results_review/UCPA_Pilot_Study_outputs/outputs/sweep_mnist_dp_0p05/sweep_mnist_dp_0p05__seed6101__20261003-194207__93f74d7c,0.2814581658678941,clean,6101,0.9697,0.5297444661458334
0.24919772216125405,0.51202392578125,0.50799560546875,0.9593727460979786,0.9157509157509157,0.0,0c02241362b4499ed8e637d1080c1f1ab715864da5f4725ff0166354d2fa58b8,0.16511989565715338,sweep_mnist_dp_0p05,0.896656165864897,local,192,0.3512197872951076,0.22560153460466773,/mnt/data/ucpa_results_review/UCPA_Pilot_Study_outputs/outputs/sweep_mnist_dp_0p05/sweep_mnist_dp_0p05__seed6101__20261003-194207__93f74d7c,0.12840990620319037,clean,6101,0.9697,0.8442789713541667
0.24907970792398879,0.51202392578125,0.50799560546875,0.9593727460979786,0.9157509157509157,9000.0,0c02241362b4499ed8e637d1080c1f1ab715864da5f4725ff0166354d2fa58b8,0.1680189827942134,sweep_mnist_dp_0p05,0.8936969377695884,ucpa,192,0.35104930920740773,2.050508631481655e-05,/mnt/data/ucpa_results_review/UCPA_Pilot_Study_outputs/outputs/sweep_mnist_dp_0p05/sweep_mnist_dp_0p05__seed6101__20261003-194207__93f74d7c,0.1467689589534039,clean,6101,0.9697,0.7583414713541666
0.2430932388982499,0.51202392578125,0.50799560546875,0.9593727460979786,0.9157509157509157,9000.0,0c02241362b4499ed8e637d1080c1f1ab715864da5f4725ff0166354d2fa58b8,0.16816391163780886,sweep_mnist_dp_0p05,0.8939971256613566,ucpa_coord_only,192,0.33669245948402915,0.01078659716921171,/mnt/data/ucpa_results_review/UCPA_Pilot_Study_outputs/outputs/sweep_mnist_dp_0p05/sweep_mnist_dp_0p05__seed6101__20261003-194207__93f74d7c,0.14592606615113618,clean,6101,0.9697,0.7534586588541666
0.2485689524449179,0.51202392578125,0.50799560546875,0.9593727460979786,0.9157509157509157,9000.0,0c02241362b4499ed8e637d1080c1f1ab715864da5f4725ff0166354d2fa58b8,0.1679442093069762,sweep_mnist_dp_0p05,0.8936185729237573,ucpa_whole_only,192,0.35016604670314505,0.0001943324190734221,/mnt/data/ucpa_results_review/UCPA_Pilot_Study_outputs/outputs/sweep_mnist_dp_0p05/sweep_mnist_dp_0p05__seed6101__20261003-194207__93f74d7c,0.1466049218938663,clean,6101,0.9697,0.7579345703125
0.22265673343612463,0.51202392578125,0.50799560546875,0.9593727460979786,0.9157509157509157,3880.0,0c02241362b4499ed8e637d1080c1f1ab715864da5f4725ff0166354d2fa58b8,0.16709906178184608,sweep_mnist_dp_0p05,0.8964572680291895,xfedalign_median,192,0.23349484233270562,0.15706221212536703,/mnt/data/ucpa_results_review/UCPA_Pilot_Study_outputs/outputs/sweep_mnist_dp_0p05/sweep_mnist_dp_0p05__seed6101__20261003-194207__93f74d7c,0.14368843567132777,clean,6101,0.9697,0.7694091796875
0.2302966345525844,0.539886474609375,0.54949951171875,0.9384811335066237,0.8514851485148515,3880.0,0c02241362b4499ed8e637d1080c1f1ab715864da5f4725ff0166354d2fa58b8,0.1652597295685458,sweep_mnist_dp_0p05,0.894822347368851,cluster,192,0.26599731459554404,0.07367811962051501,/mnt/data/ucpa_results_review/UCPA_Pilot_Study_outputs/outputs/sweep_mnist_dp_0p05/sweep_mnist_dp_0p05__seed6105__20261003-203324__ed033706,0.13451530889873464,clean,6105,0.9451,0.7657877604166667
0.18673714080479453,0.539886474609375,0.54949951171875,0.9384811335066237,0.8514851485148515,3880.0,0c02241362b4499ed8e637d1080c1f1ab715864da5f4725ff0166354d2fa58b8,0.2273410821476015,sweep_mnist_dp_0p05,0.8685550986561187,fedattr_mean,192,0.0,1.6070687441132717e-17,/mnt/data/ucpa_results_review/UCPA_Pilot_Study_outputs/outputs/sweep_mnist_dp_0p05/sweep_mnist_dp_0p05__seed6105__20261003-203324__ed033706,0.2728811078429348,clean,6105,0.9451,0.5341796875
0.2641384265205484,0.539886474609375,0.54949951171875,0.9384811335066237,0.8514851485148515,0.0,0c02241362b4499ed8e637d1080c1f1ab715864da5f4725ff0166354d2fa58b8,0.16217822613980387,sweep_mnist_dp_0p05,0.8953470222089285,local,192,0.34348342782226626,0.21593651439514833,/mnt/data/ucpa_results_review/UCPA_Pilot_Study_outputs/outputs/sweep_mnist_dp_0p05/sweep_mnist_dp_0p05__seed6105__20261003-203324__ed033706,0.11741545011293633,clean,6105,0.9451,0.8466796875
0.26404408734579987,0.539886474609375,0.54949951171875,0.9384811335066237,0.8514851485148515,9000.0,0c02241362b4499ed8e637d1080c1f1ab715864da5f4725ff0166354d2fa58b8,0.16509060278573695,sweep_mnist_dp_0p05,0.8941570899827639,ucpa,192,0.34326912790934144,1.8488524365868285e-05,/mnt/data/ucpa_results_review/UCPA_Pilot_Study_outputs/outputs/sweep_mnist_dp_0p05/sweep_mnist_dp_0p05__seed6105__20261003-203324__ed033706,0.13719773879484304,clean,6105,0.9451,0.7538655598958333
0.2570921901699843,0.539886474609375,0.54949951171875,0.9384811335066237,0.8514851485148515,9000.0,0c02241362b4499ed8e637d1080c1f1ab715864da5f4725ff0166354d2fa58b8,0.16486688520441628,sweep_mnist_dp_0p05,0.8946086543641285,ucpa_coord_only,192,0.32481533666747664,0.015363758514928954,/mnt/data/ucpa_results_review/UCPA_Pilot_Study_outputs/outputs/sweep_mnist_dp_0p05/sweep_mnist_dp_0p05__seed6105__20261003-203324__ed033706,0.1362688687153994,clean,6105,0.9451,0.7482503255208333
0.2636986088688695,0.539886474609375,0.54949951171875,0.9384811335066237,0.8514851485148515,9000.0,0c02241362b4499ed8e637d1080c1f1ab715864da5f4725ff0166354d2fa58b8,0.1650563473716223,sweep_mnist_dp_0p05,0.8941799779063634,ucpa_whole_only,192,0.3426091038695381,0.00012440913244175634,/mnt/data/ucpa_results_review/UCPA_Pilot_Study_outputs/outputs/sweep_mnist_dp_0p05/sweep_mnist_dp_0p05__seed6105__20261003-203324__ed033706,0.13705173638855322,clean,6105,0.9451,0.7524007161458334
0.23653536936295905,0.539886474609375,0.54949951171875,0.9384811335066237,0.8514851485148515,3880.0,0c02241362b4499ed8e637d1080c1f1ab715864da5f4725ff0166354d2fa58b8,0.16461725066716704,sweep_mnist_dp_0p05,0.8953622045606606,xfedalign_median,192,0.22650642729559742,0.14810701031521337,/mnt/data/ucpa_results_review/UCPA_Pilot_Study_outputs/outputs/sweep_mnist_dp_0p05/sweep_mnist_dp_0p05__seed6105__20261003-203324__ed033706,0.1324349624096322,clean,6105,0.9451,0.7687581380208333
0.20995691995556598,0.536865234375,0.556884765625,0.9276615131297082,0.7076923076923077,3880.0,0c02241362b4499ed8e637d1080c1f1ab715864da5f4725ff0166354d2fa58b8,0.16668405219394725,sweep_mnist_dp_0p05,0.8896150196131203,cluster,192,0.24485746421504168,0.06971221948068443,/mnt/data/ucpa_results_review/UCPA_Pilot_Study_outputs/outputs/sweep_mnist_dp_0p05/sweep_mnist_dp_0p05__seed6103__20261003-200732__7055031a,0.14392586726784073,clean,6103,0.9635,0.7602945963541667
0.16516014074448,0.536865234375,0.556884765625,0.9276615131297082,0.7076923076923077,3880.0,0c02241362b4499ed8e637d1080c1f1ab715864da5f4725ff0166354d2fa58b8,0.22075426170546658,sweep_mnist_dp_0p05,0.8660117333581487,fedattr_mean,192,0.0,1.3431391802135087e-17,/mnt/data/ucpa_results_review/UCPA_Pilot_Study_outputs/outputs/sweep_mnist_dp_0p05/sweep_mnist_dp_0p05__seed6103__20261003-200732__7055031a,0.2962424854387314,clean,6103,0.9635,0.5011800130208334
0.25008962378143457,0.536865234375,0.556884765625,0.9276615131297082,0.7076923076923077,0.0,0c02241362b4499ed8e637d1080c1f1ab715864da5f4725ff0166354d2fa58b8,0.1641173736267471,sweep_mnist_dp_0p05,0.8907147085104953,local,192,0.327660834317436,0.21669838564396127,/mnt/data/ucpa_results_review/UCPA_Pilot_Study_outputs/outputs/sweep_mnist_dp_0p05/sweep_mnist_dp_0p05__seed6103__20261003-200732__7055031a,0.12698230772774136,clean,6103,0.9635,0.820556640625
0.25001974417630307,0.536865234375,0.556884765625,0.9276615131297082,0.7076923076923077,9000.0,0c02241362b4499ed8e637d1080c1f1ab715864da5f4725ff0166354d2fa58b8,0.16684473316709048,sweep_mnist_dp_0p05,0.8890550857402559,ucpa,192,0.3275430862058735,9.868210697519271e-06,/mnt/data/ucpa_results_review/UCPA_Pilot_Study_outputs/outputs/sweep_mnist_dp_0p05/sweep_mnist_dp_0p05__seed6103__20261003-200732__7055031a,0.1457627557634451,clean,6103,0.9635,0.7455647786458333
0.2447227322337835,0.536865234375,0.556884765625,0.9276615131297082,0.7076923076923077,9000.0,0c02241362b4499ed8e637d1080c1f1ab715864da5f4725ff0166354d2fa58b8,0.16702171561143284,sweep_mnist_dp_0p05,0.8892247483347697,ucpa_coord_only,192,0.3152463722370203,0.009390706840889412,/mnt/data/ucpa_results_review/UCPA_Pilot_Study_outputs/outputs/sweep_mnist_dp_0p05/sweep_mnist_dp_0p05__seed6103__20261003-200732__7055031a,0.14475095934429766,clean,6103,0.9635,0.7432047526041667
0.2496750269010604,0.536865234375,0.556884765625,0.9276615131297082,0.7076923076923077,9000.0,0c02241362b4499ed8e637d1080c1f1ab715864da5f4725ff0166354d2fa58b8,0.16690923866772212,sweep_mnist_dp_0p05,0.8891356977743272,ucpa_whole_only,192,0.32695765892404144,9.635749995848181e-05,/mnt/data/ucpa_results_review/UCPA_Pilot_Study_outputs/outputs/sweep_mnist_dp_0p05/sweep_mnist_dp_0p05__seed6103__20261003-200732__7055031a,0.14568414482044797,clean,6103,0.9635,0.7455647786458333
0.2220052396321247,0.536865234375,0.556884765625,0.9276615131297082,0.7076923076923077,3880.0,0c02241362b4499ed8e637d1080c1f1ab715864da5f4725ff0166354d2fa58b8,0.16599114931298875,sweep_mnist_dp_0p05,0.8899096697066853,xfedalign_median,192,0.21592246482506447,0.15657112238604293,/mnt/data/ucpa_results_review/UCPA_Pilot_Study_outputs/outputs/sweep_mnist_dp_0p05/sweep_mnist_dp_0p05__seed6103__20261003-200732__7055031a,0.14588638859043035,clean,6103,0.9635,0.7494710286458334
0.2156001857972359,0.538726806640625,0.53509521484375,0.9472351753924035,0.8620689655172413,3880.0,0c02241362b4499ed8e637d1080c1f1ab715864da5f4725ff0166354d2fa58b8,0.15651394733019214,sweep_mnist_dp_0p05,0.8901241880138211,cluster,192,0.2547790459448597,0.07863413168909855,/mnt/data/ucpa_results_review/UCPA_Pilot_Study_outputs/outputs/sweep_mnist_dp_0p05/sweep_mnist_dp_0p05__seed6104__20261003-202031__59806deb,0.13926480992113804,clean,6104,0.9642,0.7700602213541666
0.1718983990081085,0.538726806640625,0.53509521484375,0.9472351753924035,0.8620689655172413,3880.0,0c02241362b4499ed8e637d1080c1f1ab715864da5f4725ff0166354d2fa58b8,0.20891521344140834,sweep_mnist_dp_0p05,0.8767645337349677,fedattr_mean,192,0.0,1.9853149790147263e-17,/mnt/data/ucpa_results_review/UCPA_Pilot_Study_outputs/outputs/sweep_mnist_dp_0p05/sweep_mnist_dp_0p05__seed6104__20261003-202031__59806deb,0.2802313735391754,clean,6104,0.9642,0.5209147135416666
0.2530939680672811,0.538726806640625,0.53509521484375,0.9472351753924035,0.8620689655172413,0.0,0c02241362b4499ed8e637d1080c1f1ab715864da5f4725ff0166354d2fa58b8,0.15311643829845706,sweep_mnist_dp_0p05,0.8907495343153036,local,192,0.3499437247429167,0.21848840963252592,/mnt/data/ucpa_results_review/UCPA_Pilot_Study_outputs/outputs/sweep_mnist_dp_0p05/sweep_mnist_dp_0p05__seed6104__20261003-202031__59806deb,0.12204801458378269,clean,6104,0.9642,0.8299560546875
0.252974705721532,0.538726806640625,0.53509521484375,0.9472351753924035,0.8620689655172413,9000.0,0c02241362b4499ed8e637d1080c1f1ab715864da5f4725ff0166354d2fa58b8,0.15605348235185376,sweep_mnist_dp_0p05,0.8885684782257159,ucpa,192,0.34974672718710126,2.0341981956575433e-05,/mnt/data/ucpa_results_review/UCPA_Pilot_Study_outputs/outputs/sweep_mnist_dp_0p05/sweep_mnist_dp_0p05__seed6104__20261003-202031__59806deb,0.14259862465943596,clean,6104,0.9642,0.7506917317708334
0.2452634036724291,0.538726806640625,0.53509521484375,0.9472351753924035,0.8620689655172413,9000.0,0c02241362b4499ed8e637d1080c1f1ab715864da5f4725ff0166354d2fa58b8,0.15555416157658328,sweep_mnist_dp_0p05,0.8884923164681823,ucpa_coord_only,192,0.3302991605248918,0.016638410848377472,/mnt/data/ucpa_results_review/UCPA_Pilot_Study_outputs/outputs/sweep_mnist_dp_0p05/sweep_mnist_dp_0p05__seed6104__20261003-202031__59806deb,0.14167783526557515,clean,6104,0.9642,0.744873046875
0.25257203769492065,0.538726806640625,0.53509521484375,0.9472351753924035,0.8620689655172413,9000.0,0c02241362b4499ed8e637d1080c1f1ab715864da5f4725ff0166354d2fa58b8,0.1559030252414232,sweep_mnist_dp_0p05,0.8884392789486204,ucpa_whole_only,192,0.3491802841934779,0.00013987902126795352,/mnt/data/ucpa_results_review/UCPA_Pilot_Study_outputs/outputs/sweep_mnist_dp_0p05/sweep_mnist_dp_0p05__seed6104__20261003-202031__59806deb,0.14246992734987768,clean,6104,0.9642,0.7503662109375
0.22337703685565313,0.538726806640625,0.53509521484375,0.9472351753924035,0.8620689655172413,3880.0,0c02241362b4499ed8e637d1080c1f1ab715864da5f4725ff0166354d2fa58b8,0.15536811446460586,sweep_mnist_dp_0p05,0.890329547161673,xfedalign_median,192,0.22955990836628928,0.14821212925606783,/mnt/data/ucpa_results_review/UCPA_Pilot_Study_outputs/outputs/sweep_mnist_dp_0p05/sweep_mnist_dp_0p05__seed6104__20261003-202031__59806deb,0.1373421426372341,clean,6104,0.9642,0.7641194661458334
0.2114109630170154,0.534515380859375,0.51678466796875,0.9827003678720526,0.9709897610921502,3880.0,aef55fd2a49b1276b48524fef75e841932e0c8ee5c69f582620e4523bf2ceda9,0.16916428535963254,core_mnist_patch,0.9599853898146344,cluster,192,0.30846584304858293,0.09070674440231288,/mnt/data/ucpa_results_review/UCPA_Pilot_Study_outputs/outputs/core_mnist_patch/core_mnist_patch__seed6105__20261003-014556__2285294e,0.12406698171638943,clean,6105,0.9318,0.74755859375
0.2403027613373098,0.534515380859375,0.51678466796875,0.9827003678720526,0.9709897610921502,3880.0,aef55fd2a49b1276b48524fef75e841932e0c8ee5c69f582620e4523bf2ceda9,0.27268184022391323,core_mnist_patch,0.9448545794468373,fedattr_mean,192,0.0,1.6865783031228744e-17,/mnt/data/ucpa_results_review/UCPA_Pilot_Study_outputs/outputs/core_mnist_patch/core_mnist_patch__seed6105__20261003-014556__2285294e,0.33031925552166214,clean,6105,0.9318,0.46822102864583337
0.22824599085995337,0.534515380859375,0.51678466796875,0.9827003678720526,0.9709897610921502,0.0,aef55fd2a49b1276b48524fef75e841932e0c8ee5c69f582620e4523bf2ceda9,0.16614835863826255,core_mnist_patch,0.9599731722361564,local,192,0.38269018764640883,0.2690021474874051,/mnt/data/ucpa_results_review/UCPA_Pilot_Study_outputs/outputs/core_mnist_patch/core_mnist_patch__seed6105__20261003-014556__2285294e,0.09736284385412186,clean,6105,0.9318,0.885009765625
0.22811232075512886,0.534515380859375,0.51678466796875,0.9827003678720526,0.9709897610921502,9000.0,aef55fd2a49b1276b48524fef75e841932e0c8ee5c69f582620e4523bf2ceda9,0.16934227315772055,core_mnist_patch,0.9601209434661238,ucpa,192,0.382523823772087,1.769066333745207e-05,/mnt/data/ucpa_results_review/UCPA_Pilot_Study_outputs/outputs/core_mnist_patch/core_mnist_patch__seed6105__20261003-014556__2285294e,0.11695421807642287,clean,6105,0.9318,0.7580159505208333
0.2188324660955171,0.534515380859375,0.51678466796875,0.9827003678720526,0.9709897610921502,9000.0,aef55fd2a49b1276b48524fef75e841932e0c8ee5c69f582620e4523bf2ceda9,0.16944462136416405,core_mnist_patch,0.960136948360984,ucpa_coord_only,192,0.35286390323967737,0.019762621765666337,/mnt/data/ucpa_results_review/UCPA_Pilot_Study_outputs/outputs/core_mnist_patch/core_mnist_patch__seed6105__20261003-014556__2285294e,0.11713837520544076,clean,6105,0.9318,0.7516682942708333
0.2275654635632746,0.534515380859375,0.51678466796875,0.9827003678720526,0.9709897610921502,9000.0,aef55fd2a49b1276b48524fef75e841932e0c8ee5c69f582620e4523bf2ceda9,0.16929066319159272,core_mnist_patch,0.960114420762208,ucpa_whole_only,192,0.38193424641761126,0.00012418026013262423,/mnt/data/ucpa_results_review/UCPA_Pilot_Study_outputs/outputs/core_mnist_patch/core_mnist_patch__seed6105__20261003-014556__2285294e,0.11693387774934957,clean,6105,0.9318,0.757568359375
0.22023632410815241,0.534515380859375,0.51678466796875,0.9827003678720526,0.9709897610921502,3880.0,aef55fd2a49b1276b48524fef75e841932e0c8ee5c69f582620e4523bf2ceda9,0.17204983665117957,core_mnist_patch,0.9600326538571002,xfedalign_median,192,0.26966415854886305,0.21521894816878026,/mnt/data/ucpa_results_review/UCPA_Pilot_Study_outputs/outputs/core_mnist_patch/core_mnist_patch__seed6105__20261003-014556__2285294e,0.1235264300099139,clean,6105,0.9318,0.7892659505208334
0.23174791055147567,0.546417236328125,0.52581787109375,0.9737474661353978,0.9202127659574468,3880.0,aef55fd2a49b1276b48524fef75e841932e0c8ee5c69f582620e4523bf2ceda9,0.16493710325084976,core_mnist_patch,0.9256773058838006,cluster,192,0.28786781758743424,0.09121698394917492,/mnt/data/ucpa_results_review/UCPA_Pilot_Study_outputs/outputs/core_mnist_patch/core_mnist_patch__seed6104__20261003-013331__47f926eb,0.13718672828338777,clean,6104,0.9395,0.7729899088541667
0.21723700202670096,0.546417236328125,0.52581787109375,0.9737474661353978,0.9202127659574468,3880.0,aef55fd2a49b1276b48524fef75e841932e0c8ee5c69f582620e4523bf2ceda9,0.2545482870507233,core_mnist_patch,0.9053290415792918,fedattr_mean,192,0.0,1.3414433148845144e-17,/mnt/data/ucpa_results_review/UCPA_Pilot_Study_outputs/outputs/core_mnist_patch/core_mnist_patch__seed6104__20261003-013331__47f926eb,0.3272987220286231,clean,6104,0.9395,0.4657796223958333
0.26321122328130286,0.546417236328125,0.52581787109375,0.9737474661353978,0.9202127659574468,0.0,aef55fd2a49b1276b48524fef75e841932e0c8ee5c69f582620e4523bf2ceda9,0.16180511660519792,core_mnist_patch,0.9274259951130641,local,192,0.3790236135352559,0.2580256002266445,/mnt/data/ucpa_results_review/UCPA_Pilot_Study_outputs/outputs/core_mnist_patch/core_mnist_patch__seed6104__20261003-013331__47f926eb,0.11464028991170733,clean,6104,0.9395,0.8716634114583334
0.26308883851149867,0.546417236328125,0.52581787109375,0.9737474661353978,0.9202127659574468,9000.0,aef55fd2a49b1276b48524fef75e841932e0c8ee5c69f582620e4523bf2ceda9,0.16479631439069634,core_mnist_patch,0.92500847225571,ucpa,192,0.37883635895603607,1.9609771032690448e-05,/mnt/data/ucpa_results_review/UCPA_Pilot_Study_outputs/outputs/core_mnist_patch/core_mnist_patch__seed6104__20261003-013331__47f926eb,0.13563494308762242,clean,6104,0.9395,0.7508138020833334
0.25171713021606174,0.546417236328125,0.52581787109375,0.9737474661353978,0.9202127659574468,9000.0,aef55fd2a49b1276b48524fef75e841932e0c8ee5c69f582620e4523bf2ceda9,0.16483296117742913,core_mnist_patch,0.9252264426373585,ucpa_coord_only,192,0.35500670494724257,0.01679721892125853,/mnt/data/ucpa_results_review/UCPA_Pilot_Study_outputs/outputs/core_mnist_patch/core_mnist_patch__seed6104__20261003-013331__47f926eb,0.1353385517724656,clean,6104,0.9395,0.75048828125
0.26263947492657247,0.546417236328125,0.52581787109375,0.9737474661353978,0.9202127659574468,9000.0,aef55fd2a49b1276b48524fef75e841932e0c8ee5c69f582620e4523bf2ceda9,0.16479810779589266,core_mnist_patch,0.9250124117696032,ucpa_whole_only,192,0.37817129178264214,0.00011483992504334447,/mnt/data/ucpa_results_review/UCPA_Pilot_Study_outputs/outputs/core_mnist_patch/core_mnist_patch__seed6104__20261003-013331__47f926eb,0.13556939654227174,clean,6104,0.9395,0.7508951822916666
0.24188835722667518,0.546417236328125,0.52581787109375,0.9737474661353978,0.9202127659574468,3880.0,aef55fd2a49b1276b48524fef75e841932e0c8ee5c69f582620e4523bf2ceda9,0.16747228081888654,core_mnist_patch,0.9276004993391325,xfedalign_median,192,0.2638316303951126,0.1937769388056907,/mnt/data/ucpa_results_review/UCPA_Pilot_Study_outputs/outputs/core_mnist_patch/core_mnist_patch__seed6104__20261003-013331__47f926eb,0.13868078502891892,clean,6104,0.9395,0.7811279296875
0.24039005202178768,0.516265869140625,0.55487060546875,0.967840792015783,0.9179487179487179,3880.0,aef55fd2a49b1276b48524fef75e841932e0c8ee5c69f582620e4523bf2ceda9,0.17426253031426314,core_mnist_patch,0.947635903507277,cluster,192,0.26306767248879187,0.08926312845593513,/mnt/data/ucpa_results_review/UCPA_Pilot_Study_outputs/outputs/core_mnist_patch/core_mnist_patch__seed6103__20261003-012055__06728e09,0.131564531108778,clean,6103,0.9002,0.7733561197916667
0.22415751401807124,0.516265869140625,0.55487060546875,0.967840792015783,0.9179487179487179,3880.0,aef55fd2a49b1276b48524fef75e841932e0c8ee5c69f582620e4523bf2ceda9,0.2641062839530605,core_mnist_patch,0.926026025285076,fedattr_mean,192,0.0,1.898470425199055e-17,/mnt/data/ucpa_results_review/UCPA_Pilot_Study_outputs/outputs/core_mnist_patch/core_mnist_patch__seed6103__20261003-012055__06728e09,0.3263846393525205,clean,6103,0.9002,0.4710286458333333
0.2752560425971048,0.516265869140625,0.55487060546875,0.967840792015783,0.9179487179487179,0.0,aef55fd2a49b1276b48524fef75e841932e0c8ee5c69f582620e4523bf2ceda9,0.17218720249902617,core_mnist_patch,0.9484613017004448,local,192,0.3652473394071947,0.24942249978214578,/mnt/data/ucpa_results_review/UCPA_Pilot_Study_outputs/outputs/core_mnist_patch/core_mnist_patch__seed6103__20261003-012055__06728e09,0.10839448703472973,clean,6103,0.9002,0.864990234375
0.27517119590515837,0.516265869140625,0.55487060546875,0.967840792015783,0.9179487179487179,9000.0,aef55fd2a49b1276b48524fef75e841932e0c8ee5c69f582620e4523bf2ceda9,0.17537477119080908,core_mnist_patch,0.9482209514826536,ucpa,192,0.3651189454926494,1.402950039538518e-05,/mnt/data/ucpa_results_review/UCPA_Pilot_Study_outputs/outputs/core_mnist_patch/core_mnist_patch__seed6103__20261003-012055__06728e09,0.1275273421847236,clean,6103,0.9002,0.7626139322916667
0.26667473813595144,0.516265869140625,0.55487060546875,0.967840792015783,0.9179487179487179,9000.0,aef55fd2a49b1276b48524fef75e841932e0c8ee5c69f582620e4523bf2ceda9,0.17551348124529798,core_mnist_patch,0.9484082108615742,ucpa_coord_only,192,0.347468327800637,0.010760326894920447,/mnt/data/ucpa_results_review/UCPA_Pilot_Study_outputs/outputs/core_mnist_patch/core_mnist_patch__seed6103__20261003-012055__06728e09,0.12725446649260513,clean,6103,0.9002,0.761962890625
0.2746269443837724,0.516265869140625,0.55487060546875,0.967840792015783,0.9179487179487179,9000.0,aef55fd2a49b1276b48524fef75e841932e0c8ee5c69f582620e4523bf2ceda9,0.17540642529643263,core_mnist_patch,0.9481918567907996,ucpa_whole_only,192,0.3642732112000168,0.00014797657200566993,/mnt/data/ucpa_results_review/UCPA_Pilot_Study_outputs/outputs/core_mnist_patch/core_mnist_patch__seed6103__20261003-012055__06728e09,0.12746877366527562,clean,6103,0.9002,0.762451171875
0.2530085521269751,0.516265869140625,0.55487060546875,0.967840792015783,0.9179487179487179,3880.0,aef55fd2a49b1276b48524fef75e841932e0c8ee5c69f582620e4523bf2ceda9,0.17487021670012837,core_mnist_patch,0.9471157667382311,xfedalign_median,192,0.24979471948240495,0.17691924566000686,/mnt/data/ucpa_results_review/UCPA_Pilot_Study_outputs/outputs/core_mnist_patch/core_mnist_patch__seed6103__20261003-012055__06728e09,0.13242198696655377,clean,6103,0.9002,0.7759602864583333
0.2078298575180564,0.505767822265625,0.52484130859375,0.9819145275793602,0.9484536082474226,3880.0,aef55fd2a49b1276b48524fef75e841932e0c8ee5c69f582620e4523bf2ceda9,0.1768383322098392,core_mnist_patch,0.9528881351655097,cluster,192,0.30088894411353223,0.08444578795191755,/mnt/data/ucpa_results_review/UCPA_Pilot_Study_outputs/outputs/core_mnist_patch/core_mnist_patch__seed6101__20261003-005618__86aa4311,0.13336862690709372,clean,6101,0.9574,0.7701009114583333
0.22857311306245937,0.505767822265625,0.52484130859375,0.9819145275793602,0.9484536082474226,3880.0,aef55fd2a49b1276b48524fef75e841932e0c8ee5c69f582620e4523bf2ceda9,0.27183853827267135,core_mnist_patch,0.9256613153460421,fedattr_mean,192,0.0,1.1809218339144047e-17,/mnt/data/ucpa_results_review/UCPA_Pilot_Study_outputs/outputs/core_mnist_patch/core_mnist_patch__seed6101__20261003-005618__86aa4311,0.3245216607035972,clean,6101,0.9574,0.4667154947916667
0.23176909969497866,0.505767822265625,0.52484130859375,0.9819145275793602,0.9484536082474226,0.0,aef55fd2a49b1276b48524fef75e841932e0c8ee5c69f582620e4523bf2ceda9,0.17493423590673654,core_mnist_patch,0.9529788447174118,local,192,0.3733990050265944,0.2716714955162313,/mnt/data/ucpa_results_review/UCPA_Pilot_Study_outputs/outputs/core_mnist_patch/core_mnist_patch__seed6101__20261003-005618__86aa4311,0.1123590995534886,clean,6101,0.9574,0.8852945963541666
0.23167224272375658,0.505767822265625,0.52484130859375,0.9819145275793602,0.9484536082474226,9000.0,aef55fd2a49b1276b48524fef75e841932e0c8ee5c69f582620e4523bf2ceda9,0.17876109740460985,core_mnist_patch,0.9518733424158806,ucpa,192,0.3732610269308003,1.548374560742038e-05,/mnt/data/ucpa_results_review/UCPA_Pilot_Study_outputs/outputs/core_mnist_patch/core_mnist_patch__seed6101__20261003-005618__86aa4311,0.13171483820038415,clean,6101,0.9574,0.7672932942708333
0.22276362771366653,0.505767822265625,0.52484130859375,0.9819145275793602,0.9484536082474226,9000.0,aef55fd2a49b1276b48524fef75e841932e0c8ee5c69f582620e4523bf2ceda9,0.17870063197115088,core_mnist_patch,0.9527889371029838,ucpa_coord_only,192,0.3544609026242372,0.0124903481982577,/mnt/data/ucpa_results_review/UCPA_Pilot_Study_outputs/outputs/core_mnist_patch/core_mnist_patch__seed6101__20261003-005618__86aa4311,0.13101870300506457,clean,6101,0.9574,0.7649332682291666
0.23107197627931159,0.505767822265625,0.52484130859375,0.9819145275793602,0.9484536082474226,9000.0,aef55fd2a49b1276b48524fef75e841932e0c8ee5c69f582620e4523bf2ceda9,0.1786717116415275,core_mnist_patch,0.9518850628466073,ucpa_whole_only,192,0.3724281495717873,0.00016279938582174387,/mnt/data/ucpa_results_review/UCPA_Pilot_Study_outputs/outputs/core_mnist_patch/core_mnist_patch__seed6101__20261003-005618__86aa4311,0.1316621606830543,clean,6101,0.9574,0.7665201822916667
0.2206540550206182,0.505767822265625,0.52484130859375,0.9819145275793602,0.9484536082474226,3880.0,aef55fd2a49b1276b48524fef75e841932e0c8ee5c69f582620e4523bf2ceda9,0.18000588813350382,core_mnist_patch,0.9525631665334611,xfedalign_median,192,0.26222634471422396,0.19760714280185537,/mnt/data/ucpa_results_review/UCPA_Pilot_Study_outputs/outputs/core_mnist_patch/core_mnist_patch__seed6101__20261003-005618__86aa4311,0.1352091372007504,clean,6101,0.9574,0.7986653645833333
0.22309621493824353,0.53240966796875,0.5489501953125,0.9751497892019677,0.9369024856596558,3880.0,aef55fd2a49b1276b48524fef75e841932e0c8ee5c69f582620e4523bf2ceda9,0.18008885713119677,core_mnist_patch,0.9279776938209883,cluster,192,0.30291957842440165,0.0786309240476806,/mnt/data/ucpa_results_review/UCPA_Pilot_Study_outputs/outputs/core_mnist_patch/core_mnist_patch__seed6102__20261003-010850__b52783b4,0.13565606256901175,clean,6102,0.96,0.7694905598958333
0.19176106480521846,0.53240966796875,0.5489501953125,0.9751497892019677,0.9369024856596558,3880.0,aef55fd2a49b1276b48524fef75e841932e0c8ee5c69f582620e4523bf2ceda9,0.2691179221739655,core_mnist_patch,0.9089406882618885,fedattr_mean,192,0.0,2.2350155953809476e-17,/mnt/data/ucpa_results_review/UCPA_Pilot_Study_outputs/outputs/core_mnist_patch/core_mnist_patch__seed6102__20261003-010850__b52783b4,0.3062516855043606,clean,6102,0.96,0.49072265625
0.2545636089519736,0.53240966796875,0.5489501953125,0.9751497892019677,0.9369024856596558,0.0,aef55fd2a49b1276b48524fef75e841932e0c8ee5c69f582620e4523bf2ceda9,0.17703442339995187,core_mnist_patch,0.9278797051049574,local,192,0.37787207550084195,0.24986062476769408,/mnt/data/ucpa_results_review/UCPA_Pilot_Study_outputs/outputs/core_mnist_patch/core_mnist_patch__seed6102__20261003-010850__b52783b4,0.11398583145580984,clean,6102,0.96,0.8701578776041667
0.254446580138663,0.53240966796875,0.5489501953125,0.9751497892019677,0.9369024856596558,9000.0,aef55fd2a49b1276b48524fef75e841932e0c8ee5c69f582620e4523bf2ceda9,0.18122970414860146,core_mnist_patch,0.9263110934121566,ucpa,192,0.37770144630095226,2.1124194794642283e-05,/mnt/data/ucpa_results_review/UCPA_Pilot_Study_outputs/outputs/core_mnist_patch/core_mnist_patch__seed6102__20261003-010850__b52783b4,0.13554364676652603,clean,6102,0.96,0.7578938802083333
0.24369768772435083,0.53240966796875,0.5489501953125,0.9751497892019677,0.9369024856596558,9000.0,aef55fd2a49b1276b48524fef75e841932e0c8ee5c69f582620e4523bf2ceda9,0.1806185378165689,core_mnist_patch,0.9269186317265545,ucpa_coord_only,192,0.35505220919717345,0.016103545829659213,/mnt/data/ucpa_results_review/UCPA_Pilot_Study_outputs/outputs/core_mnist_patch/core_mnist_patch__seed6102__20261003-010850__b52783b4,0.13485906750700022,clean,6102,0.96,0.7558186848958333
0.25381983024014587,0.53240966796875,0.5489501953125,0.9751497892019677,0.9369024856596558,9000.0,aef55fd2a49b1276b48524fef75e841932e0c8ee5c69f582620e4523bf2ceda9,0.18111224496041511,core_mnist_patch,0.9263645198240131,ucpa_whole_only,192,0.3768564137095526,0.00017291174055624194,/mnt/data/ucpa_results_review/UCPA_Pilot_Study_outputs/outputs/core_mnist_patch/core_mnist_patch__seed6102__20261003-010850__b52783b4,0.13548583378253776,clean,6102,0.96,0.7572835286458333
0.22998070458999878,0.53240966796875,0.5489501953125,0.9751497892019677,0.9369024856596558,3880.0,aef55fd2a49b1276b48524fef75e841932e0c8ee5c69f582620e4523bf2ceda9,0.1820251074516515,core_mnist_patch,0.9279038550853026,xfedalign_median,192,0.2589098481308963,0.18073409788826575,/mnt/data/ucpa_results_review/UCPA_Pilot_Study_outputs/outputs/core_mnist_patch/core_mnist_patch__seed6102__20261003-010850__b52783b4,0.1337744095207514,clean,6102,0.96,0.77490234375
0.23211712344773142,0.5364990234375,0.54437255859375,0.9354182054806377,0.7440944881889764,3880.0,7f60b8e75a09302bd1648f21f58e62a618b8e9aa91957827b574124530c88a37,0.15525812699343078,sweep_mnist_dp_0p1,0.8829520142969463,cluster,192,0.29530010363708825,0.08359522316997287,/mnt/data/ucpa_results_review/UCPA_Pilot_Study_outputs/outputs/sweep_mnist_dp_0p1/sweep_mnist_dp_0p1__seed6102__20261003-205914__64fb4420,0.1416256415456418,clean,6102,0.966,0.7621256510416667
0.1688194762164727,0.5364990234375,0.54437255859375,0.9354182054806377,0.7440944881889764,3880.0,7f60b8e75a09302bd1648f21f58e62a618b8e9aa91957827b574124530c88a37,0.21464675494031932,sweep_mnist_dp_0p1,0.8519527746559106,fedattr_mean,192,0.0,1.4715877293975556e-17,/mnt/data/ucpa_results_review/UCPA_Pilot_Study_outputs/outputs/sweep_mnist_dp_0p1/sweep_mnist_dp_0p1__seed6102__20261003-205914__64fb4420,0.2828087926555707,clean,6102,0.966,0.5211181640625
0.27634915363269497,0.5364990234375,0.54437255859375,0.9354182054806377,0.7440944881889764,0.0,7f60b8e75a09302bd1648f21f58e62a618b8e9aa91957827b574124530c88a37,0.14963935930863953,sweep_mnist_dp_0p1,0.8822948344393808,local,192,0.38870108219389576,0.24235801099957804,/mnt/data/ucpa_results_review/UCPA_Pilot_Study_outputs/outputs/sweep_mnist_dp_0p1/sweep_mnist_dp_0p1__seed6102__20261003-205914__64fb4420,0.125778683894644,clean,6102,0.966,0.8221435546875
0.27627909133962203,0.5364990234375,0.54437255859375,0.9354182054806377,0.7440944881889764,9000.0,7f60b8e75a09302bd1648f21f58e62a618b8e9aa91957827b574124530c88a37,0.15448228897815475,sweep_mnist_dp_0p1,0.8809493664193724,ucpa,192,0.3885914462401357,1.635837495665078e-05,/mnt/data/ucpa_results_review/UCPA_Pilot_Study_outputs/outputs/sweep_mnist_dp_0p1/sweep_mnist_dp_0p1__seed6102__20261003-205914__64fb4420,0.14608975206839864,clean,6102,0.966,0.7386067708333333
0.26632061966461595,0.5364990234375,0.54437255859375,0.9354182054806377,0.7440944881889764,9000.0,7f60b8e75a09302bd1648f21f58e62a618b8e9aa91957827b574124530c88a37,0.15418889785263068,sweep_mnist_dp_0p1,0.8806460338976951,ucpa_coord_only,192,0.3690344312981952,0.015023214739672922,/mnt/data/ucpa_results_review/UCPA_Pilot_Study_outputs/outputs/sweep_mnist_dp_0p1/sweep_mnist_dp_0p1__seed6102__20261003-205914__64fb4420,0.1452427812663947,clean,6102,0.966,0.7367757161458333
0.27588397465519443,0.5364990234375,0.54437255859375,0.9354182054806377,0.7440944881889764,9000.0,7f60b8e75a09302bd1648f21f58e62a618b8e9aa91957827b574124530c88a37,0.15445812699508676,sweep_mnist_dp_0p1,0.8808962461623498,ucpa_whole_only,192,0.3880897564480844,9.6521780448449e-05,/mnt/data/ucpa_results_review/UCPA_Pilot_Study_outputs/outputs/sweep_mnist_dp_0p1/sweep_mnist_dp_0p1__seed6102__20261003-205914__64fb4420,0.14603137562916851,clean,6102,0.966,0.7384033203125
0.24557022201268436,0.5364990234375,0.54437255859375,0.9354182054806377,0.7440944881889764,3880.0,7f60b8e75a09302bd1648f21f58e62a618b8e9aa91957827b574124530c88a37,0.154201074625477,sweep_mnist_dp_0p1,0.8829211128235328,xfedalign_median,192,0.2593157818020912,0.17342002016900968,/mnt/data/ucpa_results_review/UCPA_Pilot_Study_outputs/outputs/sweep_mnist_dp_0p1/sweep_mnist_dp_0p1__seed6102__20261003-205914__64fb4420,0.1420199865452509,clean,6102,0.966,0.7569986979166667
0.2473971773830414,0.538848876953125,0.55340576171875,0.9384811335066237,0.8514851485148515,3880.0,7f60b8e75a09302bd1648f21f58e62a618b8e9aa91957827b574124530c88a37,0.16569806308762053,sweep_mnist_dp_0p1,0.8946524184769562,cluster,192,0.29090507213411265,0.07982716995565221,/mnt/data/ucpa_results_review/UCPA_Pilot_Study_outputs/outputs/sweep_mnist_dp_0p1/sweep_mnist_dp_0p1__seed6105__20261003-213727__a8204c90,0.13501364098292745,clean,6105,0.9451,0.7610677083333334
0.1932725765123497,0.538848876953125,0.55340576171875,0.9384811335066237,0.8514851485148515,3880.0,7f60b8e75a09302bd1648f21f58e62a618b8e9aa91957827b574124530c88a37,0.2244017995565931,sweep_mnist_dp_0p1,0.8602514076616595,fedattr_mean,192,0.0,1.943274198083193e-17,/mnt/data/ucpa_results_review/UCPA_Pilot_Study_outputs/outputs/sweep_mnist_dp_0p1/sweep_mnist_dp_0p1__seed6105__20261003-213727__a8204c90,0.2784510475915435,clean,6105,0.9451,0.5308024088541667
0.28531102506439754,0.538848876953125,0.55340576171875,0.9384811335066237,0.8514851485148515,0.0,7f60b8e75a09302bd1648f21f58e62a618b8e9aa91957827b574124530c88a37,0.16217822613980387,sweep_mnist_dp_0p1,0.8953470222089285,local,192,0.3740851387357933,0.23548747934133143,/mnt/data/ucpa_results_review/UCPA_Pilot_Study_outputs/outputs/sweep_mnist_dp_0p1/sweep_mnist_dp_0p1__seed6105__20261003-213727__a8204c90,0.11741545011293633,clean,6105,0.9451,0.8466796875
0.2852197764697461,0.538848876953125,0.55340576171875,0.9384811335066237,0.8514851485148515,9000.0,7f60b8e75a09302bd1648f21f58e62a618b8e9aa91957827b574124530c88a37,0.1653141046719005,sweep_mnist_dp_0p1,0.8937734550253178,ucpa,192,0.3738952919644051,1.9616176525939736e-05,/mnt/data/ucpa_results_review/UCPA_Pilot_Study_outputs/outputs/sweep_mnist_dp_0p1/sweep_mnist_dp_0p1__seed6105__20261003-213727__a8204c90,0.13785588552357897,clean,6105,0.9451,0.7486572265625
0.2734195071257169,0.538848876953125,0.55340576171875,0.9384811335066237,0.8514851485148515,9000.0,7f60b8e75a09302bd1648f21f58e62a618b8e9aa91957827b574124530c88a37,0.16517638566389603,sweep_mnist_dp_0p1,0.8942168808202646,ucpa_coord_only,192,0.3475556045527179,0.01946482316097826,/mnt/data/ucpa_results_review/UCPA_Pilot_Study_outputs/outputs/sweep_mnist_dp_0p1/sweep_mnist_dp_0p1__seed6105__20261003-213727__a8204c90,0.13675400333754162,clean,6105,0.9451,0.7440999348958333
0.2848188360906838,0.538848876953125,0.55340576171875,0.9384811335066237,0.8514851485148515,9000.0,7f60b8e75a09302bd1648f21f58e62a618b8e9aa91957827b574124530c88a37,0.1652966846129857,sweep_mnist_dp_0p1,0.8937543412592883,ucpa_whole_only,192,0.37327155451554317,0.0001146620792860652,/mnt/data/ucpa_results_review/UCPA_Pilot_Study_outputs/outputs/sweep_mnist_dp_0p1/sweep_mnist_dp_0p1__seed6105__20261003-213727__a8204c90,0.13777216871773829,clean,6105,0.9451,0.7473551432291666
0.2568090409872961,0.538848876953125,0.55340576171875,0.9384811335066237,0.8514851485148515,3880.0,7f60b8e75a09302bd1648f21f58e62a618b8e9aa91957827b574124530c88a37,0.16457156105558776,sweep_mnist_dp_0p1,0.8950241332592366,xfedalign_median,192,0.2505725803069279,0.1689621012380503,/mnt/data/ucpa_results_review/UCPA_Pilot_Study_outputs/outputs/sweep_mnist_dp_0p1/sweep_mnist_dp_0p1__seed6105__20261003-213727__a8204c90,0.1340702395043955,clean,6105,0.9451,0.7716471354166667
0.23150669389811257,0.510589599609375,0.502532958984375,0.9593727460979786,0.9157509157509157,3880.0,7f60b8e75a09302bd1648f21f58e62a618b8e9aa91957827b574124530c88a37,0.16620611134846208,sweep_mnist_dp_0p1,0.8953336172268678,cluster,192,0.2892210429533392,0.08227066701431074,/mnt/data/ucpa_results_review/UCPA_Pilot_Study_outputs/outputs/sweep_mnist_dp_0p1/sweep_mnist_dp_0p1__seed6101__20261003-204624__389bed5b,0.14383708096041573,clean,6101,0.9697,0.7715657552083334
0.17884273612052198,0.510589599609375,0.502532958984375,0.9593727460979786,0.9157509157509157,3880.0,7f60b8e75a09302bd1648f21f58e62a618b8e9aa91957827b574124530c88a37,0.22315446786860493,sweep_mnist_dp_0p1,0.8597895302860706,fedattr_mean,192,0.0,1.8641364361360352e-17,/mnt/data/ucpa_results_review/UCPA_Pilot_Study_outputs/outputs/sweep_mnist_dp_0p1/sweep_mnist_dp_0p1__seed6101__20261003-204624__389bed5b,0.28652734003211133,clean,6101,0.9697,0.525146484375
0.2718797027898493,0.510589599609375,0.502532958984375,0.9593727460979786,0.9157509157509157,0.0,7f60b8e75a09302bd1648f21f58e62a618b8e9aa91957827b574124530c88a37,0.16511989565715338,sweep_mnist_dp_0p1,0.896656165864897,local,192,0.3812355271666494,0.2448097130515075,/mnt/data/ucpa_results_review/UCPA_Pilot_Study_outputs/outputs/sweep_mnist_dp_0p1/sweep_mnist_dp_0p1__seed6101__20261003-204624__389bed5b,0.12840990620319037,clean,6101,0.9697,0.8442789713541667
0.27178659412006556,0.510589599609375,0.502532958984375,0.9593727460979786,0.9157509157509157,9000.0,7f60b8e75a09302bd1648f21f58e62a618b8e9aa91957827b574124530c88a37,0.16779718212710576,sweep_mnist_dp_0p1,0.89382818988967,ucpa,192,0.3811151951415528,1.48430977690037e-05,/mnt/data/ucpa_results_review/UCPA_Pilot_Study_outputs/outputs/sweep_mnist_dp_0p1/sweep_mnist_dp_0p1__seed6101__20261003-204624__389bed5b,0.14739981335253144,clean,6101,0.9697,0.7529703776041666
0.2617496660355852,0.510589599609375,0.502532958984375,0.9593727460979786,0.9157509157509157,9000.0,7f60b8e75a09302bd1648f21f58e62a618b8e9aa91957827b574124530c88a37,0.16774055775919502,sweep_mnist_dp_0p1,0.8941304918584033,ucpa_coord_only,192,0.3607800044738396,0.01386211323286159,/mnt/data/ucpa_results_review/UCPA_Pilot_Study_outputs/outputs/sweep_mnist_dp_0p1/sweep_mnist_dp_0p1__seed6101__20261003-204624__389bed5b,0.14648062760408354,clean,6101,0.9697,0.748291015625
0.27118212070647957,0.510589599609375,0.502532958984375,0.9593727460979786,0.9157509157509157,9000.0,7f60b8e75a09302bd1648f21f58e62a618b8e9aa91957827b574124530c88a37,0.16762797958260003,sweep_mnist_dp_0p1,0.8938230635487343,ucpa_whole_only,192,0.3802493233166238,0.00016870458250609006,/mnt/data/ucpa_results_review/UCPA_Pilot_Study_outputs/outputs/sweep_mnist_dp_0p1/sweep_mnist_dp_0p1__seed6101__20261003-204624__389bed5b,0.147291946706642,clean,6101,0.9697,0.752685546875
0.24412345448197353,0.510589599609375,0.502532958984375,0.9593727460979786,0.9157509157509157,3880.0,7f60b8e75a09302bd1648f21f58e62a618b8e9aa91957827b574124530c88a37,0.16723436743838344,sweep_mnist_dp_0p1,0.896864229289046,xfedalign_median,192,0.2574461340110358,0.17860086638762804,/mnt/data/ucpa_results_review/UCPA_Pilot_Study_outputs/outputs/sweep_mnist_dp_0p1/sweep_mnist_dp_0p1__seed6101__20261003-204624__389bed5b,0.1451671599269203,clean,6101,0.9697,0.7743733723958333
0.2323658819084028,0.537445068359375,0.534881591796875,0.9472351753924035,0.8620689655172413,3880.0,7f60b8e75a09302bd1648f21f58e62a618b8e9aa91957827b574124530c88a37,0.15625240726124806,sweep_mnist_dp_0p1,0.8900961560776826,cluster,192,0.27686952356067773,0.0855011420129877,/mnt/data/ucpa_results_review/UCPA_Pilot_Study_outputs/outputs/sweep_mnist_dp_0p1/sweep_mnist_dp_0p1__seed6104__20261003-212440__71707181,0.13960591152427576,clean,6104,0.9642,0.7683512369791666
0.1773658690435289,0.537445068359375,0.534881591796875,0.9472351753924035,0.8620689655172413,3880.0,7f60b8e75a09302bd1648f21f58e62a618b8e9aa91957827b574124530c88a37,0.20834920927736678,sweep_mnist_dp_0p1,0.8684441806920707,fedattr_mean,192,0.0,1.8958649106721913e-17,/mnt/data/ucpa_results_review/UCPA_Pilot_Study_outputs/outputs/sweep_mnist_dp_0p1/sweep_mnist_dp_0p1__seed6104__20261003-212440__71707181,0.28447118991455417,clean,6104,0.9642,0.5157470703125
0.2749248718368733,0.537445068359375,0.534881591796875,0.9472351753924035,0.8620689655172413,0.0,7f60b8e75a09302bd1648f21f58e62a618b8e9aa91957827b574124530c88a37,0.15311643829845706,sweep_mnist_dp_0p1,0.8907495343153036,local,192,0.3784318891574753,0.23685361734429133,/mnt/data/ucpa_results_review/UCPA_Pilot_Study_outputs/outputs/sweep_mnist_dp_0p1/sweep_mnist_dp_0p1__seed6104__20261003-212440__71707181,0.12204801458378269,clean,6104,0.9642,0.8299560546875
0.274809157387095,0.537445068359375,0.534881591796875,0.9472351753924035,0.8620689655172413,9000.0,7f60b8e75a09302bd1648f21f58e62a618b8e9aa91957827b574124530c88a37,0.1555204231090708,sweep_mnist_dp_0p1,0.8879458849599663,ucpa,192,0.3782610808396906,1.9308861498124593e-05,/mnt/data/ucpa_results_review/UCPA_Pilot_Study_outputs/outputs/sweep_mnist_dp_0p1/sweep_mnist_dp_0p1__seed6104__20261003-212440__71707181,0.14324120657116163,clean,6104,0.9642,0.7415364583333334
0.26217283580162487,0.537445068359375,0.534881591796875,0.9472351753924035,0.8620689655172413,9000.0,7f60b8e75a09302bd1648f21f58e62a618b8e9aa91957827b574124530c88a37,0.15544435152284375,sweep_mnist_dp_0p1,0.8880215083920726,ucpa_coord_only,192,0.3512487276933525,0.020290465998852217,/mnt/data/ucpa_results_review/UCPA_Pilot_Study_outputs/outputs/sweep_mnist_dp_0p1/sweep_mnist_dp_0p1__seed6104__20261003-212440__71707181,0.1422116777417069,clean,6104,0.9642,0.7374674479166666
0.2743239687131958,0.537445068359375,0.534881591796875,0.9472351753924035,0.8620689655172413,9000.0,7f60b8e75a09302bd1648f21f58e62a618b8e9aa91957827b574124530c88a37,0.15531160154375054,sweep_mnist_dp_0p1,0.8879746256119688,ucpa_whole_only,192,0.3776640759873712,0.00013021657834461263,/mnt/data/ucpa_results_review/UCPA_Pilot_Study_outputs/outputs/sweep_mnist_dp_0p1/sweep_mnist_dp_0p1__seed6104__20261003-212440__71707181,0.14314587943238946,clean,6104,0.9642,0.7418619791666666
0.2439708915903922,0.537445068359375,0.534881591796875,0.9472351753924035,0.8620689655172413,3880.0,7f60b8e75a09302bd1648f21f58e62a618b8e9aa91957827b574124530c88a37,0.15495861737726954,sweep_mnist_dp_0p1,0.889762547265127,xfedalign_median,192,0.25211915282281844,0.16799399600189452,/mnt/data/ucpa_results_review/UCPA_Pilot_Study_outputs/outputs/sweep_mnist_dp_0p1/sweep_mnist_dp_0p1__seed6104__20261003-212440__71707181,0.1387647338916772,clean,6104,0.9642,0.7666829427083333
0.22749371272653712,0.539642333984375,0.5589599609375,0.9276615131297082,0.7076923076923077,3880.0,7f60b8e75a09302bd1648f21f58e62a618b8e9aa91957827b574124530c88a37,0.1665599839174926,sweep_mnist_dp_0p1,0.8894263758838254,cluster,192,0.2715424867048671,0.0779726100586417,/mnt/data/ucpa_results_review/UCPA_Pilot_Study_outputs/outputs/sweep_mnist_dp_0p1/sweep_mnist_dp_0p1__seed6103__20261003-211141__493c0fe4,0.14420335429276146,clean,6103,0.9635,0.7596435546875
0.17018474425503927,0.539642333984375,0.5589599609375,0.9276615131297082,0.7076923076923077,3880.0,7f60b8e75a09302bd1648f21f58e62a618b8e9aa91957827b574124530c88a37,0.22008541672383522,sweep_mnist_dp_0p1,0.8599558928084055,fedattr_mean,192,0.0,1.2860936084062536e-17,/mnt/data/ucpa_results_review/UCPA_Pilot_Study_outputs/outputs/sweep_mnist_dp_0p1/sweep_mnist_dp_0p1__seed6103__20261003-211141__493c0fe4,0.30026119928871947,clean,6103,0.9635,0.49751790364583337
0.27333907562689563,0.539642333984375,0.5589599609375,0.9276615131297082,0.7076923076923077,0.0,7f60b8e75a09302bd1648f21f58e62a618b8e9aa91957827b574124530c88a37,0.1641173736267471,sweep_mnist_dp_0p1,0.8907147085104953,local,192,0.3624658157658609,0.23804909495070609,/mnt/data/ucpa_results_review/UCPA_Pilot_Study_outputs/outputs/sweep_mnist_dp_0p1/sweep_mnist_dp_0p1__seed6103__20261003-211141__493c0fe4,0.12698230772774136,clean,6103,0.9635,0.820556640625
0.2732750933497105,0.539642333984375,0.5589599609375,0.9276615131297082,0.7076923076923077,9000.0,7f60b8e75a09302bd1648f21f58e62a618b8e9aa91957827b574124530c88a37,0.16684967770640166,sweep_mnist_dp_0p1,0.8885035392772503,ucpa,192,0.362372777363569,9.705119771340213e-06,/mnt/data/ucpa_results_review/UCPA_Pilot_Study_outputs/outputs/sweep_mnist_dp_0p1/sweep_mnist_dp_0p1__seed6103__20261003-211141__493c0fe4,0.14642164114863626,clean,6103,0.9635,0.7402750651041666
0.26411597086726,0.539642333984375,0.5589599609375,0.9276615131297082,0.7076923076923077,9000.0,7f60b8e75a09302bd1648f21f58e62a618b8e9aa91957827b574124530c88a37,0.16687711628468,sweep_mnist_dp_0p1,0.888617059130047,ucpa_coord_only,192,0.34466098915993093,0.011794885321231444,/mnt/data/ucpa_results_review/UCPA_Pilot_Study_outputs/outputs/sweep_mnist_dp_0p1/sweep_mnist_dp_0p1__seed6103__20261003-211141__493c0fe4,0.14539236653313664,clean,6103,0.9635,0.7384033203125
0.272840675358064,0.539642333984375,0.5589599609375,0.9276615131297082,0.7076923076923077,9000.0,7f60b8e75a09302bd1648f21f58e62a618b8e9aa91957827b574124530c88a37,0.16682527940508105,sweep_mnist_dp_0p1,0.888461530594941,ucpa_whole_only,192,0.3617558238137998,9.921422738268664e-05,/mnt/data/ucpa_results_review/UCPA_Pilot_Study_outputs/outputs/sweep_mnist_dp_0p1/sweep_mnist_dp_0p1__seed6103__20261003-211141__493c0fe4,0.1463721891983763,clean,6103,0.9635,0.740234375
0.24334716141439167,0.539642333984375,0.5589599609375,0.9276615131297082,0.7076923076923077,3880.0,7f60b8e75a09302bd1648f21f58e62a618b8e9aa91957827b574124530c88a37,0.1668226969202806,sweep_mnist_dp_0p1,0.8900018639792203,xfedalign_median,192,0.24261579177674017,0.176464763325837,/mnt/data/ucpa_results_review/UCPA_Pilot_Study_outputs/outputs/sweep_mnist_dp_0p1/sweep_mnist_dp_0p1__seed6103__20261003-211141__493c0fe4,0.1472410990094795,clean,6103,0.9635,0.7507731119791666
0.23211712344773142,0.5364990234375,0.54437255859375,0.9354182054806377,0.7440944881889764,3880.0,d85aea4f06db0988b6b54faab8eadaef0716528c54518eac18dedd81d654b5b4,0.15525812699343078,sensitivity_mnist_z1_h0p048,0.8829520142969463,cluster,192,0.29530010363708825,0.08359522316997287,/mnt/data/ucpa_results_review/UCPA_Pilot_Study_outputs/outputs/sensitivity_mnist_z1_h0p048/sensitivity_mnist_z1_h0p048__seed6102__20261003-230746__6157b506,0.1416256415456418,clean,6102,0.966,0.7621256510416667
0.1688194762164727,0.5364990234375,0.54437255859375,0.9354182054806377,0.7440944881889764,3880.0,d85aea4f06db0988b6b54faab8eadaef0716528c54518eac18dedd81d654b5b4,0.21464675494031932,sensitivity_mnist_z1_h0p048,0.8519527746559106,fedattr_mean,192,0.0,1.4715877293975556e-17,/mnt/data/ucpa_results_review/UCPA_Pilot_Study_outputs/outputs/sensitivity_mnist_z1_h0p048/sensitivity_mnist_z1_h0p048__seed6102__20261003-230746__6157b506,0.2828087926555707,clean,6102,0.966,0.5211181640625
0.27634915363269497,0.5364990234375,0.54437255859375,0.9354182054806377,0.7440944881889764,0.0,d85aea4f06db0988b6b54faab8eadaef0716528c54518eac18dedd81d654b5b4,0.14963935930863953,sensitivity_mnist_z1_h0p048,0.8822948344393808,local,192,0.38870108219389576,0.24235801099957804,/mnt/data/ucpa_results_review/UCPA_Pilot_Study_outputs/outputs/sensitivity_mnist_z1_h0p048/sensitivity_mnist_z1_h0p048__seed6102__20261003-230746__6157b506,0.125778683894644,clean,6102,0.966,0.8221435546875
0.27631320244623747,0.5364990234375,0.54437255859375,0.9354182054806377,0.7440944881889764,9000.0,d85aea4f06db0988b6b54faab8eadaef0716528c54518eac18dedd81d654b5b4,0.15449234905475653,sensitivity_mnist_z1_h0p048,0.8809468843515788,ucpa,192,0.388632854358642,1.0972921088908456e-05,/mnt/data/ucpa_results_review/UCPA_Pilot_Study_outputs/outputs/sensitivity_mnist_z1_h0p048/sensitivity_mnist_z1_h0p048__seed6102__20261003-230746__6157b506,0.14609240810775082,clean,6102,0.966,0.7386474609375
0.2695004371674394,0.5364990234375,0.54437255859375,0.9354182054806377,0.7440944881889764,9000.0,d85aea4f06db0988b6b54faab8eadaef0716528c54518eac18dedd81d654b5b4,0.1543327767934291,sensitivity_mnist_z1_h0p048,0.880628408050446,ucpa_coord_only,192,0.3744652238409086,0.011881581636316384,/mnt/data/ucpa_results_review/UCPA_Pilot_Study_outputs/outputs/sensitivity_mnist_z1_h0p048/sensitivity_mnist_z1_h0p048__seed6102__20261003-230746__6157b506,0.14557139883526693,clean,6102,0.966,0.7360432942708334
0.27588397465519443,0.5364990234375,0.54437255859375,0.9354182054806377,0.7440944881889764,9000.0,d85aea4f06db0988b6b54faab8eadaef0716528c54518eac18dedd81d654b5b4,0.15445812699508676,sensitivity_mnist_z1_h0p048,0.8808962461623498,ucpa_whole_only,192,0.3880897564480844,9.6521780448449e-05,/mnt/data/ucpa_results_review/UCPA_Pilot_Study_outputs/outputs/sensitivity_mnist_z1_h0p048/sensitivity_mnist_z1_h0p048__seed6102__20261003-230746__6157b506,0.14603137562916851,clean,6102,0.966,0.7384033203125
0.24557022201268436,0.5364990234375,0.54437255859375,0.9354182054806377,0.7440944881889764,3880.0,d85aea4f06db0988b6b54faab8eadaef0716528c54518eac18dedd81d654b5b4,0.154201074625477,sensitivity_mnist_z1_h0p048,0.8829211128235328,xfedalign_median,192,0.2593157818020912,0.17342002016900968,/mnt/data/ucpa_results_review/UCPA_Pilot_Study_outputs/outputs/sensitivity_mnist_z1_h0p048/sensitivity_mnist_z1_h0p048__seed6102__20261003-230746__6157b506,0.1420199865452509,clean,6102,0.966,0.7569986979166667
0.22749371272653712,0.539642333984375,0.5589599609375,0.9276615131297082,0.7076923076923077,3880.0,d85aea4f06db0988b6b54faab8eadaef0716528c54518eac18dedd81d654b5b4,0.1665599839174926,sensitivity_mnist_z1_h0p048,0.8894263758838254,cluster,192,0.2715424867048671,0.0779726100586417,/mnt/data/ucpa_results_review/UCPA_Pilot_Study_outputs/outputs/sensitivity_mnist_z1_h0p048/sensitivity_mnist_z1_h0p048__seed6103__20261003-232012__b3a7ff18,0.14420335429276146,clean,6103,0.9635,0.7596435546875
0.17018474425503927,0.539642333984375,0.5589599609375,0.9276615131297082,0.7076923076923077,3880.0,d85aea4f06db0988b6b54faab8eadaef0716528c54518eac18dedd81d654b5b4,0.22008541672383522,sensitivity_mnist_z1_h0p048,0.8599558928084055,fedattr_mean,192,0.0,1.2860936084062536e-17,/mnt/data/ucpa_results_review/UCPA_Pilot_Study_outputs/outputs/sensitivity_mnist_z1_h0p048/sensitivity_mnist_z1_h0p048__seed6103__20261003-232012__b3a7ff18,0.30026119928871947,clean,6103,0.9635,0.49751790364583337
0.27333907562689563,0.539642333984375,0.5589599609375,0.9276615131297082,0.7076923076923077,0.0,d85aea4f06db0988b6b54faab8eadaef0716528c54518eac18dedd81d654b5b4,0.1641173736267471,sensitivity_mnist_z1_h0p048,0.8907147085104953,local,192,0.3624658157658609,0.23804909495070609,/mnt/data/ucpa_results_review/UCPA_Pilot_Study_outputs/outputs/sensitivity_mnist_z1_h0p048/sensitivity_mnist_z1_h0p048__seed6103__20261003-232012__b3a7ff18,0.12698230772774136,clean,6103,0.9635,0.820556640625
0.2733137989068444,0.539642333984375,0.5589599609375,0.9276615131297082,0.7076923076923077,9000.0,d85aea4f06db0988b6b54faab8eadaef0716528c54518eac18dedd81d654b5b4,0.1668617183704555,sensitivity_mnist_z1_h0p048,0.8885009796302863,ucpa,192,0.36242597558547374,4.365490000857089e-06,/mnt/data/ucpa_results_review/UCPA_Pilot_Study_outputs/outputs/sensitivity_mnist_z1_h0p048/sensitivity_mnist_z1_h0p048__seed6103__20261003-232012__b3a7ff18,0.1464245640672796,clean,6103,0.9635,0.7403157552083334
0.26797456473573633,0.539642333984375,0.5589599609375,0.9276615131297082,0.7076923076923077,9000.0,d85aea4f06db0988b6b54faab8eadaef0716528c54518eac18dedd81d654b5b4,0.16718139540716948,sensitivity_mnist_z1_h0p048,0.8886691887300306,ucpa_coord_only,192,0.351531496485276,0.0079618193575323,/mnt/data/ucpa_results_review/UCPA_Pilot_Study_outputs/outputs/sensitivity_mnist_z1_h0p048/sensitivity_mnist_z1_h0p048__seed6103__20261003-232012__b3a7ff18,0.1457934152215148,clean,6103,0.9635,0.7378743489583334
0.272840675358064,0.539642333984375,0.5589599609375,0.9276615131297082,0.7076923076923077,9000.0,d85aea4f06db0988b6b54faab8eadaef0716528c54518eac18dedd81d654b5b4,0.16682527940508105,sensitivity_mnist_z1_h0p048,0.888461530594941,ucpa_whole_only,192,0.3617558238137998,9.921422738268664e-05,/mnt/data/ucpa_results_review/UCPA_Pilot_Study_outputs/outputs/sensitivity_mnist_z1_h0p048/sensitivity_mnist_z1_h0p048__seed6103__20261003-232012__b3a7ff18,0.1463721891983763,clean,6103,0.9635,0.740234375
0.24334716141439167,0.539642333984375,0.5589599609375,0.9276615131297082,0.7076923076923077,3880.0,d85aea4f06db0988b6b54faab8eadaef0716528c54518eac18dedd81d654b5b4,0.1668226969202806,sensitivity_mnist_z1_h0p048,0.8900018639792203,xfedalign_median,192,0.24261579177674017,0.176464763325837,/mnt/data/ucpa_results_review/UCPA_Pilot_Study_outputs/outputs/sensitivity_mnist_z1_h0p048/sensitivity_mnist_z1_h0p048__seed6103__20261003-232012__b3a7ff18,0.1472410990094795,clean,6103,0.9635,0.7507731119791666
0.23150669389811257,0.510589599609375,0.502532958984375,0.9593727460979786,0.9157509157509157,3880.0,d85aea4f06db0988b6b54faab8eadaef0716528c54518eac18dedd81d654b5b4,0.16620611134846208,sensitivity_mnist_z1_h0p048,0.8953336172268678,cluster,192,0.2892210429533392,0.08227066701431074,/mnt/data/ucpa_results_review/UCPA_Pilot_Study_outputs/outputs/sensitivity_mnist_z1_h0p048/sensitivity_mnist_z1_h0p048__seed6101__20261003-225453__899728f7,0.14383708096041573,clean,6101,0.9697,0.7715657552083334
0.17884273612052198,0.510589599609375,0.502532958984375,0.9593727460979786,0.9157509157509157,3880.0,d85aea4f06db0988b6b54faab8eadaef0716528c54518eac18dedd81d654b5b4,0.22315446786860493,sensitivity_mnist_z1_h0p048,0.8597895302860706,fedattr_mean,192,0.0,1.8641364361360352e-17,/mnt/data/ucpa_results_review/UCPA_Pilot_Study_outputs/outputs/sensitivity_mnist_z1_h0p048/sensitivity_mnist_z1_h0p048__seed6101__20261003-225453__899728f7,0.28652734003211133,clean,6101,0.9697,0.525146484375
0.2718797027898493,0.510589599609375,0.502532958984375,0.9593727460979786,0.9157509157509157,0.0,d85aea4f06db0988b6b54faab8eadaef0716528c54518eac18dedd81d654b5b4,0.16511989565715338,sensitivity_mnist_z1_h0p048,0.896656165864897,local,192,0.3812355271666494,0.2448097130515075,/mnt/data/ucpa_results_review/UCPA_Pilot_Study_outputs/outputs/sensitivity_mnist_z1_h0p048/sensitivity_mnist_z1_h0p048__seed6101__20261003-225453__899728f7,0.12840990620319037,clean,6101,0.9697,0.8442789713541667
0.271851420935595,0.510589599609375,0.502532958984375,0.9593727460979786,0.9157509157509157,9000.0,d85aea4f06db0988b6b54faab8eadaef0716528c54518eac18dedd81d654b5b4,0.16774801117304983,sensitivity_mnist_z1_h0p048,0.8938092731604532,ucpa,192,0.3811979716491937,4.1586098767353535e-06,/mnt/data/ucpa_results_review/UCPA_Pilot_Study_outputs/outputs/sensitivity_mnist_z1_h0p048/sensitivity_mnist_z1_h0p048__seed6101__20261003-225453__899728f7,0.14740872074001754,clean,6101,0.9697,0.7530110677083333
0.26539763645205616,0.510589599609375,0.502532958984375,0.9593727460979786,0.9157509157509157,9000.0,d85aea4f06db0988b6b54faab8eadaef0716528c54518eac18dedd81d654b5b4,0.16760635403552443,sensitivity_mnist_z1_h0p048,0.8938292353723984,ucpa_coord_only,192,0.36723193526494824,0.009754989696098823,/mnt/data/ucpa_results_review/UCPA_Pilot_Study_outputs/outputs/sensitivity_mnist_z1_h0p048/sensitivity_mnist_z1_h0p048__seed6101__20261003-225453__899728f7,0.1469346980891431,clean,6101,0.9697,0.7489420572916667
0.27118212070647957,0.510589599609375,0.502532958984375,0.9593727460979786,0.9157509157509157,9000.0,d85aea4f06db0988b6b54faab8eadaef0716528c54518eac18dedd81d654b5b4,0.16762797958260003,sensitivity_mnist_z1_h0p048,0.8938230635487343,ucpa_whole_only,192,0.3802493233166238,0.00016870458250609006,/mnt/data/ucpa_results_review/UCPA_Pilot_Study_outputs/outputs/sensitivity_mnist_z1_h0p048/sensitivity_mnist_z1_h0p048__seed6101__20261003-225453__899728f7,0.147291946706642,clean,6101,0.9697,0.752685546875
0.24412345448197353,0.510589599609375,0.502532958984375,0.9593727460979786,0.9157509157509157,3880.0,d85aea4f06db0988b6b54faab8eadaef0716528c54518eac18dedd81d654b5b4,0.16723436743838344,sensitivity_mnist_z1_h0p048,0.896864229289046,xfedalign_median,192,0.2574461340110358,0.17860086638762804,/mnt/data/ucpa_results_review/UCPA_Pilot_Study_outputs/outputs/sensitivity_mnist_z1_h0p048/sensitivity_mnist_z1_h0p048__seed6101__20261003-225453__899728f7,0.1451671599269203,clean,6101,0.9697,0.7743733723958333
0.2473971773830414,0.538848876953125,0.55340576171875,0.9384811335066237,0.8514851485148515,3880.0,d85aea4f06db0988b6b54faab8eadaef0716528c54518eac18dedd81d654b5b4,0.16569806308762053,sensitivity_mnist_z1_h0p048,0.8946524184769562,cluster,192,0.29090507213411265,0.07982716995565221,/mnt/data/ucpa_results_review/UCPA_Pilot_Study_outputs/outputs/sensitivity_mnist_z1_h0p048/sensitivity_mnist_z1_h0p048__seed6105__20261003-234601__0647ffaa,0.13501364098292745,clean,6105,0.9451,0.7610677083333334
0.1932725765123497,0.538848876953125,0.55340576171875,0.9384811335066237,0.8514851485148515,3880.0,d85aea4f06db0988b6b54faab8eadaef0716528c54518eac18dedd81d654b5b4,0.2244017995565931,sensitivity_mnist_z1_h0p048,0.8602514076616595,fedattr_mean,192,0.0,1.943274198083193e-17,/mnt/data/ucpa_results_review/UCPA_Pilot_Study_outputs/outputs/sensitivity_mnist_z1_h0p048/sensitivity_mnist_z1_h0p048__seed6105__20261003-234601__0647ffaa,0.2784510475915435,clean,6105,0.9451,0.5308024088541667
0.28531102506439754,0.538848876953125,0.55340576171875,0.9384811335066237,0.8514851485148515,0.0,d85aea4f06db0988b6b54faab8eadaef0716528c54518eac18dedd81d654b5b4,0.16217822613980387,sensitivity_mnist_z1_h0p048,0.8953470222089285,local,192,0.3740851387357933,0.23548747934133143,/mnt/data/ucpa_results_review/UCPA_Pilot_Study_outputs/outputs/sensitivity_mnist_z1_h0p048/sensitivity_mnist_z1_h0p048__seed6105__20261003-234601__0647ffaa,0.11741545011293633,clean,6105,0.9451,0.8466796875
0.28526144418020516,0.538848876953125,0.55340576171875,0.9384811335066237,0.8514851485148515,9000.0,d85aea4f06db0988b6b54faab8eadaef0716528c54518eac18dedd81d654b5b4,0.16531326949188951,sensitivity_mnist_z1_h0p048,0.8937732746979842,ucpa,192,0.3739562233227561,1.2378330019045172e-05,/mnt/data/ucpa_results_review/UCPA_Pilot_Study_outputs/outputs/sensitivity_mnist_z1_h0p048/sensitivity_mnist_z1_h0p048__seed6105__20261003-234601__0647ffaa,0.13786445660215627,clean,6105,0.9451,0.7486165364583334
0.2755839957957476,0.538848876953125,0.55340576171875,0.9384811335066237,0.8514851485148515,9000.0,d85aea4f06db0988b6b54faab8eadaef0716528c54518eac18dedd81d654b5b4,0.16509856557507496,sensitivity_mnist_z1_h0p048,0.8940736261671798,ucpa_coord_only,192,0.3517059736817306,0.016932405869281554,/mnt/data/ucpa_results_review/UCPA_Pilot_Study_outputs/outputs/sensitivity_mnist_z1_h0p048/sensitivity_mnist_z1_h0p048__seed6105__20261003-234601__0647ffaa,0.13705096430923752,clean,6105,0.9451,0.7444661458333333
0.2848188360906838,0.538848876953125,0.55340576171875,0.9384811335066237,0.8514851485148515,9000.0,d85aea4f06db0988b6b54faab8eadaef0716528c54518eac18dedd81d654b5b4,0.1652966846129857,sensitivity_mnist_z1_h0p048,0.8937543412592883,ucpa_whole_only,192,0.37327155451554317,0.0001146620792860652,/mnt/data/ucpa_results_review/UCPA_Pilot_Study_outputs/outputs/sensitivity_mnist_z1_h0p048/sensitivity_mnist_z1_h0p048__seed6105__20261003-234601__0647ffaa,0.13777216871773829,clean,6105,0.9451,0.7473551432291666
0.2568090409872961,0.538848876953125,0.55340576171875,0.9384811335066237,0.8514851485148515,3880.0,d85aea4f06db0988b6b54faab8eadaef0716528c54518eac18dedd81d654b5b4,0.16457156105558776,sensitivity_mnist_z1_h0p048,0.8950241332592366,xfedalign_median,192,0.2505725803069279,0.1689621012380503,/mnt/data/ucpa_results_review/UCPA_Pilot_Study_outputs/outputs/sensitivity_mnist_z1_h0p048/sensitivity_mnist_z1_h0p048__seed6105__20261003-234601__0647ffaa,0.1340702395043955,clean,6105,0.9451,0.7716471354166667
0.2323658819084028,0.537445068359375,0.534881591796875,0.9472351753924035,0.8620689655172413,3880.0,d85aea4f06db0988b6b54faab8eadaef0716528c54518eac18dedd81d654b5b4,0.15625240726124806,sensitivity_mnist_z1_h0p048,0.8900961560776826,cluster,192,0.27686952356067773,0.0855011420129877,/mnt/data/ucpa_results_review/UCPA_Pilot_Study_outputs/outputs/sensitivity_mnist_z1_h0p048/sensitivity_mnist_z1_h0p048__seed6104__20261003-233309__30bc06d7,0.13960591152427576,clean,6104,0.9642,0.7683512369791666
0.1773658690435289,0.537445068359375,0.534881591796875,0.9472351753924035,0.8620689655172413,3880.0,d85aea4f06db0988b6b54faab8eadaef0716528c54518eac18dedd81d654b5b4,0.20834920927736678,sensitivity_mnist_z1_h0p048,0.8684441806920707,fedattr_mean,192,0.0,1.8958649106721913e-17,/mnt/data/ucpa_results_review/UCPA_Pilot_Study_outputs/outputs/sensitivity_mnist_z1_h0p048/sensitivity_mnist_z1_h0p048__seed6104__20261003-233309__30bc06d7,0.28447118991455417,clean,6104,0.9642,0.5157470703125
0.2749248718368733,0.537445068359375,0.534881591796875,0.9472351753924035,0.8620689655172413,0.0,d85aea4f06db0988b6b54faab8eadaef0716528c54518eac18dedd81d654b5b4,0.15311643829845706,sensitivity_mnist_z1_h0p048,0.8907495343153036,local,192,0.3784318891574753,0.23685361734429133,/mnt/data/ucpa_results_review/UCPA_Pilot_Study_outputs/outputs/sensitivity_mnist_z1_h0p048/sensitivity_mnist_z1_h0p048__seed6104__20261003-233309__30bc06d7,0.12204801458378269,clean,6104,0.9642,0.8299560546875
0.27486436760700517,0.537445068359375,0.534881591796875,0.9472351753924035,0.8620689655172413,9000.0,d85aea4f06db0988b6b54faab8eadaef0716528c54518eac18dedd81d654b5b4,0.15548340439684882,sensitivity_mnist_z1_h0p048,0.8879407522807015,ucpa,192,0.37832916309487513,1.0573596299752265e-05,/mnt/data/ucpa_results_review/UCPA_Pilot_Study_outputs/outputs/sensitivity_mnist_z1_h0p048/sensitivity_mnist_z1_h0p048__seed6104__20261003-233309__30bc06d7,0.14324933039297227,clean,6104,0.9642,0.7415364583333334
0.264846857731488,0.537445068359375,0.534881591796875,0.9472351753924035,0.8620689655172413,9000.0,d85aea4f06db0988b6b54faab8eadaef0716528c54518eac18dedd81d654b5b4,0.15525506850026433,sensitivity_mnist_z1_h0p048,0.887730152989631,ucpa_coord_only,192,0.3554414179228787,0.017678150432632687,/mnt/data/ucpa_results_review/UCPA_Pilot_Study_outputs/outputs/sensitivity_mnist_z1_h0p048/sensitivity_mnist_z1_h0p048__seed6104__20261003-233309__30bc06d7,0.1425933357527996,clean,6104,0.9642,0.7361246744791666
0.2743239687131958,0.537445068359375,0.534881591796875,0.9472351753924035,0.8620689655172413,9000.0,d85aea4f06db0988b6b54faab8eadaef0716528c54518eac18dedd81d654b5b4,0.15531160154375054,sensitivity_mnist_z1_h0p048,0.8879746256119688,ucpa_whole_only,192,0.3776640759873712,0.00013021657834461263,/mnt/data/ucpa_results_review/UCPA_Pilot_Study_outputs/outputs/sensitivity_mnist_z1_h0p048/sensitivity_mnist_z1_h0p048__seed6104__20261003-233309__30bc06d7,0.14314587943238946,clean,6104,0.9642,0.7418619791666666
0.2439708915903922,0.537445068359375,0.534881591796875,0.9472351753924035,0.8620689655172413,3880.0,d85aea4f06db0988b6b54faab8eadaef0716528c54518eac18dedd81d654b5b4,0.15495861737726954,sensitivity_mnist_z1_h0p048,0.889762547265127,xfedalign_median,192,0.25211915282281844,0.16799399600189452,/mnt/data/ucpa_results_review/UCPA_Pilot_Study_outputs/outputs/sensitivity_mnist_z1_h0p048/sensitivity_mnist_z1_h0p048__seed6104__20261003-233309__30bc06d7,0.1387647338916772,clean,6104,0.9642,0.7666829427083333
